name,x,y,z
G2 2622,-0.862223375706,0.316343659463,-0.395597699063
G2 3191,-0.507002053133,-0.089671075427,-0.857267762342
G2 3642,-0.706841984620,-0.546646344205,-0.448945634955
