name,x,y,z
ZC 11h 3707,-0.49987165,0.01279059,-0.86600504
ZC 12h 2395,-0.50700373,-0.08967446,-0.85726641
