"name";"cst";"SAO";"coord";"wds_name";"last";"obs";"pa";"sep";"m1";"m2";"d_mag";"orb"
"HD 416";"And";"53680";"00 08 52 +37 12 56";"STF 1";"2017";"41";288;9.9;8.91;10.71;1.80;""
"HD 431";"Cep";"4048";"00 09 20 +79 42 52";"STF 2";"2023";"215";14;1.0;6.68;6.89;0.21;"Y"
"V342 And";"And";"36118";"00 10 03 +46 23 25";"STF 3";"2020";"79";82;5.0;7.84;9.08;1.24;""
"HD 531";"Psc";"";"00 09 52 +08 27 11";"STF 4";"2020";"93";276;5.2;9.51;9.60;0.09;""
"34 Psc";"Psc";"91750";"00 10 02 +11 08 45";"STF 5";"2016";"42";159;7.6;5.54;9.44;3.90;""
"";"Psc";"109045";"00 10 17 +04 53 33";"STF 6";"2016";"23";194;21.2;9.68;11.50;1.82;""
"HD 709";"Cas";"21191";"00 11 39 +55 57 41";"STF 7";"2018";"69";210;1.3;7.99;8.46;0.47;""
"HD 717";"Psc";"128631";"00 11 35 -03 04 41";"STF 8";"2020";"65";292;8.0;7.84;9.26;1.42;""
"HD 913";"Cas";"36180";"00 13 44 +49 33 32";"STF 9";"2020";"41";165;20.0;9.34;9.25;0.09;""
"HD 1026";"Cas";"11062";"00 14 49 +62 50 26";"STF 10 AB";"2022";"49";176;17.6;8.04;8.55;0.51;""
"";"Cas";"11062";"00 14 49 +62 50 26";"STF 10 AC";"2015";"11";103;55.4;8.04;11.10;3.06;""
"HD 1007";"Cep";"4069";"00 15 11 +78 01 02";"STF 11";"2020";"30";194;8.0;8.48;10.14;1.66;""
"35 Psc";"Psc";"109087";"00 14 59 +08 49 16";"STF 12";"2019";"175";148;11.2;6.06;7.51;1.45;""
"HD 1141";"Cep";"4071";"00 16 14 +76 57 03";"STF 13";"2023";"208";46;1.0;7.03;7.12;0.09;"Y"
"HD 1154";"Cet";"147186";"00 15 49 -11 59 25";"STF 14";"2016";"26";237;14.5;8.90;10.85;1.95;""
"HD 1153";"Psc";"128668";"00 15 52 -05 36 04";"STF 15";"2020";"36";200;4.7;7.71;9.83;2.12;""
"HD 1210";"Cas";"21263";"00 16 42 +54 39 36";"STF 16";"2020";"45";40;5.8;7.68;8.78;1.10;""
"HD 1202";"And";"73862";"00 16 32 +29 17 37";"STF 17 AB";"2024";"38";29;26.9;8.39;9.83;1.44;""
"";"And";"";"00 16 43 +36 37 47";"STF 19 Aa,Ab";"2015";"2";90;0.4;7.12;"";"";""
"HD 1223";"And";"53772";"00 16 43 +36 37 47";"STF 19 AB";"2021";"75";141;2.4;7.12;9.48;2.36;""
"HD 1309";"Psc";"91819";"00 17 22 +16 30 38";"STF 20 AB";"2020";"49";233;11.9;8.87;9.67;0.80;""
"";"Psc";"";"00 17 21 +02 20 51";"STF 21";"2016";"25";52;7.7;10.31;10.60;0.29;""
"38 Psc";"Psc";"109111";"00 17 24 +08 52 35";"STF 22 AB,C";"2020";"177";235;3.9;7.13;7.66;0.53;""
"";"Psc";"109111";"00 17 24 +08 52 35";"STF 22 AB,D";"2016";"11";152;66.9;7.13;11.50;4.37;""
"HD 1329";"Psc";"109113";"00 17 29 +00 19 16";"STF 23 AB";"2020";"132";216;10.7;7.88;10.28;2.40;""
"";"Psc";"109113";"00 17 29 +00 19 16";"STF 23 AC";"2015";"13";274;99.2;7.88;12.44;4.56;""
"HD 1429";"And";"73883";"00 18 31 +26 08 25";"STF 24";"2020";"91";247;5.2;7.79;8.44;0.65;""
"HD 1450";"Psc";"91839";"00 18 43 +15 59 26";"STF 25 AB";"2016";"62";195;1.0;9.31;9.55;0.24;""
"";"Psc";"91839";"00 18 43 +15 59 26";"STF 25 AB,C";"2016";"7";202;171.6;8.97;13.17;4.20;""
"";"Cep";"11128";"00 21 22 +67 00 20";"STF 26 AB,C";"2020";"42";115;13.1;7.54;9.92;2.38;""
"42 Psc";"Psc";"91866";"00 22 25 +13 28 57";"STF 27";"2019";"52";315;28.9;6.38;11.25;4.87;""
"HD 1941";"And";"73956";"00 23 53 +29 30 09";"STF 28 AB";"2020";"42";224;33.0;8.32;8.55;0.23;""
"HD 2094";"And";"53878";"00 25 19 +32 30 13";"STF 29";"2020";"36";167;5.3;9.44;9.81;0.37;""
"HD 2301";"Cas";"36374";"00 27 12 +49 59 09";"STF 30 AB";"2024";"93";316;13.0;6.96;8.92;1.96;""
"";"Cas";"36374";"00 27 12 +49 59 09";"STF 30 AC";"2024";"4";98;63.7;6.96;12.13;5.17;""
"";"Cas";"36374";"00 27 12 +49 59 09";"STF 30 AE";"2024";"5";324;173.1;6.96;13.70;6.74;""
"";"And";"36407";"00 28 54 +41 25 19";"STF 31";"2020";"23";56;5.9;9.90;10.50;0.60;""
"49 Psc";"Psc";"91934";"00 30 47 +16 02 15";"STF 32";"2015";"47";100;28.0;6.84;10.64;3.80;""
"HD 2731";"And";"53949";"00 30 58 +34 05 54";"STF 33";"2020";"84";213;2.8;8.83;8.91;0.08;""
"HD 2770";"Cep";"4138";"00 32 44 +78 06 42";"STF 34";"2020";"45";339;5.8;9.61;9.71;0.10;""
"HD 2817";"Cet";"166332";"00 31 37 -02 02 21";"STF 35";"2016";"37";266;8.8;10.50;10.87;0.37;""
"51 Psc";"Psc";"109262";"00 32 24 +06 57 20";"STF 36 AB";"2018";"72";84;27.0;5.68;9.52;3.84;""
"";"Psc";"109262";"00 32 24 +06 57 20";"STF 36 AC";"2011";"16";226;174.0;5.68;9.94;4.26;""
"";"Psc";"91951";"00 32 22 +15 39 17";"STF 37";"2018";"26";246;6.9;10.55;10.74;0.19;""
"HD 3163";"Cas";"21539";"00 35 27 +58 40 43";"STF 38";"2024";"51";144;17.0;8.66;8.97;0.31;""
"HD 3125";"Cet";"128831";"00 34 30 -04 32 48";"STF 39 AB,C";"2018";"60";45;20.1;7.10;8.65;1.55;""
"HD 3165";"And";"53999";"00 35 10 +36 49 56";"STF 40 AB";"2018";"67";312;11.8;6.72;8.48;1.76;""
"";"And";"53999";"00 35 10 +36 49 56";"STF 40 AC";"2015";"4";121;25.4;6.72;12.80;6.08;""
"";"And";"53997";"00 35 05 +39 10 05";"STF 41 AB";"2016";"22";189;15.7;8.60;11.16;2.56;""
"HD 3266";"And";"74132";"00 36 02 +29 59 34";"STF 42 AB";"2024";"154";20;6.3;8.39;9.05;0.66;"Y"
"";"And";"74132";"00 36 02 +29 59 34";"STF 42 AC";"2024";"40";293;39.0;8.39;11.55;3.16;""
"";"And";"";"00 36 03 +29 59 41";"STF 42 BC";"2016";"12";279;37.6;9.05;11.55;2.50;""
"HD 236479";"Cas";"11298";"00 36 49 +60 30 56";"STF 43";"2020";"31";168;4.7;9.00;9.45;0.45;""
"";"And";"36537";"00 38 26 +40 59 09";"STF 44";"2024";"87";275;13.1;9.16;9.88;0.72;""
"HD 3531";"Cas";"36542";"00 38 42 +46 57 25";"STF 45 AB";"2015";"36";91;19.1;6.85;10.06;3.21;""
"55 Psc";"Psc";"74182";"00 39 56 +21 26 19";"STF 46";"2023";"110";195;6.8;5.56;8.49;2.93;""
"HD 3743";"And";"74185";"00 40 20 +24 03 14";"STF 47 AB";"2020";"68";206;16.2;7.25;8.82;1.57;""
"HD 3891";"Cas";"4191";"00 42 40 +71 21 57";"STF 48 AB";"2024";"74";333;5.4;7.80;8.05;0.25;""
"HD 3821";"Cet";"128892";"00 40 47 -07 13 58";"STF 49";"2017";"51";320;8.6;7.12;9.98;2.86;""
"HD 4012";"Cas";"4201";"00 44 22 +77 12 36";"STF 50";"2024";"31";97;22.8;8.01;10.62;2.61;""
"HD 4107";"Psc";"92052";"00 43 33 +17 21 21";"STF 51";"2016";"47";125;3.6;8.33;10.40;2.07;""
"V355 And";"And";"36611";"00 44 11 +46 14 08";"STF 52";"2020";"61";2;1.4;7.87;8.95;1.08;""
"";"Cet";"128919";"00 43 25 -00 53 41";"STF 53 Aa,Ab";"2023";"1";337;1.3;8.80;14.20;5.40;""
"HD 4096";"Cet";"";"00 43 25 -00 53 41";"STF 53 AB";"2015";"29";4;51.7;9.31;10.70;1.39;""
"";"And";"54117";"00 44 23 +33 32 11";"STF 54";"2016";"26";189;18.7;9.84;10.99;1.15;""
"HD 4163";"And";"54116";"00 44 23 +33 37 06";"STF 55";"2020";"64";332;2.2;8.33;8.89;0.56;""
"";"Cas";"";"00 47 31 +72 37 32";"STF 57";"2016";"15";198;6.3;10.54;10.90;0.36;""
"";"Psc";"92064";"00 45 20 +10 18 45";"STF 58";"2015";"19";170;46.1;9.18;10.63;1.45;""
"HD 4536";"Cas";"21716";"00 47 59 +51 26 41";"STF 59 AB";"2020";"108";149;2.3;7.24;8.06;0.82;""
"";"Cas";"21716";"00 47 59 +51 26 41";"STF 59 AC";"2015";"8";124;31.5;7.24;12.49;5.25;""
"";"Cas";"21732";"00 49 06 +57 48 55";"STF 60 Aa,Ab";"2015";"2";134;5.1;3.52;"";"";""
"Achird";"Cas";"21732";"00 49 06 +57 48 55";"STF 60 AB";"2023";"1087";328;13.5;3.52;7.36;3.84;"Y"
"";"Cas";"21732";"00 49 06 +57 48 55";"STF 60 AC";"2000";"4";260;225.0;3.52;11.40;7.88;""
"";"Cas";"21732";"00 49 06 +57 48 55";"STF 60 AD";"2011";"7";354;189.4;3.52;12.80;9.28;""
"";"Cas";"21732";"00 49 06 +57 48 55";"STF 60 AE";"2023";"25";126;66.0;3.52;10.15;6.63;""
"";"Cas";"21732";"00 49 06 +57 48 55";"STF 60 AF";"2000";"3";276;378.3;3.52;11.53;8.01;""
"";"Cas";"21732";"00 49 06 +57 48 55";"STF 60 AG";"2012";"19";259;419.7;3.52;9.53;6.01;""
"";"Cas";"21732";"00 49 06 +57 48 55";"STF 60 AH";"2012";"4";355;701.1;3.52;8.41;4.89;""
"";"Cas";"21732";"00 49 05 +57 49 04";"STF 60 BC";"2016";"5";259;235.4;7.36;11.40;4.04;""
"";"Cas";"21732";"00 49 05 +57 49 04";"STF 60 BD";"2000";"1";1;172.2;7.36;12.80;5.44;""
"";"Cas";"21732";"00 49 05 +57 49 04";"STF 60 BE";"2020";"4";126;105.5;7.36;10.15;2.79;""
"";"Cas";"21732";"00 49 05 +57 49 04";"STF 60 BF";"2016";"3";275;388.1;7.36;11.53;4.17;""
"";"Cas";"21730";"00 49 05 +57 49 04";"STF 60 BG";"2016";"3";256;420.0;7.36;9.53;2.17;""
"";"Cas";"21732";"00 49 05 +57 49 04";"STF 60 BH";"2020";"5";355;688.4;7.36;8.41;1.05;""
"";"Cas";"21730";"00 48 19 +57 49 34";"STF 60 FG";"2015";"10";188;142.2;11.53;9.53;2.00;""
"65 Psc";"Psc";"74295";"00 49 53 +27 42 39";"STF 61";"2023";"277";116;4.2;6.33;6.34;0.01;""
"HD 4789";"And";"54184";"00 50 17 +35 48 09";"STF 62";"2020";"41";303;11.9;9.41;9.84;0.43;""
"";"Psc";"92108";"00 50 12 +11 49 48";"STF 63 AB";"2015";"53";250;33.1;9.03;11.41;2.38;""
"";"And";"36713";"00 51 10 +41 11 52";"STF 64";"2020";"34";273;3.7;9.89;10.12;0.23;""
"HD 4947";"Cas";"11440";"00 52 46 +68 51 59";"STF 65";"2020";"88";220;3.2;8.00;8.02;0.02;""
"HD 4936";"Psc";"92126";"00 52 08 +10 36 04";"STF 67";"2021";"116";349;2.3;8.98;9.56;0.58;"Y"
"HD 4987";"Cet";"128997";"00 51 50 -08 09 57";"STF 68 AB,C";"2017";"24";295;7.8;8.31;9.91;1.60;""
"";"Cep";"158";"00 59 28 +83 40 59";"STF 69 AB";"2015";"42";33;28.8;9.54;10.59;1.05;""
"HD 5128";"Cas";"21814";"00 53 48 +52 41 22";"STF 70 AB";"2016";"35";247;8.3;6.33;9.49;3.16;""
"";"Cas";"21814";"00 53 48 +52 41 22";"STF 70 AC";"2015";"14";154;73.2;6.33;11.04;4.71;""
"";"Cas";"";"00 53 51 +52 40 16";"STF 70 CD";"2016";"5";86;1.6;11.04;11.40;0.36;""
"HD 5130";"Psc";"109521";"00 53 19 +05 00 18";"STF 71";"2016";"38";339;8.9;9.30;10.56;1.26;""
"HD 5245";"And";"54254";"00 54 38 +39 10 10";"STF 72";"2024";"42";173;23.6;8.38;9.31;0.93;""
"";"And";"74359";"00 54 58 +23 37 42";"STF 73 AB";"2024";"747";340;1.2;6.12;6.54;0.42;"Y"
"HD 5280";"Psc";"109530";"00 54 45 +09 25 44";"STF 74";"2020";"53";300;3.1;8.57;9.60;1.03;""
"";"Psc";"92152";"00 55 08 +13 32 58";"STF 75";"2016";"32";273;5.2;9.60;11.27;1.67;""
"HD 5464";"Psc";"92166";"00 56 36 +10 40 25";"STF 76";"2015";"23";199;3.0;9.10;11.80;2.70;""
"";"Psc";"";"00 58 07 +26 55 22";"STF 77";"2020";"34";119;10.4;10.35;10.45;0.10;""
"";"Psc";"";"00 59 05 +05 22 55";"STF 78";"2016";"34";244;5.0;10.25;10.47;0.22;""
"164 And";"And";"36833";"01 00 04 +44 42 48";"STF 79";"2024";"139";194;7.9;6.04;6.77;0.73;"Y"
"HD 5780";"Cet";"109577";"00 59 23 +00 46 44";"STF 80 AB";"2018";"148";339;29.9;7.82;9.05;1.23;""
"HD 5861";"Cet";"129072";"01 00 04 -02 01 08";"STF 81";"2016";"19";68;18.0;7.41;11.10;3.69;""
"HD 5901";"Psc";"109596";"01 00 42 +09 29 13";"STF 82 AB";"2018";"51";304;1.9;8.78;9.71;0.93;""
"HD 6174";"Cas";"21958";"01 03 30 +50 18 45";"STF 83 AB";"2015";"25";313;29.2;7.88;11.16;3.28;""
"26 Cet";"Cet";"109643";"01 03 49 +01 22 01";"STF 84 AB";"2024";"74";254;15.9;6.11;9.52;3.41;""
"HD 6349";"Cet";"129105";"01 04 24 -05 18 10";"STF 85 AB";"2017";"25";159;37.0;8.71;10.57;1.86;""
"";"Cet";"129105";"01 04 24 -05 18 10";"STF 85 AC";"2017";"17";122;38.1;8.71;12.09;3.38;""
"";"Cet";"";"01 04 25 -05 18 43";"STF 85 BC";"2017";"18";53;23.3;10.57;12.09;1.52;""
"HD 6388";"Cet";"129110";"01 04 47 -05 28 07";"STF 86 AB";"2018";"119";137;16.9;8.80;9.20;0.40;""
"HD 6440";"Psc";"92237";"01 05 30 +15 23 24";"STF 87 AB";"2021";"126";203;6.0;9.24;9.93;0.69;""
"Psi1 Psc";"Psc";"74482";"01 05 41 +21 28 24";"STF 88 AB";"2021";"168";159;29.8;5.27;5.45;0.18;""
"";"Psc";"74482";"01 05 41 +21 28 24";"STF 88 AC";"2017";"15";124;90.4;5.27;10.71;5.44;""
"";"Psc";"74483";"01 05 42 +21 27 56";"STF 88 BC";"2017";"18";109;68.5;5.45;10.71;5.26;""
"";"Cep";"190";"01 10 41 +80 20 37";"STF 89";"2016";"24";320;16.9;9.72;10.02;0.30;""
"77 Psc";"Psc";"109666";"01 05 49 +04 54 31";"STF 90 AB";"2021";"116";84;33.1;6.39;7.26;0.87;""
"";"Psc";"109666";"01 05 49 +04 54 31";"STF 90 AC";"2015";"8";290;157.6;6.39;13.15;6.76;""
"";"Psc";"109666";"01 05 49 +04 54 31";"STF 90 AD";"2015";"6";323;42.0;6.39;14.60;8.21;""
"";"Psc";"109666";"01 05 49 +04 54 31";"STF 90 AE";"2015";"6";352;90.4;6.39;14.39;8.00;""
"HD 6651";"Cet";"129129";"01 07 11 -01 43 56";"STF 91";"2018";"174";314;4.3;7.43;8.56;1.13;""
"Polaris";"UMi";"308";"02 31 49 +89 15 51";"STF 93 AB";"2016";"65";236;18.4;2.04;9.10;7.06;""
"";"UMi";"308";"02 31 49 +89 15 51";"STF 93 AC";"2016";"7";103;39.0;2.04;13.80;11.76;""
"";"UMi";"308";"02 31 49 +89 15 51";"STF 93 AD";"2016";"8";194;83.2;2.04;14.30;12.26;""
"";"UMi";"305";"02 30 43 +89 15 39";"STF 93 BC";"2015";"4";83;53.1;8.60;13.80;5.20;""
"";"UMi";"305";"02 30 43 +89 15 39";"STF 93 BD";"2016";"4";179;69.3;8.60;13.90;5.30;""
"HD 6965";"Psc";"92290";"01 10 20 +16 35 31";"STF 94 AC";"2016";"36";281;20.5;10.16;10.17;0.01;""
"";"Cet";"129156";"01 10 29 -04 57 46";"STF 95";"2021";"22";311;13.9;9.58;10.53;0.95;""
"HD 7102";"Cas";"11631";"01 12 41 +65 00 33";"STF 96";"2020";"34";287;0.9;7.92;8.92;1.00;""
"HD 7114";"Cas";"22086";"01 12 19 +51 31 30";"STF 97";"2024";"41";102;4.5;8.69;9.13;0.44;""
"HD 7215";"Psc";"54514";"01 12 53 +32 04 32";"STF 98 AB";"2023";"57";249;19.6;7.02;8.14;1.12;""
"Phi Psc";"Psc";"74571";"01 13 45 +24 35 02";"STF 99 AB";"2020";"41";227;7.5;4.65;9.11;4.46;""
"";"Psc";"74571";"01 13 45 +24 35 02";"STF 99 AC";"2015";"9";173;142.4;4.65;12.74;8.09;""
"Revati";"Psc";"109739";"01 13 44 +07 34 32";"STF 100 AB";"2021";"337";63;22.8;5.22;6.26;1.04;""
"HD 7385";"Cet";"129188";"01 13 55 -07 37 21";"STF 101";"2015";"40";347;20.9;7.65;10.30;2.65;""
"";"And";"37087";"01 17 48 +49 00 30";"STF 102 AB";"2016";"85";269;0.5;7.31;9.18;1.87;""
"HD 7710";"And";"37087";"01 17 48 +49 00 30";"STF 102 AB,C";"2016";"51";223;10.2;7.19;8.79;1.60;""
"";"And";"37087";"01 17 48 +49 00 30";"STF 102 AB,D";"2016";"30";58;23.6;7.19;10.75;3.56;""
"";"And";"";"01 17 47 +49 00 23";"STF 102 CD";"2015";"13";54;33.5;8.79;10.75;1.96;""
"";"And";"";"01 17 50 +49 00 43";"STF 102 DE";"2015";"11";356;98.5;10.75;10.15;0.60;""
"HD 7687";"Cet";"129207";"01 16 42 -01 15 41";"STF 103";"2016";"20";246;5.6;8.60;11.15;2.55;""
"HD 7639";"And";"54576";"01 16 57 +38 27 39";"STF 104";"2020";"34";322;13.3;8.03;9.83;1.80;""
"HD 7757";"Cas";"11687";"01 18 58 +66 09 28";"STF 105 AB";"2020";"29";184;3.0;8.83;9.77;0.94;""
"";"Cas";"11687";"01 18 58 +66 09 28";"STF 105 AC";"2016";"6";209;213.4;8.83;11.52;2.69;""
"HD 7651";"Cet";"129202";"01 16 17 -07 08 56";"STF 106";"2020";"45";306;4.6;9.78;9.90;0.12;""
"HD 7745";"Psc";"74611";"01 17 28 +21 05 07";"STF 107";"2019";"25";69;21.1;8.82;10.69;1.87;""
"HD 7853";"And";"54592";"01 18 47 +37 23 11";"STF 108";"2017";"28";62;6.4;6.52;9.57;3.05;""
"";"Cas";"";"01 20 04 +63 53 08";"STF 109 AB";"2024";"26";9;7.2;9.86;10.54;0.68;""
"HD 7814";"Cet";"147724";"01 17 43 -12 20 42";"STF 110";"2024";"56";353;7.6;8.76;9.18;0.42;""
"";"Cet";"129218";"01 18 00 -04 20 10";"STF 111";"2019";"22";330;20.8;9.44;10.56;1.12;""
"HD 8044";"And";"37136";"01 20 44 +46 20 18";"STF 112 AB";"2024";"73";337;18.8;8.88;9.44;0.56;""
"";"And";"37135";"01 20 43 +46 20 36";"STF 112 BC";"2016";"8";189;4.7;9.44;12.00;2.56;""
"42 Cet";"Cet";"129235";"01 19 48 -00 30 32";"STF 113 A,BC";"2023";"338";21;1.6;6.45;6.99;0.54;"Y"
"HD 8226";"Cas";"4393";"01 24 08 +72 50 50";"STF 114";"2016";"22";356;3.7;7.23;9.74;2.51;""
"";"Cas";"22230";"01 23 21 +58 08 36";"STF 115 AB";"2022";"113";156;0.5;7.10;7.30;0.20;"Y"
"";"Cas";"22230";"01 23 21 +58 08 36";"STF 115 AB,C";"2016";"10";286;61.0;6.40;13.09;6.69;""
"HD 8272";"Cas";"22230";"01 23 21 +58 08 36";"STF 115 AB,D";"2016";"11";187;239.7;6.40;10.99;4.59;""
"HD 8267";"Psc";"92397";"01 22 13 +14 20 26";"STF 116";"2015";"11";110;20.2;8.16;11.80;3.64;""
"";"Cas";"11751";"01 25 59 +68 07 36";"STF 117 CD";"2021";"47";253;2.9;9.18;10.00;0.82;""
"";"Cep";"249";"01 35 09 +83 21 13";"STF 118";"2015";"70";94;15.5;9.17;10.22;1.05;""
"";"Psc";"109868";"01 24 30 +05 11 40";"STF 119";"2020";"23";149;13.7;10.12;12.30;2.18;""
"HD 8627";"Cet";"129283";"01 25 01 -05 56 47";"STF 120";"2020";"29";278;7.4;6.83;10.00;3.17;""
"";"Cas";"11766";"01 27 37 +64 28 31";"STF 121 AB";"2024";"47";267;11.8;9.53;10.22;0.69;""
"HD 8803";"Psc";"109895";"01 26 54 +03 32 08";"STF 122";"2020";"91";329;6.0;6.65;9.51;2.86;""
"HD 8845";"Cas";"22303";"01 28 20 +53 28 39";"STF 123 AB";"2024";"26";162;16.6;9.28;9.55;0.27;""
"";"Cas";"22303";"01 28 20 +53 28 39";"STF 123 AC";"2018";"12";179;53.4;9.28;11.04;1.76;""
"";"Cas";"22304";"01 28 20 +53 28 23";"STF 123 BC";"2018";"15";186;37.9;9.55;11.04;1.49;""
"";"Cas";"";"01 28 20 +53 27 45";"STF 123 CD";"2018";"15";75;8.7;11.04;12.20;1.16;""
"HD 8766";"Cet";"147808";"01 26 17 -13 53 37";"STF 124";"2016";"23";233;7.2;8.41;9.61;1.20;""
"";"Cet";"";"01 27 02 -00 09 27";"STF 125 AB";"2015";"58";330;90.4;8.02;10.53;2.51;""
"";"Psc";"74745";"01 29 17 +25 01 27";"STF 126 AB";"2015";"18";211;41.8;8.77;10.33;1.56;""
"";"Psc";"";"01 29 15 +25 00 51";"STF 126 BC";"2015";"14";246;21.4;10.33;12.73;2.40;""
"HD 9341";"Cep";"4440";"01 36 26 +79 09 17";"STF 127";"2015";"29";190;23.4;8.75;9.96;1.21;""
"HD 9145";"Cas";"11798";"01 31 41 +61 02 34";"STF 128";"2024";"19";310;10.9;8.10;10.41;2.31;""
"HD 9148";"Psc";"92468";"01 30 17 +12 38 58";"STF 129";"2020";"50";282;8.9;9.71;10.25;0.54;""
"HD 9382";"Cas";"11835";"01 34 46 +69 54 02";"STF 130";"2020";"34";187;7.4;9.02;10.40;1.38;""
"HD 9311";"Cas";"11822";"01 33 14 +60 41 11";"STF 131 AB";"2024";"37";143;14.1;7.30;9.90;2.60;""
"";"Cas";"11822";"01 33 14 +60 41 11";"STF 131 AC";"2021";"15";145;28.3;7.28;11.80;4.52;""
"";"Cas";"";"01 33 15 +60 41 00";"STF 131 BC";"2018";"16";148;14.2;9.90;11.80;1.90;""
"HD 9312";"Psc";"92492";"01 32 03 +16 56 50";"STF 132 AB";"2015";"59";342;63.8;6.88;10.61;3.73;""
"";"Psc";"92492";"01 32 03 +16 56 50";"STF 132 AC";"2015";"24";249;67.7;6.89;11.59;4.70;""
"";"Psc";"92492";"01 32 03 +16 56 50";"STF 132 AD";"2016";"18";109;114.3;6.88;11.44;4.56;""
"";"Psc";"92492";"01 32 03 +16 56 50";"STF 132 AE";"2016";"4";307;11.0;6.88;14.10;7.22;""
"";"Psc";"";"01 32 11 +16 56 11";"STF 132 DF";"2017";"15";289;5.2;11.44;12.60;1.16;""
"HD 9370";"And";"54771";"01 32 48 +35 50 34";"STF 133 AB";"2020";"44";191;3.0;6.79;9.44;2.65;""
"";"And";"54771";"01 32 48 +35 50 34";"STF 133 AC";"2024";"31";191;17.5;6.79;10.49;3.70;""
"";"And";"54771";"01 32 48 +35 50 34";"STF 133 AD";"2024";"30";186;22.5;6.79;10.68;3.89;""
"";"And";"54772";"01 32 47 +35 50 15";"STF 133 CD";"2024";"45";168;4.4;10.49;10.68;0.19;""
"";"And";"37316";"01 34 11 +47 59 56";"STF 134";"2016";"11";354;11.3;9.85;11.50;1.65;""
"HD 9532";"And";"54786";"01 34 12 +36 11 25";"STF 135 AB,C";"2021";"25";258;8.2;8.07;10.48;2.41;""
"";"And";"54786";"01 34 12 +36 11 25";"STF 135 AB,D";"2021";"16";50;51.0;8.07;10.62;2.55;""
"100 Psc";"Psc";"92521";"01 34 52 +12 33 31";"STF 136 AB";"2020";"105";77;15.6;7.33;8.33;1.00;""
"";"Psc";"92521";"01 34 52 +12 33 31";"STF 136 AC";"2015";"9";312;77.1;7.33;13.60;6.27;""
"";"Psc";"92521";"01 34 52 +12 33 31";"STF 136 AD";"2015";"14";7;124.2;7.33;11.57;4.24;""
"HD 9686";"Tri";"54810";"01 35 29 +31 17 17";"STF 137";"2018";"40";85;3.4;8.85;9.60;0.75;""
"HD 9817";"Psc";"110001";"01 36 03 +07 38 43";"STF 138 AB";"2020";"313";61;1.7;7.50;7.63;0.13;""
"";"Psc";"110001";"01 36 03 +07 38 43";"STF 138 AC";"2015";"5";80;29.6;7.50;15.10;7.60;""
"";"Psc";"110001";"01 36 03 +07 38 43";"STF 138 AD";"2015";"18";74;77.6;7.50;10.06;2.56;""
"HD 232490";"Per";"22476";"01 39 19 +52 57 13";"STF 139 AB";"2020";"57";39;9.2;9.89;10.27;0.38;""
"";"Per";"22476";"01 39 19 +52 57 13";"STF 139 AC";"2015";"26";85;114.6;9.89;10.85;0.96;""
"";"Per";"22475";"01 39 20 +52 57 20";"STF 139 BC";"2015";"11";88;108.3;10.85;10.27;0.58;""
"";"And";"37402";"01 39 02 +41 04 03";"STF 140 AB";"2016";"30";176;3.5;9.28;10.01;0.73;""
"";"And";"37402";"01 39 02 +41 04 03";"STF 140 AC";"2016";"9";320;196.4;8.92;9.99;1.07;""
"HD 10156";"And";"54884";"01 40 03 +38 58 11";"STF 141";"2020";"64";304;1.7;8.28;8.61;0.33;""
"HD 10182";"Psc";"92560";"01 39 55 +15 15 24";"STF 142 AB";"2019";"103";69;23.5;8.89;9.23;0.34;""
"";"Psc";"92560";"01 39 55 +15 15 24";"STF 142 AC";"2015";"14";182;101.0;8.89;12.82;3.93;""
"HD 10206";"Tri";"54892";"01 40 26 +34 20 20";"STF 143 AB";"2015";"47";319;46.5;8.16;9.97;1.81;""
"";"Cet";"";"01 40 24 -00 03 12";"STF 144";"2016";"22";293;15.7;9.45;11.90;2.45;""
"HD 10308";"Psc";"74870";"01 41 18 +25 44 45";"STF 145 AB";"2015";"30";31;10.3;6.25;10.90;4.65;""
"";"Psc";"74870";"01 41 18 +25 44 45";"STF 145 AC";"2015";"13";337;85.1;6.25;11.20;4.95;""
"HD 10351";"Psc";"110059";"01 41 19 +10 06 50";"STF 146";"2016";"52";307;24.3;8.87;9.04;0.17;""
"HD 10453";"Cet";"147962";"01 41 45 -11 19 29";"STF 147";"2022";"174";44;0.1;6.14;7.17;1.03;"Y"
"HD 10663";"Cas";"11966";"01 46 05 +63 48 56";"STF 148";"2012";"39";59;0.2;9.00;9.60;0.60;"Y"
"HD 10629";"And";"54946";"01 44 31 +39 57 31";"STF 149";"2018";"47";81;1.4;8.15;9.30;1.15;""
"HD 10606";"Cet";"129472";"01 43 22 -07 04 37";"STF 150";"2015";"38";196;35.7;7.73;8.19;0.46;""
"";"Cas";"";"01 45 59 +61 12 46";"STF 151";"2016";"22";38;7.2;10.59;10.98;0.39;""
"HD 10663";"Cas";"11968";"01 46 05 +61 13 42";"STF 152";"2015";"22";106;9.4;9.04;11.20;2.16;""
"";"Cas";"11974";"01 46 35 +61 15 45";"STF 153";"2020";"28";69;7.8;9.36;10.38;1.02;""
"HD 10673";"And";"37481";"01 45 02 +43 42 23";"STF 154";"2020";"46";127;5.2;8.56;8.78;0.22;""
"HD 10668";"Psc";"110099";"01 44 15 +09 29 03";"STF 155 AB";"2023";"130";312;5.0;7.87;8.01;0.14;""
"HD 10871";"Cas";"11990";"01 48 29 +60 26 32";"STF 156";"2016";"21";101;6.0;8.43;11.10;2.67;""
"";"And";"54970";"01 46 44 +38 55 40";"STF 157 AC";"2020";"44";115;12.4;9.56;10.06;0.50;""
"";"And";"54970";"01 46 44 +38 55 40";"STF 157 AD";"2016";"14";281;55.9;9.56;11.27;1.71;""
"HD 10828";"Tri";"54973";"01 46 44 +33 09 46";"STF 158 AB";"2022";"131";272;2.2;8.96;9.40;0.44;"Y"
"";"Ari";"92629";"01 47 25 +17 22 01";"STF 159";"2016";"15";295;31.1;9.25;12.04;2.79;""
"";"Cet";"";"01 46 25 -02 23 52";"STF 160 AB";"2016";"26";270;9.9;10.78;11.50;0.72;""
"";"Cet";"";"01 46 25 -02 23 52";"STF 160 AC";"2015";"9";164;173.6;10.78;11.69;0.91;""
"";"Cet";"";"01 46 28 -02 26 40";"STF 160 CD";"2015";"10";245;31.1;11.69;12.93;1.24;""
"";"Tri";"74936";"01 47 43 +28 29 14";"STF 161";"2015";"20";212;24.1;8.57;10.24;1.67;""
"HD 11031";"Per";"37536";"01 49 15 +47 53 47";"STF 162 AB";"2020";"181";197;2.0;6.47;7.22;0.75;""
"";"Per";"37536";"01 49 15 +47 53 47";"STF 162 AC";"2020";"65";178;20.7;6.47;9.24;2.77;""
"";"Per";"37536";"01 49 15 +47 53 47";"STF 162 AD";"2016";"12";96;138.8;6.47;10.01;3.54;""
"";"Per";"37536";"01 49 15 +47 53 47";"STF 162 BC";"2018";"11";177;19.2;7.22;9.24;2.02;""
"HD 11092";"Cas";"12006";"01 51 17 +64 51 18";"STF 163 AB";"2018";"52";37;34.5;6.80;9.13;2.33;""
"";"Cas";"12006";"01 51 17 +64 51 18";"STF 163 AC";"2015";"11";255;114.3;6.80;10.74;3.94;""
"HD 11047";"Tri";"54999";"01 49 11 +34 03 36";"STF 164";"2016";"45";95;9.8;9.59;10.00;0.41;""
"";"Ari";"74944";"01 48 31 +20 18 20";"STF 165";"2015";"12";339;18.9;10.90;13.40;2.50;""
"HD 10983";"Cet";"129506";"01 47 53 -03 20 11";"STF 166";"2018";"18";1;7.7;9.29;11.00;1.71;""
"HD 11161";"Cas";"12013";"01 52 11 +66 26 56";"STF 167";"2015";"21";313;32.1;9.11;11.67;2.56;""
"HD 11212";"Cas";"";"01 52 33 +66 44 11";"STF 168";"2015";"11";224;1.8;9.59;11.38;1.79;""
"V776 Cas";"Cas";"";"01 53 23 +70 02 34";"STF 169";"2020";"26";138;5.5;9.08;10.64;1.56;""
"HD 11316";"Cas";"4512";"01 55 27 +76 13 28";"STF 170";"2016";"68";243;3.2;7.49;8.24;0.75;""
"HD 11072";"Cet";"129513";"01 48 46 -01 25 33";"STF 171 AB";"2019";"56";165;34.5;9.61;9.74;0.13;""
"HD 11004";"Tri";"74962";"01 50 02 +27 06 14";"STF 172";"2015";"21";194;17.8;10.24;10.39;0.15;""
"1 Ari";"Ari";"92654";"01 50 05 +14 21 04";"STF 173";"2020";"25";205;22.4;8.62;10.82;2.20;""
"1 Ari";"Ari";"74966";"01 50 09 +22 16 30";"STF 174";"2018";"180";164;2.9;6.33;7.21;0.88;""
"HD 11256";"Ari";"74981";"01 51 02 +21 06 56";"STF 175 AB";"2019";"100";0;28.6;8.99;9.36;0.37;""
"";"Ari";"74979";"01 51 02 +21 07 22";"STF 175 BC";"2015";"8";38;158.1;9.36;13.16;3.80;""
"";"Tri";"74955";"01 49 32 +28 41 35";"STF 176";"2016";"18";331;23.8;8.72;10.51;1.79;""
"";"Psc";"";"01 53 06 +04 58 48";"STF 177";"2015";"35";121;30.8;10.15;10.65;0.50;""
"HD 11386";"Ari";"92669";"01 52 03 +10 48 38";"STF 178";"2018";"136";205;3.0;8.22;8.20;0.02;""
"HD 11430";"And";"55058";"01 53 11 +37 19 16";"STF 179";"2018";"74";160;3.5;7.59;8.14;0.55;""
"Mesarthim";"Ari";"92681";"01 53 32 +19 17 39";"STF 180 AB";"2024";"405";1;7.3;4.52;4.58;0.06;""
"";"Ari";"92681";"01 53 32 +19 17 39";"STF 180 AC";"2015";"19";81;214.9;4.52;8.63;4.11;""
"";"Ari";"92680";"01 53 32 +19 17 46";"STF 180 BC";"2015";"11";83;214.0;4.58;8.63;4.05;""
"";"And";"55076";"01 54 40 +38 11 46";"STF 181 AB";"2024";"22";125;27.0;8.99;10.52;1.53;""
"";"And";"55076";"01 54 40 +38 11 46";"STF 181 AD";"2024";"8";281;27.1;8.99;12.10;3.11;""
"";"And";"";"01 54 42 +38 11 30";"STF 181 BC";"2024";"12";86;35.6;10.52;13.02;2.50;""
"HD 11669";"Cas";"12046";"01 56 24 +61 16 52";"STF 182 AB";"2020";"62";125;3.6;8.31;8.35;0.04;""
"";"Cas";"12046";"01 56 24 +61 16 52";"STF 182 AC";"2015";"5";71;30.4;8.31;14.30;5.99;""
"";"Tri";"75020";"01 55 07 +28 47 53";"STF 183 AB";"2018";"135";134;0.3;7.67;10.00;2.33;"Y"
"HD 11671";"Tri";"75020";"01 55 07 +28 47 53";"STF 183 AB,C";"2018";"102";161;5.7;7.67;9.26;1.59;""
"HD 12356";"Cas";"4545";"02 01 07 +73 57 59";"STF 184";"2015";"21";14;17.0;9.70;10.74;1.04;""
"V779 Cas";"Cas";"4550";"02 02 09 +75 30 08";"STF 185 AB";"2020";"59";4;1.1;6.77;8.58;1.81;""
"";"Cas";"4550";"02 02 09 +75 30 08";"STF 185 AC";"2015";"14";169;122.5;6.77;8.94;2.17;""
"NSV667";"Cet";"110235";"01 55 54 +01 50 60";"STF 186";"2024";"475";81;0.5;6.79;6.84;0.05;"Y"
"";"Tri";"55133";"01 57 33 +31 34 10";"STF 187 AB";"2015";"9";189;10.9;9.68;11.90;2.22;""
"";"Cas";"12075";"01 59 28 +62 54 21";"STF 188";"2015";"23";238;31.8;9.18;10.50;1.32;""
"";"Ari";"92717";"01 57 09 +18 57 32";"STF 189";"2016";"26";269;9.0;9.88;10.97;1.09;""
"HD 12173";"Cas";"4559";"02 03 10 +73 51 02";"STF 191";"2016";"51";196;5.3;6.20;9.10;2.90;""
"HD 12098";"Cas";"22833";"02 00 40 +58 31 37";"STF 192 AB";"2016";"19";181;4.9;8.13;10.70;2.57;""
"";"Cas";"22833";"02 00 40 +58 31 37";"STF 192 AC";"2015";"13";149;72.1;8.13;9.35;1.22;""
"HD 12161";"Cas";"12086";"02 01 20 +60 30 43";"STF 193 DE";"2016";"13";204;2.5;8.10;10.50;2.40;""
"HD 12101";"Ari";"75071";"01 59 19 +24 49 45";"STF 194";"2018";"81";279;1.3;7.62;9.46;1.84;""
"HD 12130";"And";"37689";"02 00 11 +44 27 06";"STF 195";"2018";"31";195;3.0;9.27;9.97;0.70;""
"";"Ari";"75075";"01 59 34 +21 00 15";"STF 196 AB";"2016";"33";41;1.8;9.36;10.92;1.56;""
"";"Ari";"75075";"01 59 34 +21 00 15";"STF 196 AC";"2015";"41";154;21.1;9.36;10.18;0.82;""
"";"Ari";"75075";"01 59 34 +21 00 15";"STF 196 AD";"2015";"28";9;198.4;9.36;6.01;3.35;""
"";"Ari";"75075";"01 59 34 +21 00 15";"STF 196 BC";"2016";"15";154;21.2;10.92;10.18;0.74;""
"";"Ari";"75076";"01 59 34 +20 59 54";"STF 196 CD";"2015";"25";5;217.3;10.18;6.01;4.17;""
"HD 12246";"Tri";"55190";"02 01 05 +35 18 22";"STF 197 AB";"2015";"59";233;37.8;8.21;9.30;1.09;""
"";"Tri";"55190";"02 01 05 +35 18 22";"STF 197 AC";"2015";"8";74;39.6;8.21;13.90;5.69;""
"HD 12234";"Psc";"110265";"02 00 10 +06 41 28";"STF 198";"2018";"31";118;45.6;9.22;9.80;0.58;""
"";"Cas";"12114";"02 05 20 +67 40 28";"STF 199 AB";"2022";"32";22;35.8;9.21;9.37;0.16;""
"";"Ari";"75094";"02 01 36 +24 05 22";"STF 200";"2018";"43";124;8.1;9.55;10.29;0.74;""
"Eps Tri";"Tri";"55218";"02 02 58 +33 17 03";"STF 201";"2016";"23";120;4.4;5.52;11.40;5.88;""
"Alrescha";"Psc";"110291";"02 02 03 +02 45 49";"STF 202 AB";"2024";"635";258;1.9;4.10;5.17;1.07;"Y"
"";"Ari";"318";"02 02 32 +19 24 03";"STF 203";"2016";"17";330;14.8;11.26;11.21;0.05;""
"HD 12649";"Cas";"12129";"02 07 06 +69 56 38";"STF 204";"2012";"29";35;0.2;9.75;9.91;0.16;""
"Almach";"And";"37734";"02 03 54 +42 19 48";"STF 205 A,BC";"2024";"367";63;9.5;2.31;5.02;2.71;""
"HD 12504";"Ari";"92767";"02 02 51 +11 22 20";"STF 206";"2020";"36";134;31.5;8.87;10.16;1.29;""
"";"Ari";"";"02 03 20 +17 38 49";"STF 207";"2016";"20";186;11.8;9.97;12.50;2.53;""
"10 Ari";"Ari";"75114";"02 03 39 +25 56 08";"STF 208 AB";"2022";"240";347;1.5;5.82;7.87;2.05;"Y"
"";"Ari";"75114";"02 03 39 +25 56 08";"STF 208 AB,C";"2001";"3";150;95.3;5.67;13.50;7.83;""
"HD 12574";"Cet";"129654";"02 03 06 -07 24 38";"STF 209";"2015";"22";136;39.8;9.67;9.95;0.28;""
"";"And";"55256";"02 05 40 +36 57 26";"STF 210";"2016";"19";244;17.6;9.82;11.97;2.15;""
"HD 12824";"Ari";"75140";"02 06 15 +25 06 31";"STF 212";"2020";"71";161;1.9;8.35;8.71;0.36;""
"HD 13053";"Per";"22968";"02 09 09 +51 04 24";"STF 213 AB";"2017";"27";327;1.7;9.06;9.50;0.44;""
"";"Per";"22968";"02 09 09 +51 04 24";"STF 213 AC";"2016";"12";63;7.0;9.06;12.20;3.14;""
"";"Per";"22968";"02 09 09 +51 04 24";"STF 213 AD";"2016";"4";78;7.5;9.50;12.20;2.70;""
"HD 12997";"Ari";"";"02 07 34 +15 35 24";"STF 214";"2020";"35";188;5.0;8.73;10.24;1.51;""
"BX And";"And";"37805";"02 09 03 +40 47 39";"STF 215";"2020";"34";60;19.6;9.03;10.40;1.37;""
"HD 13196";"Cas";"12159";"02 11 22 +62 20 53";"STF 216";"2024";"30";301;0.3;8.10;9.00;0.90;"Y"
"HD 232602";"Per";"22957";"02 08 24 +55 14 05";"STF 217 AB";"2015";"13";125;98.8;10.00;10.61;0.61;""
"";"Per";"22957";"02 08 24 +55 14 05";"STF 217 AC";"2015";"13";129;129.9;10.00;9.82;0.18;""
"";"Per";"";"02 08 34 +55 13 08";"STF 217 BC";"2016";"15";142;32.1;10.61;9.82;0.79;""
"HD 13191";"Cet";"129718";"02 08 42 -00 26 13";"STF 218";"2018";"69";247;4.9;7.63;9.20;1.57;""
"HD 13247";"Tri";"55321";"02 10 16 +33 21 55";"STF 219";"2016";"34";184;11.6;8.03;8.89;0.86;""
"HD 13237";"Ari";"75175";"02 09 43 +20 20 53";"STF 221 AB";"2022";"69";145;8.2;8.13;9.45;1.32;""
"";"Ari";"75175";"02 09 43 +20 20 53";"STF 221 AC";"2015";"11";227;67.0;8.13;12.72;4.59;""
"59 And";"And";"55330";"02 10 53 +39 02 22";"STF 222";"2019";"96";36;16.6;6.05;6.71;0.66;""
"HD 13714";"Cep";"372";"02 21 07 +80 43 36";"STF 223";"2016";"15";47;0.8;7.89;9.81;1.92;""
"HD 13344";"Ari";"92824";"02 10 52 +13 41 00";"STF 224";"2023";"78";243;5.7;8.28;8.90;0.62;""
"HD 13452";"Per";"23037";"02 13 12 +54 13 08";"STF 225 AB";"2024";"21";79;6.0;8.13;10.49;2.36;""
"";"Per";"23037";"02 13 12 +54 13 08";"STF 225 AC";"2024";"15";160;153.0;8.13;10.48;2.35;""
"HD 13482";"Ari";"75199";"02 12 15 +23 57 30";"STF 226 AB";"2017";"51";231;1.8;8.02;9.64;1.62;""
"Iot Tri";"Tri";"55347";"02 12 22 +30 18 11";"STF 227";"2022";"265";67;4.0;5.26;6.67;1.41;"Y"
"HD 13594";"And";"37878";"02 14 02 +47 29 03";"STF 228";"2024";"367";323;0.4;6.56;7.21;0.65;"Y"
"HD 13664";"Tri";"55367";"02 13 59 +34 30 51";"STF 229";"2018";"32";356;2.5;9.21;10.29;1.08;""
"HD 13633";"Per";"23071";"02 14 57 +58 29 26";"STF 230";"2015";"34";259;23.8;7.87;9.37;1.50;""
"66 Cet";"Cet";"129752";"02 12 48 -02 23 37";"STF 231 AB";"2024";"172";235;16.8;5.72;7.71;1.99;""
"";"Cet";"129752";"02 12 48 -02 23 37";"STF 231 AC";"1998";"4";53;147.0;5.65;11.50;5.85;""
"HD 13746";"Tri";"55383";"02 14 42 +30 23 41";"STF 232";"2019";"104";69;6.7;7.82;7.90;0.08;""
"";"Cas";"4623";"02 21 39 +76 22 49";"STF 233";"2016";"22";273;2.0;9.60;9.91;0.31;""
"";"Cas";"12207";"02 17 23 +61 21 06";"STF 234 AB";"2012";"73";222;0.6;8.74;9.40;0.66;"Y"
"HD 13864";"Cas";"12207";"02 17 23 +61 21 06";"STF 234 AB,C";"2016";"8";248;83.8;8.26;12.38;4.12;""
"HD 13901";"Per";"";"02 17 11 +55 54 54";"STF 235";"2017";"30";48;1.9;9.60;9.81;0.21;""
"HD 13954";"Per";"23132";"02 17 20 +52 28 10";"STF 236 AB";"2016";"23";249;1.4;9.40;10.00;0.60;""
"";"Per";"23132";"02 17 20 +52 28 10";"STF 236 AC";"2015";"4";323;12.4;9.40;14.60;5.20;""
"HD 13904";"Ari";"92861";"02 15 42 +10 46 16";"STF 237 AB";"2016";"35";237;14.6;9.54;9.94;0.40;""
"";"Ari";"92861";"02 15 42 +10 46 16";"STF 237 AC";"2016";"17";275;72.3;9.54;11.93;2.39;""
"HD 14016";"And";"55425";"02 17 12 +37 29 00";"STF 238 AC";"2016";"39";356;11.1;9.23;9.78;0.55;""
"HD 14082";"Tri";"75265";"02 17 25 +28 44 42";"STF 239 EC";"2019";"67";212;14.0;7.09;7.83;0.74;""
"HD 14066";"Ari";"75263";"02 17 16 +23 52 25";"STF 240";"2018";"71";52;4.8;8.32;8.60;0.28;""
"";"Cas";"4636";"02 23 34 +74 06 12";"STF 241";"2015";"23";285;20.0;9.00;10.72;1.72;""
"HD 14044";"Cet";"148304";"02 16 16 -09 49 16";"STF 242 AB";"2017";"22";249;80.1;6.98;11.29;4.31;""
"HD 14114";"Ari";"23134";"02 17 34 +22 13 50";"STF 244";"2018";"43";290;4.4;9.28;9.41;0.13;""
"HD 14189";"And";"37940";"02 18 36 +40 16 44";"STF 245 AB";"2020";"61";294;11.2;7.26;8.03;0.77;""
"HD 14202";"Tri";"55446";"02 18 40 +34 29 16";"STF 246";"2018";"43";123;9.8;7.82;9.26;1.44;""
"";"Cet";"";"02 18 21 +04 10 01";"STF 247";"2016";"23";212;7.7;11.48;11.48;0.00;""
"";"And";"37964";"02 21 04 +42 46 27";"STF 248";"2017";"89";203;0.7;9.55;9.83;0.28;"Y"
"HD 14477";"And";"37971";"02 21 36 +44 35 60";"STF 249";"2018";"41";197;2.4;7.21;8.99;1.78;""
"HD 14472";"And";"55478";"02 21 15 +37 25 23";"STF 250";"2018";"37";136;3.2;9.22;9.69;0.47;""
"HD 14511";"And";"55483";"02 21 44 +39 22 40";"STF 251";"2018";"26";266;2.2;9.02;9.63;0.61;""
"HD 14659";"Cas";"12272";"02 25 01 +66 50 38";"STF 252";"2016";"10";43;3.3;8.97;11.60;2.63;""
"";"Ari";"75304";"02 21 36 +23 37 43";"STF 254";"2019";"77";16;12.2;9.21;10.29;1.08;""
"";"Cas";"";"02 24 40 +59 59 31";"STF 255";"2022";"18";2;5.9;11.22;12.37;1.15;""
"";"And";"37998";"02 23 45 +49 20 19";"STF 256 AB";"2016";"26";197;21.3;9.27;11.10;1.83;""
"";"And";"37998";"02 23 45 +49 20 19";"STF 256 AC";"2016";"27";45;35.7;9.27;9.86;0.59;""
"V559 Cas";"Cas";"12277";"02 25 40 +61 32 59";"STF 257";"2020";"103";82;0.5;7.51;8.16;0.65;"Y"
"";"Tri";"55512";"02 23 55 +33 30 28";"STF 258 AC";"2016";"25";151;70.9;7.93;10.16;2.23;""
"";"Tri";"23283";"02 23 58 +33 29 27";"STF 258 CD";"2016";"31";30;6.4;10.16;10.61;0.45;""
"HD 14865";"And";"38014";"02 25 22 +48 04 02";"STF 259";"2016";"14";19;13.4;9.06;11.46;2.40;""
"HD 14958";"Per";"23331";"02 26 28 +54 16 58";"STF 260";"2020";"36";346;6.6;8.91;9.21;0.30;""
"HD 14888";"Ari";"92923";"02 24 23 +11 30 06";"STF 261";"2020";"44";252;2.7;9.48;9.54;0.06;""
"Iot Cas";"Cas";"12298";"02 29 04 +67 24 09";"STF 262 AB";"2022";"272";231;3.0;4.66;6.92;2.26;"Y"
"";"Cas";"12298";"02 29 04 +67 24 09";"STF 262 AC";"2022";"233";117;6.9;4.63;9.05;4.42;""
"";"Cas";"12298";"02 29 04 +67 24 09";"STF 262 AD";"2016";"10";60;210.9;4.63;8.48;3.85;""
"";"Cas";"12298";"02 29 04 +67 24 07";"STF 262 BC";"2015";"154";99;8.5;6.92;9.05;2.13;""
"";"Cas";"12298";"02 29 04 +67 24 09";"STF 262 CD";"2015";"8";58;207.1;9.05;8.48;0.57;""
"V528 Cas";"Cas";"12303";"02 29 38 +60 39 26";"STF 263 AB";"2015";"19";103;15.0;8.55;10.90;2.35;""
"";"Cas";"12303";"02 29 38 +60 39 26";"STF 263 AC";"2015";"17";263;39.0;8.55;9.93;1.38;""
"";"Cas";"12303";"02 29 38 +60 39 26";"STF 263 AD";"2015";"11";253;53.2;8.55;10.76;2.21;""
"";"Cas";"";"02 29 40 +60 39 23";"STF 263 BC";"2015";"14";269;53.3;10.90;9.93;0.97;""
"";"Cas";"";"02 29 40 +60 39 23";"STF 263 BD";"2015";"10";259;66.6;10.90;10.76;0.14;""
"";"Cas";"";"02 29 32 +60 39 22";"STF 264 CD";"2015";"18";227;16.6;9.93;10.76;0.83;""
"HD 14937";"Cet";"129880";"02 24 30 -01 44 59";"STF 265";"2015";"34";136;12.2;9.14;9.57;0.43;""
"HD 14986";"Cet";"129885";"02 24 54 -02 06 44";"STF 266";"2020";"46";267;7.8;9.10;9.25;0.15;""
"HD 232657";"Per";"23359";"02 28 13 +54 22 54";"STF 267 AB";"2019";"21";29;94.2;8.97;8.95;0.02;""
"";"Per";"23361";"02 28 18 +54 24 17";"STF 267 BC";"2019";"17";26;69.0;8.95;10.54;1.59;""
"HD 15253";"Per";"23369";"02 29 25 +55 32 10";"STF 268";"2018";"55";131;2.9;6.72;8.50;1.78;""
"HD 15256";"Tri";"75383";"02 28 12 +29 52 24";"STF 269 AB";"2020";"61";345;1.7;7.59;8.97;1.38;""
"HD 15407";"Per";"23389";"02 30 51 +55 32 54";"STF 270 AB";"2016";"45";305;21.3;7.00;9.66;2.66;""
"";"Per";"23389";"02 30 51 +55 32 54";"STF 270 AC";"2015";"13";333;48.0;7.00;11.37;4.37;""
"";"Per";"23389";"02 30 51 +55 32 54";"STF 270 AD";"2015";"10";281;51.1;7.00;14.20;7.20;""
"";"Per";"";"02 30 49 +55 33 06";"STF 270 BD";"2015";"7";265;32.8;9.66;14.20;4.54;""
"HD 15524";"Ari";"75407";"02 30 32 +25 14 07";"STF 271 AB";"2016";"27";184;13.0;5.93;9.94;4.01;""
"";"Ari";"75407";"02 30 32 +25 14 07";"STF 271 AC";"2022";"10";30;115.8;5.93;12.70;6.77;""
"HD 15641";"Per";"23419";"02 33 09 +58 27 45";"STF 272";"2020";"48";216;1.9;8.33;8.36;0.03;""
"HD 15718";"Ari";"92990";"02 32 03 +18 22 25";"STF 273";"2016";"58";359;7.2;8.56;9.12;0.56;""
"HD 15695";"Cet";"110591";"02 31 30 +01 05 39";"STF 274 AB";"2016";"73";220;13.7;7.52;7.62;0.10;""
"HD 15804";"Cet";"110599";"02 32 40 +06 19 47";"STF 276";"2017";"55";276;1.8;9.55;9.57;0.02;""
"V791 Cas";"Cas";"23467";"02 36 55 +59 53 01";"STF 277 AB";"2016";"10";141;3.1;7.81;11.38;3.57;""
"";"Cas";"23467";"02 36 55 +59 53 01";"STF 277 AC";"2015";"11";23;162.4;7.81;11.32;3.51;""
"HD 16096";"Cas";"12365";"02 38 51 +69 18 15";"STF 278";"2020";"52";23;0.5;8.98;8.68;0.30;""
"HD 15851";"And";"55684";"02 35 39 +37 18 44";"STF 279 AB";"2016";"16";71;17.9;5.87;10.31;4.44;""
"";"And";"55684";"02 35 39 +37 18 44";"STF 279 AC";"2001";"4";208;44.5;5.87;11.70;5.83;""
"HD 15994";"Cet";"129981";"02 34 08 -05 38 08";"STF 280";"2018";"106";346;3.6;7.98;7.97;0.01;""
"Nu Cet";"Cet";"110635";"02 35 52 +05 35 36";"STF 281";"2016";"47";80;8.1;4.97;9.08;4.11;""
"";"Cas";"12384";"02 41 02 +65 38 39";"STF 282 AB";"2022";"55";295;6.4;9.47;9.51;0.04;""
"HD 16410";"Cas";"12380";"02 40 32 +61 29 02";"STF 283 AB";"2018";"22";210;1.8;8.38;9.03;0.65;""
"";"Cas";"12380";"02 40 32 +61 29 02";"STF 283 AC";"2015";"4";20;18.3;8.38;13.90;5.52;""
"V482 Cas";"Cas";"12383";"02 40 45 +61 16 56";"STF 284 AB";"2018";"30";190;6.9;7.92;9.88;1.96;""
"";"Cas";"12383";"02 40 45 +61 16 56";"STF 284 AC";"2016";"9";9;53.1;7.92;10.52;2.60;""
"";"Tri";"";"02 38 46 +33 25 08";"STF 285 Aa,Ab";"2015";"2";39;0.4;7.48;"";"";""
"HD 16396";"Tri";"55748";"02 38 46 +33 25 08";"STF 285 AB";"2020";"121";162;1.7;7.48;8.14;0.66;""
"HD 16511";"Tri";"55761";"02 39 51 +33 56 57";"STF 286";"2021";"21";258;2.9;7.78;10.15;2.37;""
"HD 16480";"Ari";"";"02 38 60 +14 51 38";"STF 287";"2020";"38";74;6.8;7.36;9.61;2.25;""
"HD 16454";"Cet";"148514";"02 38 10 -11 23 06";"STF 288";"2020";"22";216;11.9;8.27;10.70;2.43;""
"33 Ari";"Ari";"75510";"02 40 41 +27 03 40";"STF 289";"2016";"57";1;28.3;5.30;9.56;4.26;""
"HD 16560";"Cet";"130038";"02 39 19 -01 54 04";"STF 290 AB";"2020";"27";221;10.1;8.56;10.45;1.89;""
"";"Cet";"130038";"02 39 19 -01 54 04";"STF 290 AC";"2015";"7";154;13.1;8.56;14.50;5.94;""
"HD 16694";"Ari";"93052";"02 41 07 +18 48 01";"STF 291 AB";"2020";"89";118;3.4;7.66;7.50;0.16;""
"";"Ari";"93052";"02 41 07 +18 48 01";"STF 291 AC";"2015";"18";242;65.5;7.66;9.53;1.87;""
"";"Ari";"93052";"02 41 07 +18 47 59";"STF 291 BC";"2018";"16";243;66.8;7.50;9.53;2.03;""
"HD 16772";"Per";"38265";"02 42 29 +40 15 40";"STF 292";"2017";"41";212;23.5;7.56;8.23;0.67;""
"HD 236992";"Per";"23573";"02 44 18 +57 03 34";"STF 293 AB";"2015";"40";102;13.6;9.55;12.40;2.85;""
"";"Per";"23573";"02 44 18 +57 03 34";"STF 293 AC";"2015";"13";335;79.6;9.55;13.17;3.62;""
"";"Per";"23573";"02 44 18 +57 03 34";"STF 293 AD";"2015";"20";344;187.4;9.55;8.73;0.82;""
"";"Per";"";"02 42 46 +37 08 50";"STF 294";"2017";"26";101;7.3;10.36;11.14;0.78;""
"84 Cet";"Cet";"130055";"02 41 14 -00 41 44";"STF 295";"2022";"122";301;3.9;5.82;9.68;3.86;"Y"
"The Per";"Per";"38288";"02 44 12 +49 13 42";"STF 296 AB";"2023";"86";305;21.2;4.16;9.10;4.94;"Y"
"";"Per";"38288";"02 44 12 +49 13 42";"STF 296 AC";"2002";"17";244;94.8;4.16;11.08;6.92;""
"";"Per";"23572";"02 44 10 +49 13 54";"STF 296 BC";"2016";"14";233;90.1;9.10;11.08;1.98;""
"HD 16964";"Per";"23588";"02 45 25 +56 33 49";"STF 297 AB";"2024";"45";278;15.7;8.55;8.87;0.32;""
"";"Per";"23588";"02 45 25 +56 33 49";"STF 297 AC";"2024";"20";109;29.3;8.55;11.35;2.80;""
"";"Per";"23587";"02 45 23 +56 33 52";"STF 297 BC";"2024";"19";105;44.2;8.87;11.35;2.48;""
"Kaffaljidhma";"Cet";"110707";"02 43 18 +03 14 09";"STF 299 AB";"2024";"242";299;1.9;3.54;6.18;2.64;"Y"
"";"Ari";"75544";"02 44 37 +29 27 37";"STF 300";"2020";"143";316;3.1;7.89;8.08;0.19;""
"HD 17198";"Per";"23611";"02 47 39 +53 56 36";"STF 301";"2016";"40";17;8.2;7.85;8.70;0.85;""
"HD 17327";"Cas";"12455";"02 49 58 +64 37 51";"STF 302";"2015";"14";170;5.3;7.54;10.34;2.80;""
"HD 17107";"Cet";"130090";"02 44 40 -01 57 43";"STF 303";"2020";"33";181;5.7;8.91;9.64;0.73;""
"HD 17359";"Per";"38352";"02 48 50 +49 11 02";"STF 304";"2016";"17";289;26.1;7.54;10.72;3.18;""
"HD 17332";"Ari";"93105";"02 47 27 +19 22 20";"STF 305 AB";"2022";"332";307;3.6;7.52;8.25;0.73;"Y"
"";"Ari";"93105";"02 47 27 +19 22 20";"STF 305 AC";"2015";"6";26;95.1;7.52;13.00;5.48;""
"HD 17505";"Cas";"12470";"02 51 08 +60 25 04";"STF 306 AB";"2018";"30";93;2.2;7.39;9.09;1.70;""
"";"Cas";"12470";"02 51 08 +60 25 04";"STF 306 AC";"2015";"12";159;27.4;7.39;11.50;4.11;""
"";"Cas";"12470";"02 51 08 +60 25 04";"STF 306 AD";"2015";"5";76;16.7;7.39;12.00;4.61;""
"";"Cas";"12470";"02 51 08 +60 25 04";"STF 306 AE";"2015";"8";113;19.0;7.39;11.70;4.31;""
"";"Cas";"12470";"02 51 08 +60 25 04";"STF 306 AF";"2015";"7";107;27.0;7.39;11.81;4.42;""
"";"Cas";"12470";"02 51 08 +60 25 04";"STF 306 AG";"2016";"18";157;123.7;7.39;8.37;0.98;""
"Miram";"Per";"23655";"02 50 42 +55 53 44";"STF 307 AB";"2024";"59";301;27.1;3.76;8.50;4.74;""
"";"Per";"23655";"02 50 42 +55 53 44";"STF 307 AC";"2024";"15";268;64.2;3.76;11.61;7.85;""
"";"Eri";"148599";"02 46 59 -09 52 03";"STF 308 AB,CD";"2022";"25";334;21.0;9.79;10.43;0.64;""
"HD 17416";"Cet";"110750";"02 47 43 +05 51 26";"STF 309";"2016";"23";9;25.7;9.72;11.04;1.32;""
"HD 17497";"Tri";"55911";"02 49 27 +33 56 10";"STF 310";"2021";"21";93;2.4;7.36;10.42;3.06;""
"Pi Ari";"Ari";"93127";"02 49 18 +17 27 52";"STF 311 AB";"2020";"82";118;3.3;5.32;7.95;2.63;""
"";"Ari";"93127";"02 49 18 +17 27 52";"STF 311 AC";"2018";"48";113;25.5;5.32;10.72;5.40;""
"";"Ari";"93127";"02 49 18 +17 27 50";"STF 311 BC";"2017";"30";110;23.8;7.95;10.72;2.77;""
"HD 17785";"Cas";"4776";"02 56 11 +72 53 10";"STF 312 AB";"2020";"93";49;1.7;8.16;8.92;0.76;"Y"
"";"Cas";"4776";"02 56 11 +72 53 10";"STF 312 AC";"2022";"36";132;43.0;8.16;10.14;1.98;""
"";"Cas";"4776";"02 56 11 +72 53 10";"STF 312 AD";"2015";"9";283;59.0;8.16;12.82;4.66;""
"";"Cas";"4776";"02 56 12 +72 53 12";"STF 312 BC";"2016";"24";133;42.9;8.92;10.14;1.22;""
"EE Cet";"Cet";"110777";"02 49 52 +08 56 23";"STF 313";"2020";"38";194;5.7;9.51;9.67;0.16;""
"NSV971";"Per";"23674";"02 52 52 +52 59 51";"STF 314 AB,C";"2024";"141";317;1.6;6.95;7.26;0.31;"Y"
"HD 17617";"Eri";"148622";"02 49 20 -10 33 02";"STF 315";"2020";"43";166;1.2;8.10;8.90;0.80;"Y"
"HD 17757";"Per";"55954";"02 52 05 +37 17 46";"STF 316";"2018";"43";135;14.4;9.46;9.74;0.28;""
"HD 18056";"Cas";"12530";"02 58 07 +69 11 36";"STF 317";"2019";"32";82;4.0;7.93;9.82;1.89;""
"20 Per";"Per";"55975";"02 53 43 +38 20 16";"STF 318 AB,C";"2021";"44";237;13.9;5.39;9.68;4.29;""
"";"Per";"55975";"02 53 43 +38 20 16";"STF 318 AB,D";"2002";"6";40;58.1;5.39;12.60;7.21;""
"";"Cep";"512";"03 20 44 +84 58 39";"STF 319";"2015";"12";302;17.8;8.33;10.87;2.54;""
"HD 18438";"Cep";"4810";"03 06 08 +79 25 07";"STF 320";"2020";"34";232;4.6;5.72;9.15;3.43;""
"HD 237032";"Cas";"23710";"02 56 20 +58 52 19";"STF 321";"2016";"27";25;18.5;9.34;10.45;1.11;""
"HD 17939";"Per";"55984";"02 54 07 +36 02 30";"STF 322";"2016";"23";321;5.7;8.92;10.70;1.78;""
"HD 17907";"Cet";"110807";"02 52 40 +06 28 29";"STF 323";"2020";"70";278;2.7;7.81;7.92;0.11;""
"";"Per";"38455";"02 56 33 +47 09 50";"STF 324 AB";"2016";"11";204;25.5;5.60;12.80;7.20;""
"";"Per";"38455";"02 56 33 +47 09 50";"STF 324 AC";"2016";"3";308;15.8;5.60;15.50;9.90;""
"";"Per";"56010";"02 55 47 +34 28 40";"STF 325 AB";"2019";"61";147;23.7;8.97;10.21;1.24;""
"HD 18143";"Ari";"75644";"02 55 39 +26 52 24";"STF 326 AB";"2020";"109";221;4.6;7.68;10.02;2.34;"Y"
"NSV1042";"Cep";"500";"03 11 43 +81 28 14";"STF 327 AB";"2016";"7";289;20.3;5.95;10.70;4.75;""
"HD 18281";"Per";"38468";"02 57 46 +44 31 27";"STF 328 AB";"2017";"55";306;14.7;9.23;9.30;0.07;""
"";"Per";"38468";"02 57 46 +44 31 27";"STF 328 AC";"2015";"12";96;46.2;9.23;11.82;2.59;""
"HD 18518";"Cas";"23764";"03 01 10 +59 02 10";"STF 329";"2021";"31";274;16.0;8.66;10.36;1.70;""
"HD 18384";"Cet";"168181";"02 57 11 -00 34 28";"STF 330";"2018";"39";192;8.9;7.25;9.06;1.81;""
"HD 18537";"Per";"23763";"03 00 52 +52 21 06";"STF 331";"2019";"82";85;12.0;5.21;6.17;0.96;""
"HD 18433";"Cet";"110875";"02 57 52 +00 24 48";"STF 332";"2016";"51";53;12.0;8.94;9.10;0.16;""
"Eps Ari";"Ari";"75673";"02 59 13 +21 20 26";"STF 333 AB";"2023";"471";211;1.3;5.17;5.57;0.40;"Y"
"";"Ari";"75673";"02 59 13 +21 20 26";"STF 333 AC";"2000";"5";192;145.6;5.17;12.70;7.53;""
"HD 18570";"Cet";"110883";"02 59 22 +06 39 08";"STF 334";"2020";"104";308;1.1;7.90;8.23;0.33;""
"HD 18800";"Cas";"12589";"03 04 39 +63 45 47";"STF 335";"2015";"37";161;21.5;8.65;9.36;0.71;""
"HD 18715";"Per";"56095";"03 01 29 +32 24 46";"STF 336";"2023";"68";8;8.7;6.96;8.27;1.31;""
"HD 18751";"Per";"38525";"03 02 17 +41 23 46";"STF 337 AB";"2016";"29";163;17.6;7.99;9.34;1.35;""
"HD 18701";"Ari";"93244";"03 01 49 +10 51 07";"STF 338";"2016";"46";202;20.0;9.20;9.49;0.29;""
"HD 18984";"Ari";"75713";"03 03 60 +28 30 33";"STF 339 AB,C";"2021";"22";327;13.6;8.24;11.19;2.95;""
"HD 18975";"Eri";"130256";"03 03 02 -02 05 11";"STF 341 AB";"2020";"33";221;8.7;7.57;9.97;2.40;""
"";"Eri";"";"03 03 02 -02 05 11";"STF 341 Ba,Bb";"2023";"10";183;0.0;10.70;10.70;0.00;"Y"
"HD 19093";"Ari";"75719";"03 05 06 +27 54 44";"STF 342";"2020";"33";303;3.3;9.16;9.56;0.40;""
"HD 20110";"Cep";"544";"03 29 51 +84 02 20";"STF 343 AB";"2015";"47";327;35.3;8.43;9.77;1.34;""
"";"Cep";"544";"03 29 51 +84 02 20";"STF 343 AC";"2015";"6";309;90.5;8.43;12.91;4.48;""
"";"Cep";"542";"03 29 39 +84 02 48";"STF 343 BC";"2015";"7";298;57.9;9.77;12.91;3.14;""
"";"Cep";"547";"03 31 32 +84 36 50";"STF 344";"2016";"15";146;2.2;9.52;10.41;0.89;""
"HD 19580";"Cep";"4860";"03 16 50 +78 30 01";"STF 345";"2016";"27";86;6.7;7.87;9.70;1.83;""
"";"Ari";"75723";"03 05 27 +25 15 19";"STF 346 AB";"2024";"163";259;0.5;6.21;6.19;0.02;"Y"
"52 Ari";"Ari";"75723";"03 05 27 +25 15 19";"STF 346 AB,C";"2020";"53";1;5.2;5.46;10.80;5.34;""
"";"Ari";"75723";"03 05 27 +25 15 19";"STF 346 AB,D";"2013";"8";83;102.1;5.46;13.27;7.81;""
"";"Ari";"75723";"03 05 27 +25 15 19";"STF 346 AB,E";"2014";"5";192;133.5;5.46;12.75;7.29;""
"HD 19168";"Cet";"110951";"03 05 12 +07 12 45";"STF 348 A,BC";"2015";"22";309;21.0;9.10;11.25;2.15;""
"HD 19440";"Cas";"12635";"03 10 50 +63 47 16";"STF 349 AB";"2020";"57";323;5.9;7.92;8.59;0.67;""
"";"Ari";"75737";"03 06 38 +20 38 22";"STF 350";"2016";"24";119;16.4;8.81;10.51;1.70;""
"HD 19426";"Per";"38600";"03 09 03 +44 15 06";"STF 351";"2018";"21";115;27.1;9.18;9.87;0.69;""
"HD 19444";"Per";"56196";"03 08 46 +35 27 31";"STF 352 AB";"2021";"33";0;3.9;7.80;9.65;1.85;""
"";"Ari";"";"03 07 33 +17 52 23";"STF 353 AB";"2021";"13";52;12.7;10.70;12.40;1.70;""
"";"Ari";"75745";"03 08 05 +24 34 30";"STF 354";"2016";"17";52;35.6;9.22;10.61;1.39;""
"HD 19391";"Cet";"";"03 07 19 +08 23 44";"STF 355";"2016";"47";145;2.5;9.64;10.31;0.67;""
"HD 19383";"Eri";"148772";"03 06 42 -13 19 08";"STF 356";"2016";"23";13;15.5;8.15;10.26;2.11;""
"HD 19544";"Eri";"148788";"03 08 17 -12 35 35";"STF 357";"2016";"25";295;8.6;9.62;10.78;1.16;""
"HD 19570";"Eri";"130306";"03 08 45 -03 41 15";"STF 358";"2016";"20";349;15.2;9.00;11.56;2.56;""
"HD 19771";"Per";"56241";"03 12 10 +37 13 03";"STF 360";"2022";"157";124;3.0;8.02;8.29;0.27;"Y"
"HD 19784";"Per";"56243";"03 12 19 +36 59 47";"STF 361";"2021";"21";14;10.2;8.98;11.02;2.04;""
"HD 20053";"Cam";"23908";"03 16 17 +60 02 07";"STF 362 AB";"2016";"57";142;7.1;8.31;8.60;0.29;""
"";"Cam";"23908";"03 16 17 +60 02 07";"STF 362 AC";"2016";"12";46;26.6;8.31;10.50;2.19;""
"";"Cam";"23908";"03 16 17 +60 02 07";"STF 362 AD";"2016";"9";286;29.2;8.31;12.59;4.28;""
"";"Cam";"23908";"03 16 17 +60 02 07";"STF 362 AE";"2016";"13";243;35.1;8.31;9.97;1.66;""
"";"Cam";"";"03 16 18 +60 02 02";"STF 362 BE";"2016";"14";254;37.0;8.60;9.97;1.37;""
"";"Cep";"4894";"03 24 44 +78 30 45";"STF 363 AB";"2021";"25";317;27.1;9.60;9.76;0.16;""
"";"Cep";"4894";"03 24 44 +78 30 45";"STF 363 AC";"2016";"9";105;112.4;9.60;10.53;0.93;""
"HD 19923";"Per";"56265";"03 13 35 +39 08 42";"STF 364";"2023";"36";311;12.0;8.73;8.92;0.19;""
"";"Eri";"";"03 12 50 -04 14 05";"STF 365 AB";"2016";"15";143;13.0;10.27;10.80;0.53;""
"HD 20078";"Ari";"75806";"03 14 17 +22 57 14";"STF 366 AB";"2021";"35";34;43.2;6.88;10.43;3.55;""
"HD 20115";"Cet";"111062";"03 14 03 +00 44 21";"STF 367";"2023";"173";128;1.3;8.14;8.17;0.03;"Y"
"";"Cas";"12715";"03 21 46 +68 29 60";"STF 368 AB";"2018";"25";159;2.0;10.04;10.11;0.07;""
"";"Cas";"12715";"03 21 46 +68 29 60";"STF 368 AC";"2015";"6";36;65.8;10.04;12.91;2.87;""
"";"Cas";"12715";"03 21 46 +68 29 60";"STF 368 BC";"2015";"2";37;64.7;10.11;12.91;2.80;""
"HD 20283";"Per";"38700";"03 17 11 +40 28 59";"STF 369";"2024";"82";30;3.6;6.83;7.72;0.89;""
"HD 278491";"Per";"56307";"03 16 36 +32 38 14";"STF 370";"2015";"15";320;16.9;8.88;11.00;2.12;""
"HD 20400";"Per";"38712";"03 18 41 +47 01 32";"STF 371";"2016";"29";89;3.2;8.50;10.55;2.05;""
"";"Per";"";"03 19 19 +45 57 05";"STF 372 AB";"2017";"23";292;7.7;10.19;10.58;0.39;""
"";"Per";"";"03 19 19 +45 57 05";"STF 372 AC";"2017";"8";76;53.5;10.19;11.27;1.08;""
"HD 20588";"Cam";"12721";"03 22 05 +62 44 29";"STF 373 AB";"2016";"22";118;20.1;7.73;10.01;2.28;""
"HD 20711";"Cam";"12738";"03 24 15 +67 27 19";"STF 374";"2016";"32";297;11.2;7.80;8.99;1.19;""
"HD 237119";"Ari";"75873";"03 20 21 +23 41 22";"STF 375 AB";"2021";"28";317;2.7;7.62;9.90;2.28;""
"";"Ari";"75873";"03 20 21 +23 41 22";"STF 375 AC";"2015";"4";287;61.4;7.62;14.03;6.41;""
"HD 20682";"Ari";"93392";"03 20 21 +19 43 49";"STF 376";"2017";"62";251;7.2;8.33;8.44;0.11;""
"HD 20698";"Ari";"93396";"03 20 34 +19 10 50";"STF 377 AB";"2023";"52";102;1.2;8.78;9.31;0.53;""
"";"Ari";"93396";"03 20 34 +19 10 50";"STF 377 AC";"2016";"16";223;24.3;8.78;12.80;4.02;""
"HD 20847";"Cam";"24008";"03 24 27 +58 25 52";"STF 378";"2021";"27";314;19.3;9.55;10.64;1.09;""
"HD 20873";"Ari";"";"03 22 52 +29 49 06";"STF 379";"2016";"42";101;10.5;8.59;8.80;0.21;""
"HD 20837";"Cet";"111150";"03 21 44 +08 45 24";"STF 380";"2018";"92";4;0.9;9.02;9.81;0.79;"Y"
"HD 20947";"Ari";"75906";"03 23 19 +20 58 14";"STF 381";"2023";"74";104;1.0;7.56;8.75;1.19;""
"HD 20995";"Per";"56419";"03 24 30 +33 32 10";"STF 382 AB";"2019";"29";153;4.7;5.80;9.25;3.45;""
"HD 21031";"Tau";"93414";"03 24 14 +17 32 58";"STF 383";"2020";"39";120;5.5;8.48;9.12;0.64;""
"HD 21224";"Cam";"";"03 28 29 +59 54 24";"STF 384 AB";"2020";"40";273;1.9;8.13;8.85;0.72;""
"";"Cam";"";"03 28 29 +59 54 24";"STF 384 AC";"2016";"12";341;116.9;8.13;10.60;2.47;""
"NSV1152";"Cam";"24054";"03 29 04 +59 56 25";"STF 385";"2021";"28";162;2.3;4.23;7.80;3.57;""
"HD 21225";"Per";"";"03 28 02 +55 10 29";"STF 386";"2018";"20";59;2.7;9.46;9.60;0.14;""
"HD 21332";"Per";"24055";"03 28 40 +50 26 11";"STF 388";"2024";"36";214;2.7;8.04;9.01;0.97;""
"NSV1158";"Cam";"24062";"03 30 11 +59 21 58";"STF 389 AB";"2018";"105";72;2.6;6.42;7.89;1.47;""
"NSV1159";"Cam";"24064";"03 30 00 +55 27 07";"STF 390 AB";"2015";"20";159;14.6;5.06;10.02;4.96;""
"";"Cam";"24064";"03 30 00 +55 27 07";"STF 390 AC";"2015";"9";170;110.2;5.10;10.63;5.53;""
"HD 21448";"Per";"38873";"03 29 14 +45 02 58";"STF 391";"2024";"42";96;3.8;7.60;8.32;0.72;""
"HD 21488";"Per";"24068";"03 30 18 +52 53 41";"STF 392";"2016";"22";347;25.8;7.45;10.34;2.89;""
"HD 21316";"Tau";"130487";"03 26 17 -01 02 06";"STF 393";"2016";"20";257;15.5;8.74;11.42;2.68;""
"HD 21437";"Ari";"75940";"03 28 01 +20 27 51";"STF 394 AB";"2016";"87";163;6.9;7.05;8.16;1.11;""
"HD 21456";"Ari";"";"03 28 39 +29 03 41";"STF 395";"2018";"41";90;1.8;8.66;9.85;1.19;""
"HD 21769";"Cam";"24093";"03 33 32 +58 45 55";"STF 396 AB";"2019";"62";245;20.5;6.43;7.68;1.25;""
"";"Cam";"24093";"03 33 32 +58 45 55";"STF 396 AC";"2015";"9";101;163.0;6.43;12.48;6.05;""
"HD 21801";"Cam";"";"03 33 59 +60 24 32";"STF 397";"2016";"20";42;5.2;9.33;10.46;1.13;""
"HD 22213";"Cam";"";"03 34 15 +58 17 29";"STF 398";"2016";"18";332;9.6;10.30;10.30;0.00;""
"HD 21663";"Tau";"93462";"03 30 30 +20 06 12";"STF 399 AB";"2016";"26";146;19.6;8.33;10.75;2.42;""
"";"Tau";"93462";"03 30 30 +20 06 12";"STF 399 AC";"2024";"11";222;58.8;8.40;12.07;3.67;""
"HD 21903";"Cam";"24111";"03 35 01 +60 02 29";"STF 400 AB";"2021";"152";269;1.7;6.79;7.97;1.18;"Y"
"";"Cam";"24111";"03 35 01 +60 02 29";"STF 400 AB,C";"2016";"11";236;92.7;6.79;10.82;4.03;""
"HD 21743";"Tau";"75970";"03 31 21 +27 34 18";"STF 401 AB";"2023";"116";269;11.3;6.58;6.93;0.35;""
"HD 21971";"Cam";"12830";"03 36 04 +63 17 17";"STF 402";"2015";"8";165;12.0;7.58;10.49;2.91;""
"HD 21775";"Tau";"93471";"03 31 13 +19 47 00";"STF 403 AB";"2018";"79";172;2.3;8.71;8.92;0.21;""
"";"Tau";"75973";"03 31 22 +21 47 60";"STF 404 AB";"2016";"20";203;28.7;9.84;11.35;1.51;""
"";"Tau";"75973";"03 31 22 +21 47 60";"STF 404 AC";"2016";"20";50;121.5;9.84;8.88;0.96;""
"";"Tau";"75975";"03 31 28 +21 49 19";"STF 405 CD";"2016";"16";48;26.9;8.88;11.99;3.11;""
"HD 21788";"Tau";"111233";"03 30 48 +05 09 10";"STF 406";"2018";"51";126;9.2;7.56;9.33;1.77;""
"HD 21735";"Eri";"148989";"03 29 59 -11 08 47";"STF 407 AB";"2016";"28";52;2.8;8.62;10.54;1.92;""
"";"Eri";"148989";"03 29 59 -11 08 47";"STF 407 AC";"2015";"6";202;132.0;8.62;13.64;5.02;""
"HD 21789";"Eri";"130529";"03 30 39 -04 16 24";"STF 408";"2020";"87";320;1.1;8.23;8.41;0.18;""
"IX Per";"Per";"56559";"03 35 01 +32 01 01";"STF 410";"2016";"14";213;5.1;6.71;10.70;3.99;""
"HD 21978";"Eri";"130551";"03 32 15 -07 05 24";"STF 411 AB";"2016";"34";88;18.8;7.36;9.19;1.83;""
"";"Eri";"130551";"03 32 15 -07 05 24";"STF 411 AC";"2015";"11";31;45.0;7.36;13.59;6.23;""
"";"Tau";"75999";"03 34 27 +24 27 52";"STF 412 AB";"2024";"320";349;0.8;6.60;6.86;0.26;"Y"
"7 Tau";"Tau";"75999";"03 34 27 +24 27 52";"STF 412 AB,C";"2014";"86";53;22.4;5.94;9.92;3.98;""
"HD 22160";"Per";"56564";"03 35 23 +33 40 33";"STF 413";"2024";"43";125;2.3;9.29;9.30;0.01;""
"HD 22116";"Tau";"24110";"03 34 28 +19 47 52";"STF 414";"2023";"76";186;7.5;8.15;8.28;0.13;""
"HD 22181";"Tau";"76011";"03 35 20 +26 51 01";"STF 415 AB";"2015";"24";53;15.1;8.75;10.88;2.13;""
"";"Tau";"76011";"03 35 20 +26 51 01";"STF 415 AC";"2015";"8";357;40.0;9.34;13.44;4.10;""
"";"Tau";"93498";"03 34 57 +19 48 36";"STF 416 AB";"2016";"29";68;30.6;8.91;10.61;1.70;""
"HD 22094";"Eri";"130569";"03 33 30 -02 32 34";"STF 417";"2015";"21";180;25.8;8.79;10.63;1.84;""
"";"Cam";"4978";"03 46 20 +75 22 31";"STF 418 AB";"2015";"42";64;24.2;9.75;10.38;0.63;""
"HD 22553";"Cam";"12873";"03 42 45 +69 50 44";"STF 419 AB";"2018";"51";73;2.9;7.76;7.81;0.05;""
"HD 22318";"Tau";"";"03 36 30 +23 54 46";"STF 420";"2016";"18";113;6.7;8.72;11.00;2.28;""
"HD 22912";"Cam";"4984";"03 46 14 +71 37 05";"STF 421";"2016";"18";236;12.5;7.07;10.69;3.62;""
"V711 Tau";"Tau";"111291";"03 36 47 +00 35 16";"STF 422 AB";"2016";"206";273;6.7;6.00;8.90;2.90;""
"HD 22604";"Tau";"76048";"03 39 11 +27 57 23";"STF 424";"2016";"24";313;10.0;8.87;11.46;2.59;""
"HD 22692";"Per";"56613";"03 40 07 +34 06 59";"STF 425 AB";"2022";"269";58;1.9;7.52;7.60;0.08;"Y"
"HD 22733";"Per";"56623";"03 40 50 +39 07 02";"STF 426 AB";"2020";"30";341;19.6;8.68;9.39;0.71;""
"";"Per";"39034";"03 40 50 +39 07 21";"STF 426 BC";"2015";"8";232;13.2;9.39;13.30;3.91;""
"V1268 Tau";"Tau";"76071";"03 40 39 +28 46 24";"STF 427 AB";"2020";"71";207;7.0;7.41;7.84;0.43;""
"HD 23101";"Cam";"4991";"03 47 47 +70 32 58";"STF 428 AB";"2015";"15";145;25.3;8.91;11.13;2.22;""
"";"Tau";"76078";"03 41 17 +28 31 59";"STF 429";"2016";"17";105;16.8;9.26;12.44;3.18;""
"";"Tau";"";"03 40 28 +05 07 33";"STF 430 Aa,Ab";"2020";"2";48;0.2;6.80;9.80;3.00;""
"HD 22878";"Tau";"111340";"03 40 28 +05 07 33";"STF 430 AB";"2019";"56";57;26.3;6.77;9.63;2.86;""
"";"Tau";"111340";"03 40 28 +05 07 33";"STF 430 AC";"2016";"40";298;34.3;6.77;10.35;3.58;""
"40 Per";"Per";"56646";"03 42 23 +33 57 54";"STF 431";"2016";"34";239;19.9;4.97;10.04;5.07;""
"HD 22891";"Eri";"130650";"03 40 17 -08 05 14";"STF 433";"2015";"17";336;37.5;8.34;10.38;2.04;""
"HD 23107";"Per";"56667";"03 43 59 +38 22 26";"STF 434 AB";"2019";"59";83;33.7;7.80;8.28;0.48;""
"";"Per";"56667";"03 43 59 +38 22 26";"STF 434 AC";"2015";"4";350;91.9;7.80;13.58;5.78;""
"HD 23075";"Tau";"76094";"03 43 07 +25 40 53";"STF 435";"2016";"34";3;13.2;7.20;8.87;1.67;""
"HD 22968";"Eri";"149104";"03 40 52 -12 36 57";"STF 436";"2015";"56";239;47.4;7.63;9.22;1.59;""
"HD 281160";"Per";"56671";"03 44 09 +32 07 09";"STF 437 AB";"2021";"31";311;11.1;9.84;10.04;0.20;""
"HD 23133";"Tau";"76097";"03 43 29 +22 44 05";"STF 438 AB";"2018";"21";242;1.7;9.01;10.01;1.00;""
"";"Per";"56680";"03 44 34 +32 09 46";"STF 439 AB,D";"2016";"40";39;23.4;8.64;11.50;2.86;""
"HD 23768";"Per";"24212";"03 46 46 +51 09 13";"STF 440 AB";"2016";"12";230;2.6;10.16;10.51;0.35;""
"";"Per";"24212";"03 46 46 +51 09 13";"STF 440 AC";"2015";"12";157;49.5;10.16;9.82;0.34;""
"HD 23299";"Per";"39086";"03 46 11 +48 00 39";"STF 441 AB";"2015";"16";248;20.2;8.35;10.04;1.69;""
"";"Per";"39086";"03 46 11 +48 00 39";"STF 441 AC";"2015";"8";118;19.2;8.35;11.80;3.45;""
"HD 23311";"Tau";"";"03 45 02 +22 43 20";"STF 442";"2015";"30";268;2.5;10.06;10.50;0.44;""
"V580 Per";"Per";"39100";"03 47 02 +41 25 38";"STF 443 AB";"2022";"156";57;6.8;8.20;8.82;0.62;"Y"
"";"Per";"39100";"03 47 02 +41 25 38";"STF 443 AC";"2016";"11";331;124.4;8.20;11.42;3.22;""
"HD 23410";"Tau";"76156";"03 45 49 +23 08 50";"STF 444 AB";"2018";"19";338;3.4;6.91;10.09;3.18;""
"HD 23726";"Cam";"24253";"03 50 39 +60 07 23";"STF 445";"2018";"17";259;3.1;8.97;9.90;0.93;""
"HD 23675";"Per";"24248";"03 49 28 +52 39 19";"STF 446 AB";"2020";"31";254;8.7;6.86;9.90;3.04;""
"HD 23457";"Per";"56710";"03 48 01 +38 20 39";"STF 447 DH";"2015";"49";156;31.9;8.45;10.02;1.57;""
"NSV1305";"Per";"56709";"03 47 53 +33 35 60";"STF 448";"2020";"32";13;3.3;6.68;9.36;2.68;""
"HD 23627";"Tau";"";"03 47 27 +24 39 30";"STF 449";"2016";"29";330;6.8;8.78;11.30;2.52;""
"HD 23631";"Tau";"76197";"03 47 24 +23 54 53";"STF 450 AB";"2021";"40";263;6.3;7.29;9.40;2.11;""
"HD 23558";"Eri";"149153";"03 45 42 -13 19 59";"STF 451";"2015";"19";324;19.8;8.97;10.22;1.25;""
"30 Tau";"Tau";"93611";"03 48 16 +11 08 36";"STF 452 AB";"2016";"46";60;9.2;5.06;9.77;4.71;""
"";"Tau";"76228";"03 49 10 +24 03 13";"STF 453 Aa,Ab";"1929";"10";40;0.5;3.80;6.80;3.00;""
"HD 24297";"Cam";"";"03 57 07 +69 30 56";"STF 455 AB";"2015";"32";166;12.1;8.56;9.16;0.60;""
"";"Cam";"130837";"03 57 07 +69 30 56";"STF 455 AC";"2015";"7";333;57.4;8.56;14.91;6.35;""
"";"Cam";"130837";"03 57 07 +69 30 56";"STF 455 AD";"2015";"8";212;97.2;8.56;13.84;5.28;""
"HD 23855";"Tau";"111431";"03 48 27 +01 35 55";"STF 456";"2015";"23";121;22.0;9.19;10.09;0.90;""
"HD 24001";"Tau";"76257";"03 50 20 +22 40 42";"STF 457 AB";"2018";"31";91;0.7;9.31;9.44;0.13;""
"";"Tau";"76257";"03 50 20 +22 40 42";"STF 457 AB,C";"2016";"9";346;19.3;8.62;13.57;4.95;""
"";"Tau";"";"03 49 38 +18 17 24";"STF 458";"2020";"46";202;5.1;10.45;10.57;0.12;""
"HD 24052";"Tau";"76263";"03 50 59 +29 39 19";"STF 459 AB";"2015";"45";340;25.6;8.01;11.20;3.19;""
"";"Tau";"";"03 50 58 +29 39 41";"STF 459 BC";"2015";"8";294;53.5;11.20;13.70;2.50;""
"HD 25007";"Cep";"650";"04 10 03 +80 41 55";"STF 460";"2022";"191";154;0.8;5.62;6.32;0.70;"Y"
"HD 24350";"Cam";"24295";"03 55 24 +56 30 16";"STF 461";"2016";"17";121;1.0;8.58;10.33;1.75;""
"";"Per";"24305";"03 55 46 +52 22 08";"STF 462";"2016";"21";319;8.1;10.70;11.60;0.90;""
"HD 24254";"Eri";"111466";"03 51 35 +00 20 07";"STF 463";"2017";"19";186;10.0;9.30;11.40;2.10;""
"Zet Per";"Per";"56799";"03 54 08 +31 53 01";"STF 464 AB";"2020";"40";208;12.8;2.86;9.16;6.30;""
"";"Per";"56799";"03 54 08 +31 53 01";"STF 464 AC";"2012";"23";286;33.3;2.86;11.24;8.38;""
"";"Per";"56799";"03 54 08 +31 53 01";"STF 464 AD";"2012";"24";195;98.6;2.86;10.44;7.58;""
"";"Per";"56799";"03 54 08 +31 53 01";"STF 464 AE";"2012";"22";186;120.0;2.86;9.96;7.10;""
"";"Per";"5023";"03 54 05 +31 53 11";"STF 464 CD";"2015";"19";177;105.0;11.24;10.44;0.80;""
"";"Per";"56799";"03 54 05 +31 53 11";"STF 464 CE";"2015";"18";171;130.5;11.24;9.96;1.28;""
"";"Per";"5023";"03 54 06 +31 51 27";"STF 464 DE";"2015";"27";149;28.1;10.44;9.96;0.48;""
"HD 24582";"Per";"39205";"03 56 41 +47 28 60";"STF 465";"2020";"22";233;5.6;8.13;10.03;1.90;""
"HD 24445";"Eri";"130795";"03 53 12 -01 59 52";"STF 466";"2017";"33";58;8.4;8.41;10.30;1.89;""
"HD 276000";"Per";"56830";"03 56 49 +38 27 59";"STF 467";"2016";"11";297;37.8;9.49;11.00;1.51;""
"HD 24435";"Eri";"130794";"03 53 08 -01 50 15";"STF 468 A,BC";"2015";"27";99;19.7;8.98;11.99;3.01;""
"HD 24689";"Per";"39212";"03 57 16 +41 52 50";"STF 469";"2020";"27";146;8.8;6.90;9.92;3.02;""
"32 Eri";"Eri";"130806";"03 54 17 -02 57 17";"STF 470 AB";"2021";"149";349;6.9;4.80;5.89;1.09;""
"";"Eri";"130806";"03 54 17 -02 57 17";"STF 470 AC";"2017";"11";5;164.7;4.80;10.50;5.70;""
"Eps Per";"Per";"56840";"03 57 51 +40 00 37";"STF 471 AB";"2020";"50";12;8.8;2.85;8.88;6.03;""
"";"Per";"56840";"03 57 51 +40 00 37";"STF 471 AC";"2015";"6";10;80.1;2.85;13.90;11.05;""
"";"Cam";"5086";"04 06 34 +72 02 06";"STF 472 AB";"2016";"9";281;63.2;9.40;10.49;1.09;""
"";"Cam";"216648";"04 06 20 +72 02 18";"STF 472 BC";"2016";"22";16;6.9;10.49;10.79;0.30;""
"";"Tau";"111526";"03 57 57 +09 37 31";"STF 473";"2016";"27";94;16.7;9.53;11.23;1.70;""
"HD 25689";"Cam";"5116";"04 12 33 +76 14 12";"STF 474";"2015";"37";151;24.3;9.54;9.84;0.30;""
"HD 24987";"Eri";"130850";"03 57 56 -07 07 34";"STF 475";"2016";"20";23;7.6;8.87;11.30;2.43;""
"HD 25184";"Per";"56902";"04 01 35 +38 39 56";"STF 476 AB";"2015";"62";289;25.9;7.96;9.21;1.25;""
"";"Per";"";"04 01 33 +38 40 04";"STF 476 BC";"2015";"9";210;69.7;9.21;13.09;3.88;""
"HD 25227";"Per";"39259";"04 02 05 +41 50 57";"STF 477";"2018";"23";212;3.1;8.49;9.45;0.96;""
"HD 25112";"Tau";"93712";"03 59 48 +11 32 41";"STF 478 AB";"2017";"42";138;9.7;8.83;10.22;1.39;""
"HD 25201";"Tau";"76388";"04 00 57 +23 12 05";"STF 479 AB";"2022";"114";127;7.5;6.92;7.76;0.84;""
"";"Tau";"76388";"04 00 57 +23 12 05";"STF 479 AC";"2019";"50";242;57.8;6.92;9.45;2.53;""
"";"Tau";"76389";"04 00 57 +23 12 01";"STF 479 BC";"2019";"15";248;61.3;7.76;9.45;1.69;""
"HD 25337";"Cam";"24389";"04 04 29 +55 44 26";"STF 480";"2018";"33";327;3.4;9.33;9.53;0.20;""
"HD 25296";"Tau";"76403";"04 02 15 +28 07 35";"STF 481 AB";"2020";"28";109;2.8;7.52;9.60;2.08;""
"";"Tau";"76403";"04 02 15 +28 07 35";"STF 481 AC";"2020";"37";321;13.8;7.52;10.06;2.54;""
"";"Tau";"76403";"04 02 15 +28 07 35";"STF 481 AD";"2010";"5";90;999.9;7.52;8.18;0.66;""
"";"Tau";"76411";"04 02 54 +22 08 12";"STF 482";"2016";"24";124;13.6;8.95;10.53;1.58;""
"HD 25444";"Per";"56936";"04 04 07 +39 30 35";"STF 483";"2024";"147";50;1.6;7.38;9.35;1.97;"Y"
"";"Cam";"13031";"04 07 51 +62 19 48";"STF 484 AG";"2017";"17";260;59.9;6.91;9.63;2.72;""
"";"Cam";"13031";"04 07 51 +62 19 48";"STF 484 AH";"2017";"14";256;56.6;6.91;10.50;3.59;""
"";"Cam";"13031";"04 07 51 +62 19 48";"STF 484 AI";"2017";"16";279;69.4;6.91;9.81;2.90;""
"";"Cam";"13030";"04 07 49 +62 19 59";"STF 484 EH";"2017";"12";239;46.9;6.94;10.50;3.56;""
"";"Cam";"13030";"04 07 49 +62 19 59";"STF 484 EI";"2017";"19";270;53.7;6.94;9.81;2.87;""
"";"Cam";"13029";"04 07 43 +62 19 38";"STF 484 GH";"2022";"40";133;5.6;9.63;10.50;0.87;""
"";"Cam";"13034";"04 07 43 +62 19 38";"STF 484 GI";"2017";"29";336;22.7;9.63;9.81;0.18;""
"";"Cam";"13029";"04 07 43 +62 19 35";"STF 484 HI";"2017";"21";331;27.7;10.50;9.81;0.69;""
"";"Cam";"13031";"04 07 51 +62 19 48";"STF 485 AC";"2022";"17";1;11.2;6.91;13.50;6.59;""
"";"Cam";"13031";"04 07 51 +62 19 48";"STF 485 AD";"2018";"11";131;14.4;6.91;14.10;7.19;""
"SZ Cam";"Cam";"13031";"04 07 51 +62 19 48";"STF 485 AE";"2022";"103";305;17.9;6.91;6.94;0.03;""
"";"Cam";"13031";"04 07 51 +62 19 48";"STF 485 AF";"2017";"14";320;36.1;6.91;11.70;4.79;""
"";"Cam";"13031";"04 07 51 +62 19 48";"STF 485 AL";"2017";"8";71;98.1;6.91;9.80;2.89;""
"";"Cam";"13031";"04 07 51 +62 19 48";"STF 485 AO";"2017";"18";78;138.4;6.91;9.40;2.49;""
"";"Cam";"13030";"04 07 49 +62 19 59";"STF 485 EB";"2018";"4";145;14.3;6.94;12.90;5.96;""
"";"Cam";"13030";"04 07 49 +62 19 59";"STF 485 EC";"2018";"17";86;14.7;6.94;13.50;6.56;""
"";"Cam";"13030";"04 07 49 +62 19 59";"STF 485 EF";"2018";"21";333;19.5;6.94;11.70;4.76;""
"";"Cam";"13030";"04 07 49 +62 19 59";"STF 485 EG";"2017";"24";245;48.9;6.94;9.63;2.69;""
"";"Cam";"5144";"04 19 49 +79 28 58";"STF 486";"2015";"25";355;8.2;10.12;11.60;1.48;""
"HD 25298";"Eri";"149314";"04 00 55 -10 26 58";"STF 487 AB";"2016";"31";10;12.1;9.47;9.98;0.51;""
"";"Eri";"149314";"04 00 55 -10 26 58";"STF 487 AC";"2015";"27";229;19.8;9.47;10.51;1.04;""
"";"Eri";"149315";"04 00 55 -10 26 46";"STF 487 BC";"2015";"28";214;30.1;9.98;10.51;0.53;""
"HD 25415";"Eri";"130883";"04 02 13 -04 02 40";"STF 488";"2015";"13";24;23.3;9.46;11.57;2.11;""
"HD 25458";"Eri";"";"04 02 23 -07 00 18";"STF 489";"2018";"46";197;3.0;9.61;9.68;0.07;""
"HD 25993";"Cam";"";"04 10 28 +60 09 24";"STF 490";"2021";"34";58;4.7;9.33;9.59;0.26;""
"HD 25812";"Tau";"93758";"04 05 53 +10 58 24";"STF 491";"2021";"44";97;3.0;8.58;9.56;0.98;""
"HD 25949";"Per";"39334";"04 08 19 +41 29 26";"STF 492 AB";"2015";"17";200;98.1;7.90;10.96;3.06;""
"";"Per";"";"04 08 16 +41 27 54";"STF 492 BC";"2016";"14";318;5.4;10.96;11.00;0.04;""
"HD 25942";"Tau";"";"04 06 45 +05 41 13";"STF 493";"2018";"45";83;1.3;9.07;9.51;0.44;""
"HD 26128";"Tau";"76476";"04 08 54 +23 05 55";"STF 494";"2021";"115";187;5.5;7.53;7.65;0.12;""
"NSV1466";"Tau";"93775";"04 07 42 +15 09 46";"STF 495 AB";"2021";"71";222;3.5;6.11;8.77;2.66;""
"";"Cam";"5142";"04 16 30 +70 30 29";"STF 496 AB";"2015";"13";58;30.8;11.33;10.89;0.44;""
"";"Cam";"5142";"04 16 30 +70 30 29";"STF 496 AC";"2015";"13";24;37.7;11.33;12.03;0.70;""
"";"Cam";"5142";"04 16 30 +70 30 29";"STF 496 AD";"2015";"8";140;264.6;11.33;7.69;3.64;""
"";"Cam";"149503";"04 16 35 +70 30 46";"STF 496 BC";"2015";"14";329;21.4;10.89;12.03;1.14;""
"";"Tau";"111623";"04 08 32 +08 26 42";"STF 497";"2021";"38";218;11.1;9.39;10.72;1.33;""
"HD 232908";"Cam";"";"04 12 45 +53 46 19";"STF 498";"2015";"16";159;1.4;10.13;10.75;0.62;""
"HD 283432";"Tau";"";"04 10 05 +24 06 54";"STF 499 AB";"2016";"25";285;1.6;10.36;11.87;1.51;""
"";"Tau";"";"04 10 05 +24 06 54";"STF 499 AC";"2019";"20";281;30.3;10.36;11.12;0.76;""
"HD 26344";"Per";"";"04 11 42 +40 15 55";"STF 500";"2018";"28";79;4.0;8.84;10.70;1.86;""
"HD 26215";"Eri";"130978";"04 08 39 -02 41 14";"STF 501";"2015";"29";298;28.1;9.08;10.47;1.39;""
"HD 26372";"Tau";"76486";"04 11 13 +26 29 52";"STF 502 AB";"2015";"25";242;16.9;9.07;10.37;1.30;""
"";"Tau";"";"04 11 12 +26 29 47";"STF 502 BC";"2016";"21";304;10.9;10.37;10.46;0.09;""
"";"Cam";"";"04 17 04 +64 08 18";"STF 503";"2021";"24";228;4.9;10.49;10.58;0.09;""
"HD 26706";"Cam";"";"04 18 19 +67 33 49";"STF 504";"2022";"24";266;6.8;9.30;10.52;1.22;""
"HD 26717";"Cam";"13079";"04 17 23 +62 35 21";"STF 505";"2015";"23";119;9.1;8.42;11.36;2.94;""
"HD 27667";"Cam";"169358";"04 20 56 +70 23 14";"STF 506";"2022";"28";295;9.8;10.26;10.36;0.10;""
"HD 26881";"Cam";"13095";"04 19 59 +67 52 49";"STF 508";"2018";"23";250;3.1;8.45;11.11;2.66;""
"HD 26801";"Cam";"13088";"04 18 11 +61 54 45";"STF 509 AB";"2015";"22";21;13.0;7.67;11.46;3.79;""
"";"Cam";"13088";"04 18 11 +61 54 45";"STF 509 AC";"2015";"24";248;37.7;7.67;9.65;1.98;""
"HD 26573";"Tau";"111659";"04 12 09 +00 44 08";"STF 510";"2021";"33";302;11.1;6.67;10.05;3.38;""
"41 Eri";"Cam";"24521";"04 17 56 +58 47 27";"STF 511";"2022";"102";67;0.5;7.37;8.70;1.33;"Y"
"HD 26735";"Per";"39422";"04 15 45 +45 23 38";"STF 512";"2022";"61";218;5.3;8.73;8.79;0.06;""
"";"Cam";"13094";"04 19 14 +61 35 02";"STF 513 A,BC";"2016";"21";60;5.3;7.94;10.49;2.55;""
"HD 26649";"Eri";"131031";"04 12 40 -06 50 06";"STF 514";"2017";"21";75;8.1;8.94;10.70;1.76;""
"HD 26678";"Tau";"111669";"04 13 23 +02 52 08";"STF 515";"2020";"45";39;3.1;9.04;9.15;0.11;""
"39 Eri";"Eri";"149478";"04 14 24 -10 15 21";"STF 516 AB";"2021";"78";143;6.7;5.03;8.53;3.50;""
"";"Eri";"149478";"04 14 24 -10 15 21";"STF 516 AC";"2014";"10";157;133.7;5.03;11.36;6.33;""
"HD 26991";"Tau";"111705";"04 16 01 +00 27 14";"STF 517";"2021";"43";7;3.3;7.39;9.26;1.87;""
"Keid";"Eri";"131063";"04 15 16 -07 39 10";"STF 518 A,BC";"2024";"108";102;83.2;4.43;9.31;4.88;""
"";"Eri";"131063";"04 15 16 -07 39 10";"STF 518 AC";"2024";"9";98;77.9;4.43;11.17;6.74;""
"";"Eri";"131063";"04 15 16 -07 39 10";"STF 518 AD";"2016";"18";37;551.0;4.43;12.62;8.19;""
"";"Eri";"131063";"04 15 16 -07 39 10";"STF 518 AE";"1998";"12";25;639.0;4.43;12.99;8.56;""
"";"Eri";"131065";"04 15 22 -07 39 29";"STF 518 BC";"2024";"192";327;7.7;9.53;11.17;1.64;"Y"
"";"Eri";"";"04 15 22 -07 39 29";"STF 518 BD";"2016";"6";29;521.0;9.53;12.62;3.09;""
"";"Eri";"";"04 15 22 -07 39 29";"STF 518 BE";"2016";"6";18;625.4;9.53;12.99;3.46;""
"HD 27276";"Per";"24554";"04 20 54 +50 22 39";"STF 519 AB";"2015";"23";348;17.9;7.85;9.40;1.55;""
"HD 27160";"Tau";"76539";"04 18 15 +22 48 25";"STF 520";"2022";"135";83;0.7;8.26;8.45;0.19;"Y"
"HD 27395";"Per";"39484";"04 21 45 +50 02 06";"STF 521";"2020";"23";259;2.0;7.44;9.17;1.73;""
"HD 27447";"Per";"24576";"04 22 30 +51 36 22";"STF 522";"2016";"36";211;1.5;9.46;9.47;0.01;""
"HD 27335";"Tau";"76552";"04 19 46 +23 44 18";"STF 523 AB";"2020";"34";163;10.1;7.58;9.86;2.28;""
"";"Tau";"76552";"04 19 46 +23 44 18";"STF 523 AC";"2015";"22";50;108.6;7.59;8.92;1.33;""
"";"Per";"39496";"04 23 05 +49 34 13";"STF 524";"2021";"24";58;7.0;9.01;9.83;0.82;""
"HD 27340";"Eri";"131106";"04 18 45 -02 41 48";"STF 525 AB";"2015";"18";244;45.3;8.91;10.18;1.27;""
"";"Eri";"131106";"04 18 45 -02 41 48";"STF 525 AC";"2015";"11";235;48.0;8.91;9.91;1.00;""
"";"Eri";"";"04 18 42 -02 42 08";"STF 525 BC";"2018";"17";170;7.9;10.18;10.70;0.52;""
"HD 27705";"Cam";"13142";"04 25 52 +60 15 21";"STF 526 AB";"2021";"27";55;6.0;8.92;9.35;0.43;""
"HD 27388";"Eri";"131108";"04 19 03 -07 25 23";"STF 527";"2021";"29";196;6.2;8.16;10.38;2.22;""
"Chi Tau";"Tau";"76573";"04 22 35 +25 37 46";"STF 528 AB";"2016";"80";25;19.4;5.37;8.54;3.17;""
"HD 27659";"Tau";"76574";"04 22 55 +28 23 55";"STF 529 AB";"2018";"18";13;4.3;8.40;10.10;1.70;""
"HD 232953";"Cam";"24612";"04 26 29 +53 29 28";"STF 530 AB";"2015";"19";201;14.0;9.24;11.47;2.23;""
"";"Cam";"24612";"04 26 29 +53 29 28";"STF 530 AC";"2015";"7";278;37.7;9.24;12.10;2.86;""
"HD 27856";"Cam";"24614";"04 26 46 +55 38 38";"STF 531";"2020";"52";325;1.0;7.69;8.76;1.07;"Y"
"";"Eri";"149560";"04 20 44 -14 13 18";"STF 532";"2015";"11";214;19.0;9.05;10.40;1.35;""
"V590 Per";"Per";"57211";"04 24 25 +34 18 53";"STF 533 AB";"2020";"61";62;19.0;7.30;8.49;1.19;""
"";"Per";"57211";"04 24 25 +34 18 53";"STF 533 AC";"2015";"10";193;106.9;7.30;12.00;4.70;""
"62 Tau";"Tau";"76591";"04 23 60 +24 18 04";"STF 534 AB";"2019";"74";291;29.1;6.36;7.94;1.58;""
"";"Tau";"76590";"04 23 58 +24 18 14";"STF 534 BC";"2015";"11";338;110.7;7.94;11.93;3.99;""
"HD 27762";"Tau";"93899";"04 23 17 +11 22 40";"STF 535";"2023";"242";267;1.1;6.95;8.29;1.34;"Y"
"HD 27699";"Eri";"131150";"04 22 10 -04 40 37";"STF 536";"2021";"69";193;1.5;7.94;8.73;0.79;""
"HD 27708";"Eri";"149581";"04 22 04 -09 57 07";"STF 537";"2015";"26";353;18.9;8.36;10.79;2.43;""
"";"Cam";"13161";"04 30 37 +64 13 32";"STF 538 AB";"2016";"24";220;7.5;9.71;10.43;0.72;""
"";"Cam";"13161";"04 30 37 +64 13 32";"STF 538 AC";"2016";"16";358;11.5;9.71;15.20;5.49;""
"HD 28184";"Cam";"13167";"04 30 54 +63 24 57";"STF 540";"2015";"15";184;3.1;8.78;10.82;2.04;""
"Kap Tau";"Tau";"76601";"04 25 22 +22 17 38";"STF 541 AB";"2016";"34";174;339.4;4.22;5.29;1.07;""
"";"Tau";"76601";"04 25 22 +22 17 38";"STF 541 A,CD";"2013";"6";176;177.6;4.22;10.59;6.37;""
"";"Tau";"76601";"04 25 22 +22 17 38";"STF 541 AE";"2014";"5";269;146.5;4.22;13.08;8.86;""
"";"Tau";"76602";"04 25 25 +22 12 00";"STF 541 B,CD";"2014";"6";350;163.3;5.29;9.50;4.21;""
"";"Tau";"76602";"04 25 25 +22 12 00";"STF 541 BF";"2014";"5";216;108.3;5.29;13.70;8.41;""
"";"Tau";"";"04 25 23 +22 14 38";"STF 541 CD";"2020";"25";329;5.5;10.60;10.00;0.60;""
"";"Per";"39543";"04 27 41 +46 15 29";"STF 542";"2015";"27";110;21.7;8.46;10.50;2.04;""
"HD 27955";"Eri";"131187";"04 24 36 -04 52 21";"STF 543";"2015";"12";193;4.9;8.78;10.80;2.02;""
"HD 27983";"Eri";"";"04 24 42 -08 45 10";"STF 544 AB";"2022";"40";352;3.3;8.59;9.51;0.92;""
"HD 28150";"Tau";"93942";"04 27 05 +18 12 27";"STF 545 AB";"2020";"48";58;19.0;6.92;8.78;1.86;""
"HD 28139";"Tau";"93940";"04 27 01 +19 07 04";"STF 546";"2021";"68";182;7.0;7.94;9.21;1.27;""
"";"Eri";"131206";"04 25 54 -01 23 55";"STF 547 AB";"2015";"41";119;7.6;9.42;12.40;2.98;""
"";"Eri";"131206";"04 25 54 -01 23 55";"STF 547 AC";"2015";"16";258;214.2;9.42;6.85;2.57;""
"";"Eri";"131200";"04 25 40 -01 24 39";"STF 547 CD";"2015";"4";228;24.9;6.85;13.01;6.16;""
"HD 28271";"Tau";"57249";"04 28 52 +30 21 42";"STF 548 AB";"2020";"53";36;14.9;6.44;8.03;1.59;""
"";"Tau";"57249";"04 28 52 +30 21 42";"STF 548 AC";"2015";"11";197;120.2;6.44;11.31;4.87;""
"";"Tau";"";"04 28 49 +30 19 46";"STF 548 CD";"2015";"8";53;16.6;11.31;14.00;2.69;""
"HD 28259";"Tau";"111835";"04 27 51 +10 01 15";"STF 549 AB";"2020";"26";157;25.3;8.24;10.02;1.78;""
"1 Cam";"Cam";"24672";"04 32 02 +53 54 39";"STF 550 AB";"2018";"115";308;10.4;5.78;6.82;1.04;""
"";"Cam";"24670";"04 32 01 +53 54 45";"STF 550 BC";"2015";"8";217;150.9;6.82;11.36;4.54;""
"HD 28496";"Per";"24675";"04 32 13 +52 12 03";"STF 551";"2015";"25";128;13.9;9.43;10.17;0.74;""
"HD 28503";"Per";"57278";"04 31 24 +40 00 37";"STF 552";"2019";"76";116;9.0;6.78;7.18;0.40;""
"HD 28618";"Per";"24685";"04 33 16 +51 02 49";"STF 553";"2021";"28";135;3.2;8.79;9.60;0.81;""
"80 Tau";"Tau";"93970";"04 30 09 +15 38 16";"STF 554";"2021";"196";17;1.3;5.70;8.12;2.42;"Y"
"HD 29579";"Cep";"758";"04 53 27 +81 29 24";"STF 555";"2015";"14";148;24.5;9.34;11.03;1.69;""
"";"Tau";"";"04 30 13 +05 17 55";"STF 556 AB";"2019";"29";289;4.4;10.63;10.75;0.12;""
"51 Eri";"Cam";"13205";"04 37 34 +62 58 44";"STF 557 A,BC";"2016";"19";127;23.4;8.82;9.56;0.74;""
"HD 31432";"Cep";"838";"05 34 52 +86 50 45";"STF 558";"2022";"14";219;3.2;9.49;10.70;1.21;""
"HD 28867";"Tau";"94002";"04 33 33 +18 01 00";"STF 559";"2023";"183";277;2.9;6.97;7.02;0.05;""
"HD 28763";"Eri";"149702";"04 31 26 -13 38 39";"STF 560 AB";"2015";"17";45;29.6;6.26;9.33;3.07;""
"";"Cam";"5292";"04 45 45 +74 14 60";"STF 561";"2015";"12";149;25.0;8.76;12.07;3.31;""
"HD 28976";"Tau";"76658";"04 34 45 +22 41 32";"STF 562 AB";"2021";"26";286;1.8;6.82;9.94;3.12;""
"HD 29096";"Per";"39638";"04 36 39 +41 04 37";"STF 563";"2015";"27";32;11.7;7.98;10.49;2.51;""
"HD 28934";"Eri";"149723";"04 33 06 -12 08 14";"STF 564 AB";"2019";"25";347;3.5;9.39;9.53;0.14;""
"";"Eri";"149723";"04 33 06 -12 08 14";"STF 564 AC";"2017";"9";89;119.6;9.39;10.84;1.45;""
"90 Tau";"Per";"39660";"04 38 07 +42 07 02";"STF 565 AB";"2018";"44";167;1.4;7.68;9.13;1.45;""
"";"Per";"39660";"04 38 07 +42 07 02";"STF 565 AC";"2019";"9";100;22.8;7.68;10.26;2.58;""
"";"Per";"39660";"04 38 07 +42 07 02";"STF 565 AD";"2015";"7";45;69.1;7.68;11.59;3.91;""
"2 Cam";"Cam";"24744";"04 39 58 +53 28 24";"STF 566 AB,C";"2022";"172";158;0.9;5.56;7.49;1.93;"Y"
"";"Cam";"24744";"04 39 58 +53 28 24";"STF 566 AB,D";"2012";"5";245;19.0;5.56;13.20;7.64;""
"HD 29205";"Tau";"94032";"04 36 43 +19 29 35";"STF 567";"2022";"112";346;2.0;9.00;9.28;0.28;"Y"
"HD 29283";"Per";"57351";"04 38 23 +39 26 58";"STF 568";"2015";"13";200;21.2;8.49;11.78;3.29;""
"HD 29195";"Tau";"76668";"04 36 14 +09 12 32";"STF 569";"2018";"37";134;8.0;8.74;9.56;0.82;""
"HD 29172";"Eri";"131335";"04 35 14 -09 44 11";"STF 570";"2018";"60";260;12.8;6.71;7.64;0.93;""
"HD 29227";"Eri";"131344";"04 36 02 -03 36 42";"STF 571 AB";"2022";"20";260;17.6;6.33;10.60;4.27;""
"";"Eri";"131344";"04 36 02 -03 36 42";"STF 571 AC";"2016";"4";200;43.4;6.33;13.40;7.07;""
"";"Eri";"131344";"04 36 02 -03 36 42";"STF 571 AD";"2016";"4";275;59.3;6.32;14.12;7.80;""
"NSV1676";"Tau";"76682";"04 38 30 +26 56 26";"STF 572 AB";"2021";"330";188;4.5;7.36;7.21;0.15;"Y"
"";"Cep";"834";"05 28 25 +86 04 52";"STF 573 AB";"2016";"14";209;22.2;10.01;10.70;0.69;""
"HD 29644";"Cam";"24778";"04 42 58 +53 08 18";"STF 574";"2021";"19";315;4.6;8.34;10.06;1.72;""
"HD 29500";"Eri";"";"04 38 39 -00 23 46";"STF 575";"2016";"19";158;4.7;9.42;10.12;0.70;""
"HD 29482";"Eri";"149776";"04 37 60 -13 01 44";"STF 576 AB";"2017";"50";172;12.3;7.33;7.85;0.52;""
"HD 29695";"Per";"57379";"04 42 13 +37 30 54";"STF 577";"2024";"201";313;0.7;8.38;8.45;0.07;"Y"
"HD 29633";"Tau";"111967";"04 40 07 +03 19 12";"STF 578";"2016";"27";26;11.2;9.68;10.16;0.48;""
"HD 284578";"Tau";"76713";"04 41 43 +22 43 54";"STF 579";"2019";"29";40;16.4;8.86;10.45;1.59;""
"";"Per";"39712";"04 44 03 +42 25 08";"STF 581 AC";"2015";"7";143;104.8;7.64;12.10;4.46;""
"";"Per";"";"04 44 09 +42 23 44";"STF 581 CD";"2016";"14";342;8.1;12.10;12.60;0.50;""
"HD 29833";"Per";"39712";"04 44 03 +42 25 08";"STF 582 AB";"2019";"25";24;5.6;7.64;10.19;2.55;""
"HD 29728";"Tau";"111975";"04 40 56 +00 57 46";"STF 583 AB";"2019";"26";327;5.7;7.88;9.28;1.40;""
"";"Tau";"111975";"04 40 56 +00 57 46";"STF 583 AC";"2015";"14";265;99.4;7.88;10.55;2.67;""
"HD 30164";"Cam";"13278";"04 50 05 +66 32 07";"STF 584";"2016";"20";123;12.0;7.61;9.40;1.79;""
"HD 29885";"Tau";"";"04 42 42 +04 50 00";"STF 585";"2015";"14";277;12.1;9.29;12.50;3.21;""
"";"Cam";"";"04 48 47 +53 07 32";"STF 586";"2015";"14";131;29.1;10.84;11.12;0.28;""
"HD 30167";"Cam";"24835";"04 48 02 +53 07 19";"STF 587";"2018";"37";185;21.0;7.59;9.15;1.56;""
"HD 29980";"Eri";"";"04 43 16 -09 37 06";"STF 588 AC";"2015";"15";268;45.4;8.13;10.62;2.49;""
"HD 30101";"Ori";"112035";"04 44 48 +05 17 22";"STF 589 AB";"2020";"161";276;4.8;8.78;8.92;0.14;"Y"
"55 Eri";"Eri";"131443";"04 43 35 -08 47 46";"STF 590";"2018";"101";318;9.3;6.74;6.78;0.04;""
"";"Per";"39759";"04 47 43 +40 13 57";"STF 591 AB,C";"2016";"9";25;34.7;8.95;12.73;3.78;""
"HD 276919";"Per";"39761";"04 47 53 +40 18 21";"STF 592";"2015";"15";245;18.4;10.00;11.13;1.13;""
"HD 276957";"Per";"195327";"04 49 19 +39 15 55";"STF 594";"2018";"24";332;8.8;10.23;12.00;1.77;""
"";"Cep";"814";"05 13 59 +82 28 46";"STF 595";"2016";"13";139;3.7;9.72;11.74;2.02;""
"";"Eri";"149867";"04 45 51 -11 56 58";"STF 596 AB,C";"2021";"34";304;9.8;8.31;10.02;1.71;""
"HD 30383";"Ori";"94125";"04 47 40 +13 06 53";"STF 597 AB";"2015";"15";276;30.5;8.78;12.20;3.42;""
"HD 30456";"Tau";"94132";"04 48 35 +17 48 24";"STF 598";"2016";"32";318;9.3;8.10;9.96;1.86;""
"HD 30584";"Aur";"39800";"04 51 05 +44 58 08";"STF 599 AB";"2021";"30";336;10.5;8.68;10.14;1.46;""
"";"Aur";"39800";"04 51 05 +44 58 08";"STF 599 AC";"2021";"9";34;18.0;8.68;14.10;5.42;""
"";"Aur";"";"04 51 04 +44 58 17";"STF 599 BC";"2015";"10";69;15.0;10.14;14.10;3.96;""
"HD 30768";"Cam";"13302";"04 54 14 +60 35 18";"STF 600";"2016";"14";54;29.8;8.90;11.59;2.69;""
"HD 31133";"Cam";"13324";"04 58 58 +69 18 39";"STF 602";"2016";"21";136;29.0;8.81;10.19;1.38;""
"HD 30924";"Aur";"39837";"04 54 14 +49 34 52";"STF 603 AB";"2024";"35";242;8.7;8.72;8.88;0.16;""
"HD 31231";"Cam";"13327";"04 59 58 +70 03 16";"STF 604";"2019";"22";38;2.1;9.09;9.36;0.27;""
"HD 286096";"Ori";"";"04 51 02 +15 21 55";"STF 605";"2016";"19";283;11.3;10.90;10.89;0.01;""
"HD 31313";"Cam";"13333";"05 00 26 +69 25 10";"STF 606";"2016";"24";301;37.6;8.94;9.70;0.76;""
"HD 283941";"Tau";"";"04 53 09 +25 29 28";"STF 607";"2015";"23";251;14.2;10.37;11.55;1.18;""
"HD 31166";"Aur";"24922";"04 56 17 +52 05 52";"STF 608 AB,C";"2019";"31";114;4.7;8.19;9.50;1.31;""
"HD 30926";"Ori";"";"04 51 49 +01 14 56";"STF 609";"2018";"57";69;3.0;8.79;9.09;0.30;""
"";"Cam";"24929";"04 57 17 +53 45 08";"STF 610 AB,C";"2016";"19";240;25.8;4.49;11.30;6.81;""
"HD 31180";"Tau";"76824";"04 54 26 +21 45 00";"STF 611 AB";"2015";"13";206;14.1;9.24;11.30;2.06;""
"";"Ori";"112196";"04 54 17 +07 22 23";"STF 612 AB";"2020";"81";200;16.0;8.33;8.41;0.08;""
"";"Ori";"112196";"04 54 17 +07 22 23";"STF 612 AC";"2016";"10";263;61.2;8.33;13.30;4.97;""
"";"Ori";"112195";"04 54 16 +07 22 08";"STF 612 BC";"2016";"7";278;55.8;8.41;13.30;4.89;""
"HD 31533";"Aur";"39905";"04 58 51 +44 08 22";"STF 613 AB";"2021";"52";100;11.5;8.59;9.58;0.99;""
"";"Aur";"39905";"04 58 51 +44 08 22";"STF 613 AC";"2021";"22";51;21.1;8.59;11.32;2.73;""
"";"Aur";"";"04 58 52 +44 08 20";"STF 613 BC";"2015";"27";18;16.0;9.58;11.32;1.74;""
"";"Ori";"";"04 55 04 -00 32 42";"STF 614 AB,C";"2018";"32";69;4.4;9.07;9.50;0.43;""
"";"Ori";"";"04 55 04 -00 32 42";"STF 614 BC";"2011";"5";69;4.3;10.14;9.49;0.65;""
"HD 32086";"Cam";"5428";"05 08 03 +73 35 29";"STF 615";"2016";"26";18;1.3;8.27;10.05;1.78;""
"Ome Aur";"Aur";"57548";"04 59 15 +37 53 25";"STF 616 AB";"2022";"127";5;4.7;5.00;8.21;3.21;""
"";"Aur";"57548";"04 59 15 +37 53 25";"STF 616 AC";"2002";"3";238;163.5;5.00;12.09;7.09;""
"";"Cam";"13346";"05 03 26 +63 00 18";"STF 617 DE";"2016";"28";121;12.6;9.24;9.82;0.58;""
"HD 31864";"Cam";"13348";"05 03 33 +63 05 09";"STF 618 AB";"2017";"47";211;33.3;7.68;7.98;0.30;""
"";"Cam";"13348";"05 03 33 +63 05 09";"STF 618 AC";"2016";"4";194;152.6;7.68;11.82;4.14;""
"";"Cam";"13348";"05 03 33 +63 05 09";"STF 618 AD";"2016";"6";189;300.5;7.68;9.24;1.56;""
"";"Cam";"13347";"05 03 31 +63 04 41";"STF 618 BC";"2016";"8";189;121.8;7.98;11.82;3.84;""
"HD 31796";"Aur";"24955";"05 01 20 +50 15 25";"STF 619";"2023";"137";163;4.2;9.51;9.88;0.37;"Y"
"HD 31665";"Ori";"94234";"04 58 19 +13 57 11";"STF 620";"2020";"39";237;4.3;8.77;9.81;1.04;""
"HD 277309";"Aur";"57565";"05 00 47 +39 12 33";"STF 621 AB";"2025";"34";132;10.0;9.70;10.20;0.50;""
"HD 31698";"Ori";"112275";"04 58 06 +01 40 32";"STF 622";"2020";"106";162;2.6;8.48;8.61;0.13;""
"HD 31806";"Tau";"76880";"04 59 54 +27 19 32";"STF 623 AB";"2018";"42";206;20.5;6.98;8.72;1.74;""
"HD 31682";"Eri";"131631";"04 57 38 -05 44 55";"STF 624";"2016";"23";89;28.7;8.59;9.26;0.67;""
"HD 32142";"Cam";"24989";"05 04 33 +58 51 40";"STF 625 A,BC";"2022";"19";116;4.6;8.29;10.44;2.15;""
"HD 31918";"Ori";"94249";"05 00 02 +10 23 27";"STF 626 AB";"2016";"19";242;24.2;8.01;10.50;2.49;""
"NSV1800";"Ori";"112305";"05 00 34 +03 36 57";"STF 627 AB";"2020";"71";260;21.2;6.59;6.95;0.36;""
"HD 32056";"Ori";"112306";"05 00 40 +03 15 55";"STF 628";"2024";"22";47;22.6;8.13;9.85;1.72;""
"HD 33971";"Cam";"856";"05 32 47 +83 24 16";"STF 629";"2017";"42";31;22.0;9.10;11.04;1.94;""
"HD 32273";"Ori";"112340";"05 02 00 +01 36 32";"STF 630 A,BC";"2020";"65";49;14.4;6.50;7.71;1.21;""
"HD 32179";"Eri";"150076";"05 00 41 -13 30 13";"STF 631";"2018";"34";107;5.8;7.49;8.77;1.28;""
"HD 33440";"Cam";"5489";"05 20 53 +78 22 29";"STF 632";"2016";"15";46;1.7;8.15;9.93;1.78;""
"HD 32893";"Cam";"13394";"05 10 43 +63 35 50";"STF 633";"2016";"17";342;11.8;6.77;10.57;3.80;""
"HD 33564";"Cam";"5496";"05 22 34 +79 13 52";"STF 634 AB";"2016";"92";142;31.1;5.14;9.14;4.00;""
"";"Cam";"5496";"05 22 34 +79 13 52";"STF 634 AC";"2014";"7";333;170.1;5.14;9.18;4.04;""
"HD 32652";"Cam";"25033";"05 07 52 +54 59 12";"STF 635";"2019";"39";305;1.0;8.56;8.82;0.26;""
"HD 32468";"Eri";"131720";"05 03 02 -08 39 47";"STF 636";"2017";"55";104;3.7;7.11;8.52;1.41;""
"";"Cam";"13401";"05 12 43 +67 50 06";"STF 637";"2016";"16";36;20.7;8.71;10.44;1.73;""
"HD 33164";"Cam";"13412";"05 14 20 +69 49 25";"STF 638";"2019";"32";221;5.3;7.52;9.06;1.54;""
"HD 32579";"Ori";"";"05 04 01 -02 51 28";"STF 639 AB";"2020";"34";81;5.5;8.67;9.48;0.81;""
"HD 32769";"Aur";"57644";"05 07 02 +33 24 48";"STF 640 AB";"2020";"22";100;9.2;8.88;9.80;0.92;""
"HD 33166";"Cam";"25065";"05 11 50 +57 21 32";"STF 641";"2017";"9";259;16.7;8.73;10.73;2.00;""
"";"Eri";"131777";"05 06 46 -04 39 19";"STF 642 AC";"2011";"11";10;52.2;5.12;10.80;5.68;""
"";"Ori";"112442";"05 07 55 +08 24 09";"STF 643 AB";"2018";"52";125;2.4;9.58;9.61;0.03;""
"HD 33203";"Aur";"57704";"05 10 19 +37 18 07";"STF 644 AB";"2024";"178";221;1.7;6.96;6.78;0.18;""
"V1156 Tau";"Tau";"76990";"05 09 45 +28 01 50";"STF 645 A,BC";"2017";"69";29;11.3;6.04;9.11;3.07;""
"HD 33298";"Aur";"57717";"05 11 02 +39 16 55";"STF 646 AB";"2016";"40";77;15.7;8.36;9.53;1.17;""
"HD 33334";"Aur";"57719";"05 10 59 +32 02 20";"STF 648 AB";"2020";"93";64;5.0;8.14;8.93;0.79;"Y"
"";"Aur";"57719";"05 10 59 +32 02 20";"STF 648 AC";"2016";"6";113;49.5;8.14;13.06;4.92;""
"";"Aur";"57719";"05 10 59 +32 02 20";"STF 648 AD";"2016";"7";73;47.7;8.14;13.40;5.26;""
"HD 33224";"Eri";"131806";"05 08 20 -08 39 55";"STF 649 AB";"2017";"40";69;21.3;5.80;8.97;3.17;""
"";"Eri";"131806";"05 08 20 -08 39 55";"STF 649 AC";"2017";"8";4;87.5;5.80;11.28;5.48;""
"";"Eri";"131807";"05 08 22 -08 39 48";"STF 649 BC";"2017";"10";350;80.7;8.97;11.28;2.31;""
"HD 33449";"Eri";"131836";"05 10 02 -07 04 18";"STF 651";"2018";"64";27;47.8;8.55;9.96;1.41;""
"HD 33646";"Ori";"112509";"05 11 45 +01 02 12";"STF 652";"2021";"72";180;1.7;6.26;7.44;1.18;""
"14 Aur";"Aur";"57799";"05 15 24 +32 41 15";"STF 653 AB";"2017";"28";11;8.9;5.03;10.90;5.87;""
"";"Aur";"57799";"05 15 24 +32 41 15";"STF 653 AC";"2019";"102";225;14.3;5.03;7.33;2.30;""
"";"Aur";"57799";"05 15 24 +32 41 15";"STF 653 AD";"2010";"10";322;179.7;5.03;10.75;5.72;""
"";"Aur";"57799";"05 15 25 +32 41 25";"STF 653 BC";"2015";"21";211;23.3;10.90;7.33;3.57;""
"Rho Ori";"Ori";"112528";"05 13 17 +02 51 40";"STF 654 AB";"2023";"84";64;6.9;4.62;8.50;3.88;""
"";"Ori";"112528";"05 13 17 +02 51 40";"STF 654 AC";"2023";"10";158;182.2;4.62;11.43;6.81;""
"Iot Lep";"Lep";"150223";"05 12 18 -11 52 09";"STF 655 AB";"2015";"19";337;11.9;4.47;9.92;5.45;""
"HD 34277";"Cam";"13462";"05 20 41 +63 09 54";"STF 656";"2016";"18";213;2.8;8.72;10.35;1.63;""
"HD 34234";"Aur";"25124";"05 18 47 +52 49 52";"STF 657";"2024";"66";316;0.9;8.30;8.81;0.51;""
"HD 34093";"Aur";"57821";"05 16 40 +39 02 45";"STF 658 AB";"2018";"23";189;5.8;9.02;10.25;1.23;""
"HD 35164";"Cam";"13464";"05 21 47 +64 54 16";"STF 659";"2018";"22";315;5.6;9.80;10.43;0.63;""
"Kap Lep";"Lep";"150239";"05 13 14 -12 56 26";"STF 661";"2021";"52";358;2.0;4.43;6.77;2.34;""
"HD 34096";"Tau";"77063";"05 16 00 +25 57 27";"STF 662";"2015";"11";106;5.7;8.17;11.30;3.13;""
"HD 34491";"Cam";"13469";"05 22 47 +66 12 36";"STF 663";"2016";"12";80;2.6;8.33;10.98;2.65;""
"HD 34081";"Ori";"";"05 15 11 +08 25 57";"STF 664 AB";"2019";"59";177;4.8;7.77;8.42;0.65;""
"";"Ori";"";"05 15 11 +08 25 52";"STF 664 Ba,Bb";"2022";"1";299;0.1;8.30;11.60;3.30;""
"HD 34117";"Tau";"";"05 15 44 +19 43 48";"STF 665";"2019";"41";254;1.6;9.08;9.55;0.47;""
"HD 34201";"Aur";"57836";"05 17 06 +33 19 47";"STF 666";"2024";"79";75;3.1;7.85;7.89;0.04;""
"HD 34121";"Ori";"131910";"05 14 41 -07 04 18";"STF 667";"2018";"33";315;4.2;7.15;8.78;1.63;""
"Rigel";"Ori";"131907";"05 14 32 -08 12 06";"STF 668 A,BC";"2023";"129";204;9.4;0.30;6.80;6.50;""
"HD 34331";"Aur";"40226";"05 18 57 +45 14 51";"STF 669";"2021";"44";278;10.0;8.44;8.97;0.53;""
"HD 34251";"Tau";"94431";"05 16 44 +18 26 22";"STF 670 AB";"2019";"78";165;2.6;7.72;8.28;0.56;""
"HD 242261";"Tau";"77081";"05 17 25 +26 04 60";"STF 671 AB";"2016";"28";125;17.7;9.60;10.33;0.73;""
"HD 34532";"Aur";"25135";"05 20 50 +50 36 57";"STF 673 AB";"2015";"12";271;1.4;9.24;10.42;1.18;""
"CD Tau";"Tau";"77084";"05 17 31 +20 07 55";"STF 674";"2019";"40";149;10.1;6.82;9.68;2.86;""
"";"Ori";"131923";"05 16 04 -05 35 15";"STF 675 AC";"2024";"26";9;9.3;9.41;9.75;0.34;""
"HD 34804";"Cam";"13481";"05 24 47 +64 43 53";"STF 676";"2019";"42";268;1.4;8.13;8.92;0.79;""
"HD 34839";"Cam";"13482";"05 24 44 +63 23 11";"STF 677 AB";"2024";"153";106;1.1;7.86;8.50;0.64;"Y"
"HD 34456";"Ori";"112602";"05 17 39 +04 41 02";"STF 678 AB";"2018";"37";103;3.6;9.11;9.44;0.33;""
"";"Ori";"112602";"05 17 39 +04 41 02";"STF 678 AC";"2021";"9";338;78.2;9.12;12.62;3.50;""
"HD 242583";"Tau";"77105";"05 19 44 +25 10 58";"STF 679";"2016";"28";317;20.1;10.06;10.29;0.23;""
"HD 34579";"Tau";"77098";"05 19 15 +20 08 04";"STF 680";"2016";"29";203;9.1;6.22;9.66;3.44;""
"HD 34533";"Aur";"40251";"05 20 39 +46 57 50";"STF 681 AB";"2020";"44";183;23.2;6.61;9.21;2.60;""
"HD 34581";"Ori";"112618";"05 18 41 +03 58 54";"STF 682 AB";"2020";"22";118;16.1;9.30;10.52;1.22;""
"HD 34682";"Tau";"77113";"05 20 18 +25 10 16";"STF 683";"2015";"24";80;12.1;8.40;10.62;2.22;""
"HD 34788";"Aur";"40280";"05 22 11 +45 04 54";"STF 684";"2024";"27";142;1.5;7.72;9.34;1.62;""
"HD 233116";"Aur";"25174";"05 23 53 +50 28 09";"STF 685 AB";"2022";"12";316;2.1;9.13;10.46;1.33;""
"";"Aur";"25174";"05 23 53 +50 28 09";"STF 685 AC";"2015";"5";189;20.2;9.13;13.76;4.63;""
"HD 34772";"Tau";"77122";"05 20 56 +24 02 14";"STF 686 AB";"2018";"44";225;9.3;9.21;9.40;0.19;""
"HD 34925";"Aur";"57949";"05 22 18 +33 47 54";"STF 687 AB";"2020";"41";70;17.3;8.69;9.77;1.08;""
"";"Aur";"57949";"05 22 18 +33 47 54";"STF 687 A,CD";"2016";"31";155;48.2;8.69;10.22;1.53;""
"HD 34749";"Ori";"150333";"05 19 21 -10 44 50";"STF 688";"2025";"43";95;10.7;7.52;7.55;0.03;""
"HD 35250";"Cam";"132156";"05 28 54 +67 54 57";"STF 689";"2015";"16";325;6.0;8.37;10.54;2.17;""
"HD 237390";"Cam";"25196";"05 26 50 +57 48 30";"STF 690";"2015";"29";14;23.0;9.90;10.45;0.55;""
"HD 242992";"Aur";"57960";"05 23 06 +31 09 31";"STF 691";"2020";"28";301;25.3;9.13;9.86;0.73;""
"HD 34892";"Ori";"132006";"05 20 24 -08 01 47";"STF 692 AB,C";"2024";"34";4;34.8;7.64;8.57;0.93;""
"HD 35019";"Ori";"132026";"05 21 40 -02 03 05";"STF 693";"2019";"33";11;3.5;9.09;9.52;0.43;""
"HD 35187";"Tau";"77144";"05 24 01 +24 57 38";"STF 694 AB";"2020";"61";13;1.3;8.65;8.54;0.11;""
"HD 36258";"Cam";"5603";"05 42 23 +79 19 55";"STF 695 AB";"2017";"24";161;10.6;9.02;9.68;0.66;""
"";"Cam";"";"05 42 24 +79 19 45";"STF 695 BC";"2017";"15";172;2.1;9.68;10.46;0.78;""
"23 Ori";"Ori";"112697";"05 22 50 +03 32 40";"STF 696";"2019";"82";29;32.0;4.95;6.76;1.81;""
"HD 35172";"Ori";"94512";"05 23 32 +16 02 26";"STF 697 AB";"2019";"61";287;25.4;7.27;8.10;0.83;""
"HD 35295";"Aur";"57999";"05 25 13 +34 51 19";"STF 698 AB";"2019";"55";348;31.4;6.65;8.33;1.68;""
"HD 35313";"Aur";"58006";"05 25 38 +38 02 41";"STF 699 AB";"2018";"48";345;8.9;7.90;8.61;0.71;""
"V1804 Ori";"Ori";"112704";"05 23 06 +01 03 25";"STF 700";"2017";"48";4;4.8;7.69;7.89;0.20;""
"HD 35281";"Ori";"132053";"05 23 18 -08 24 56";"STF 701";"2019";"50";138;6.2;6.13;8.09;1.96;""
"HD 35350";"Ori";"112720";"05 24 18 +02 22 05";"STF 702";"2019";"26";80;8.3;9.60;10.10;0.50;""
"";"Cep";"940";"06 13 08 +85 36 31";"STF 703";"2016";"11";57;51.1;9.19;11.85;2.66;""
"HD 35919";"Cam";"13531";"05 34 04 +69 39 39";"STF 704";"2019";"39";33;13.1;7.91;10.42;2.51;""
"HD 281137";"Aur";"58024";"05 26 38 +35 23 50";"STF 705";"2020";"28";12;18.4;10.22;10.83;0.61;""
"HD 35478";"Aur";"";"05 26 19 +30 20 08";"STF 706";"2020";"37";44;3.6;9.00;9.87;0.87;""
"";"Aur";"58067";"05 28 07 +34 25 27";"STF 707 AE";"2015";"26";132;18.3;9.40;10.80;1.40;""
"HD 35501";"Ori";"112744";"05 25 11 +01 55 26";"STF 708";"2017";"28";321;2.8;7.74;8.90;1.16;""
"HD 35486";"Ori";"132078";"05 24 45 -07 42 09";"STF 709";"2015";"21";320;11.9;9.88;10.26;0.38;""
"HD 35564";"Lep";"150424";"05 25 13 -11 18 45";"STF 710 AB";"2017";"25";196;10.3;8.61;8.91;0.30;""
"HD 35961";"Aur";"25232";"05 31 29 +54 39 16";"STF 711 AB";"2020";"53";224;7.6;7.78;9.67;1.89;"Y"
"";"Aur";"25232";"05 31 29 +54 39 16";"STF 711 AC";"2016";"6";255;172.1;7.78;11.02;3.24;""
"";"Aur";"25231";"05 31 28 +54 39 10";"STF 711 BC";"2016";"8";257;165.7;9.67;11.02;1.35;""
"";"Aur";"";"05 31 10 +54 38 27";"STF 711 Ca,Cb";"2022";"3";177;0.7;11.70;11.90;0.20;""
"";"Aur";"";"05 31 10 +54 38 27";"STF 711 CD";"2015";"7";307;15.6;11.02;13.86;2.84;""
"HD 35673";"Ori";"112765";"05 26 31 +02 56 09";"STF 712 AB";"2021";"67";67;3.2;6.70;8.59;1.89;""
"115 Tau";"Ori";"112782";"05 27 13 +06 57 59";"STF 713";"2016";"17";30;3.2;9.36;10.30;0.94;""
"";"Cam";"5600";"05 40 15 +74 00 35";"STF 714";"2016";"19";329;10.0;9.22;10.85;1.63;""
"HD 35951";"Aur";"40378";"05 30 13 +41 16 57";"STF 715 AB";"2024";"37";201;0.8;8.50;9.24;0.74;""
"";"Aur";"40378";"05 30 13 +41 16 57";"STF 715 AC";"2016";"7";71;23.6;8.50;12.70;4.20;""
"118 Tau";"Tau";"77201";"05 29 16 +25 09 01";"STF 716 AB";"2022";"209";209;4.7;5.83;6.68;0.85;""
"";"Tau";"77201";"05 29 16 +25 09 01";"STF 716 AC";"2001";"6";99;140.2;5.83;11.89;6.06;""
"V429 Aur";"Aur";"25243";"05 32 55 +52 07 41";"STF 717 AB";"2016";"20";291;17.3;8.68;11.67;2.99;""
"HD 36146";"Aur";"40400";"05 32 21 +49 23 36";"STF 718 AB";"2022";"78";72;7.8;7.47;7.54;0.07;""
"";"Aur";"40400";"05 32 21 +49 23 36";"STF 718 AC";"2015";"12";186;117.1;7.47;11.22;3.75;""
"HD 36044";"Aur";"77210";"05 30 06 +29 32 55";"STF 719 AB";"2024";"55";334;1.2;7.50;8.76;1.26;""
"";"Aur";"77210";"05 30 06 +29 32 55";"STF 719 AC";"2020";"51";353;15.0;7.50;9.39;1.89;""
"";"Cam";"13546";"05 36 49 +63 30 30";"STF 720";"2019";"21";168;6.2;8.85;10.24;1.39;""
"HD 35922";"Ori";"112824";"05 29 34 +03 08 52";"STF 721 A,BC";"2022";"44";149;25.5;7.09;9.14;2.05;""
"HD 36451";"Aur";"25265";"05 34 34 +51 55 14";"STF 723";"2019";"24";106;4.8;8.92;10.67;1.75;""
"HD 244315";"Ori";"";"05 30 18 +11 01 17";"STF 724";"2017";"22";253;6.8;9.30;10.60;1.30;""
"31 Ori";"Ori";"132176";"05 29 44 -01 05 32";"STF 725";"2015";"25";87;12.7;4.69;9.70;5.01;""
"HD 36263";"Ori";"94602";"05 30 52 +10 15 16";"STF 726";"2021";"35";263;1.1;7.90;8.59;0.69;""
"HD 36422";"Aur";"40429";"05 33 51 +44 47 09";"STF 727";"2024";"29";58;2.2;8.13;9.16;1.03;""
"32 Ori";"Ori";"112849";"05 30 47 +05 56 53";"STF 728";"2024";"241";44;1.3;4.44;5.75;1.31;"Y"
"33 Ori";"Ori";"112861";"05 31 15 +03 17 32";"STF 729 AB";"2021";"127";26;1.9;5.71;6.74;1.03;""
"";"Ori";"112861";"05 31 15 +03 17 32";"STF 729 AC";"2000";"4";52;94.1;5.71;13.90;8.19;""
"HD 36408";"Tau";"94630";"05 32 14 +17 03 29";"STF 730 AB";"2019";"94";141;9.7;6.06;6.44;0.38;""
"HD 36394";"Ori";"132208";"05 31 21 -02 05 57";"STF 731 AB";"2018";"30";327;4.8;8.61;9.16;0.55;""
"HD 36366";"Ori";"132203";"05 31 00 -06 11 29";"STF 732";"2017";"11";134;28.1;8.17;10.83;2.66;""
"HD 244804";"Tau";"94648";"05 33 28 +16 00 53";"STF 733 AB";"2017";"28";41;12.4;9.84;10.39;0.55;""
"NSV2131";"Ori";"132247";"05 33 07 -01 43 02";"STF 734 AB";"2021";"41";355;1.6;6.67;8.22;1.55;""
"";"Ori";"132247";"05 33 07 -01 43 02";"STF 734 AC";"2024";"45";243;29.5;6.67;8.35;1.68;""
"HD 36630";"Ori";"132243";"05 32 52 -06 30 36";"STF 735 AB";"2015";"46";350;58.1;8.87;9.49;0.62;""
"";"Ori";"132243";"05 32 52 -06 30 36";"STF 735 AC";"2015";"8";302;178.2;8.87;12.02;3.15;""
"";"Ori";"132242";"05 32 52 -06 29 41";"STF 735 BC";"2014";"9";285;146.2;9.49;12.02;2.53;""
"HD 36929";"Aur";"40485";"05 37 07 +41 49 42";"STF 736 AB";"2019";"71";0;2.7;7.45;8.57;1.12;""
"";"Aur";"40485";"05 37 07 +41 49 42";"STF 736 AC";"2016";"1";271;15.1;7.45;15.10;7.65;""
"";"Aur";"58234";"05 36 23 +34 08 02";"STF 737 AB";"2023";"35";305;10.9;9.13;9.38;0.25;""
"Meissa";"Ori";"112921";"05 35 08 +09 56 03";"STF 738 AB";"2024";"201";51;3.1;3.51;5.45;1.94;""
"";"Ori";"112921";"05 35 08 +09 56 03";"STF 738 AC";"2024";"21";187;29.5;3.51;10.72;7.21;""
"";"Ori";"112921";"05 35 08 +09 56 03";"STF 738 AD";"2024";"16";270;79.5;3.51;9.63;6.12;""
"";"Ori";"112921";"05 35 09 +09 56 07";"STF 738 BC";"2024";"14";187;31.1;5.45;10.72;5.27;""
"HD 37419";"Cam";"13577";"05 43 35 +66 32 41";"STF 739 AB,C";"2019";"18";251;2.2;8.84;9.94;1.10;""
"";"Cam";"13577";"05 43 35 +66 32 41";"STF 739 AB,D";"2019";"13";70;38.9;8.84;11.31;2.47;""
"HD 245310";"Tau";"77308";"05 36 23 +21 11 11";"STF 740";"2017";"21";121;21.7;9.01;9.93;0.92;""
"HD 36898";"Ori";"";"05 34 56 -00 07 22";"STF 741";"2021";"24";286;10.0;7.14;10.03;2.89;""
"HD 37013";"Tau";"77313";"05 36 26 +21 59 35";"STF 742";"2024";"238";275;4.1;7.09;7.47;0.38;"Y"
"HD 36883";"Ori";"132285";"05 34 43 -04 23 32";"STF 743";"2021";"43";284;1.8;7.74;8.25;0.51;""
"HD 36706";"Ori";"112931";"05 35 31 +07 16 21";"STF 744";"2016";"27";268;13.2;9.25;11.48;2.23;""
"HD 36918";"Ori";"132289";"05 34 49 -06 00 23";"STF 745 AB";"2024";"25";347;28.6;8.25;9.35;1.10;""
"";"Ori";"132289";"05 34 49 -06 00 23";"STF 745 AC";"2014";"13";304;97.1;8.25;10.43;2.18;""
"";"Ori";"";"05 34 49 -05 59 55";"STF 745 BC";"2015";"12";290;78.4;9.35;10.43;1.08;""
"";"Ori";"";"05 35 18 -04 40 56";"STF 746 AB";"2015";"16";219;13.9;10.40;10.70;0.30;""
"HD 36960";"Ori";"132301";"05 35 03 -06 00 07";"STF 747 AB";"2021";"56";224;35.3;4.70;5.51;0.81;""
"The1 Ori";"Ori";"132314";"05 35 16 -05 23 14";"STF 748 AB";"2022";"132";32;8.8;6.55;7.49;0.94;""
"";"Ori";"132314";"05 35 16 -05 23 14";"STF 748 AC";"2021";"158";132;12.8;6.55;5.06;1.49;""
"";"Ori";"132314";"05 35 16 -05 23 14";"STF 748 AD";"2021";"142";97;21.4;6.55;6.38;0.17;""
"";"Ori";"132314";"05 35 16 -05 23 14";"STF 748 AE";"2022";"44";350;4.5;6.55;11.10;4.55;""
"";"Ori";"132314";"05 35 16 -05 23 14";"STF 748 AH";"2007";"3";177;8.2;6.55;15.80;9.25;""
"";"Ori";"132314";"05 35 16 -05 23 07";"STF 748 BC";"2021";"77";343;17.2;7.49;5.06;2.43;""
"";"Ori";"132314";"05 35 16 -05 23 07";"STF 748 BD";"2019";"78";120;19.4;7.49;6.38;1.11;""
"";"Ori";"132314";"05 35 16 -05 23 07";"STF 748 BE";"2015";"6";240;6.2;7.49;11.10;3.61;""
"";"Ori";"132314";"05 35 16 -05 23 07";"STF 748 BF";"2015";"5";154;20.5;7.49;11.50;4.01;""
"";"Ori";"132314";"05 35 16 -05 23 23";"STF 748 CD";"2021";"124";60;13.8;5.06;6.38;1.32;""
"";"Ori";"132314";"05 35 16 -05 23 23";"STF 748 CE";"2022";"5";321;16.7;5.06;11.10;6.04;""
"";"Ori";"132314";"05 35 16 -05 23 23";"STF 748 CF";"2022";"42";121;4.6;5.06;11.50;6.44;""
"";"Ori";"132314";"05 35 16 -05 23 23";"STF 748 CG";"2013";"7";34;7.7;5.06;16.70;11.64;""
"";"Ori";"132314";"05 35 16 -05 23 23";"STF 748 CH";"2013";"4";269;9.4;5.06;15.80;10.74;""
"";"Ori";"132314";"05 35 17 -05 23 17";"STF 748 DE";"2015";"19";287;23.2;6.38;11.10;4.72;""
"";"Ori";"132314";"05 35 17 -05 23 17";"STF 748 DF";"2015";"17";222;11.7;6.38;11.50;5.12;""
"";"Ori";"";"05 35 17 -05 23 17";"STF 748 DG";"2000";"6";270;7.8;6.38;16.70;10.32;""
"";"Ori";"";"05 35 16 -05 23 22";"STF 748 HI";"2015";"3";269;1.6;15.80;16.30;0.50;""
"NSV2426";"Tau";"77322";"05 37 09 +26 55 28";"STF 749 AB";"2024";"266";318;1.2;6.54;6.55;0.01;"Y"
"";"Tau";"77322";"05 37 09 +26 55 28";"STF 749 AC";"2011";"7";299;181.6;6.54;10.54;4.00;""
"HD 37040";"Ori";"132325";"05 35 31 -04 21 51";"STF 750";"2019";"46";60;4.2;6.43;8.39;1.96;""
"HD 37076";"Ori";"";"05 35 48 -00 59 13";"STF 751";"2015";"27";123;15.1;8.02;8.96;0.94;""
"Hatysa";"Ori";"132323";"05 35 26 -05 54 36";"STF 752 AB";"2023";"76";141;11.2;2.77;7.73;4.96;""
"";"Ori";"132323";"05 35 26 -05 54 36";"STF 752 AC";"2023";"11";104;49.3;2.77;9.81;7.04;""
"";"Ori";"132327";"05 35 26 -05 54 44";"STF 752 BC";"2015";"11";94;41.1;7.73;9.81;2.08;""
"26 Aur";"Aur";"58280";"05 38 38 +30 29 33";"STF 753 AB,C";"2021";"72";269;12.1;5.46;8.41;2.95;""
"NSV2433";"Ori";"132359";"05 36 36 -06 03 53";"STF 754";"2022";"15";288;5.3;5.71;9.24;3.53;""
"124 Tau";"Tau";"77353";"05 39 09 +23 17 18";"STF 755 AB";"2015";"31";318;6.2;8.88;9.50;0.62;""
"";"Tau";"77353";"05 39 09 +23 17 18";"STF 755 AC";"2015";"16";31;148.7;8.88;7.76;1.12;""
"";"Tau";"77353";"05 39 09 +23 17 18";"STF 755 AD";"2015";"10";59;95.3;8.88;11.08;2.20;""
"";"Tau";"77355";"05 39 15 +23 19 24";"STF 755 CD";"2015";"10";177;78.6;7.75;11.08;3.33;""
"HD 37293";"Ori";"112971";"05 37 38 +02 19 18";"STF 756 AB";"2016";"22";237;23.8;8.68;9.98;1.30;""
"";"Ori";"112971";"05 37 38 +02 19 18";"STF 756 AC";"2015";"9";17;56.7;8.68;12.07;3.39;""
"HD 37370";"Ori";"";"05 38 07 -00 11 04";"STF 757 AB";"2021";"33";240;1.5;7.96;8.33;0.37;""
"";"Ori";"";"05 38 07 -00 11 04";"STF 758 AC";"2015";"28";88;51.4;7.96;8.69;0.73;""
"";"Ori";"";"05 38 07 -00 11 04";"STF 758 AD";"2015";"18";80;41.7;7.96;8.52;0.56;""
"";"Ori";"";"05 38 10 -00 11 01";"STF 758 CD";"2021";"40";298;11.5;8.69;8.52;0.17;""
"HD 37353";"Tau";"";"05 38 48 +17 45 02";"STF 759 AB";"2017";"24";326;29.3;9.09;9.94;0.85;""
"";"Tau";"";"05 38 48 +17 45 02";"STF 759 AC";"2017";"10";282;18.5;9.09;14.03;4.94;""
"HD 38399";"Cam";"5682";"05 55 10 +76 52 10";"STF 760 AB";"2015";"12";36;31.7;8.13;8.87;0.74;""
"HD 294271";"Ori";"132401";"05 38 37 -02 33 13";"STF 761 AB";"2016";"38";202;68.1;7.86;8.39;0.53;""
"";"Ori";"132401";"05 38 37 -02 33 13";"STF 761 AC";"2016";"23";209;72.1;7.86;8.55;0.69;""
"";"Ori";"132401";"05 38 37 -02 33 13";"STF 761 AD";"2016";"13";308;32.7;7.86;11.85;3.99;""
"";"Ori";"132400";"05 38 35 -02 34 16";"STF 761 BC";"2021";"43";268;8.7;8.39;8.55;0.16;""
"Sig Ori";"Ori";"132406";"05 38 45 -02 36 00";"STF 762 AB,C";"2019";"46";239;11.4;3.76;8.79;5.03;""
"";"Ori";"132406";"05 38 45 -02 36 00";"STF 762 AB,D";"2021";"92";84;13.5;3.76;6.56;2.80;""
"";"Ori";"132406";"05 38 45 -02 36 00";"STF 762 AB,E";"2021";"83";62;42.0;3.76;6.34;2.58;""
"";"Ori";"132406";"05 38 46 -02 35 59";"STF 762 DC";"2019";"34";252;23.8;6.56;8.79;2.23;""
"";"Ori";"132408";"05 38 47 -02 35 40";"STF 762 EC";"2019";"26";241;52.9;6.34;8.79;2.45;""
"";"Ori";"132408";"05 38 47 -02 35 40";"STF 762 ED";"2019";"56";232;29.8;6.34;6.56;0.22;""
"HD 37478";"Ori";"94729";"05 39 17 +10 15 36";"STF 763 AB";"2024";"35";318;6.2;8.89;9.48;0.59;""
"HD 37646";"Aur";"77393";"05 41 21 +29 29 15";"STF 764";"2019";"60";15;25.8;6.38;7.08;0.70;""
"HD 37603";"Ori";"94746";"05 40 19 +15 21 00";"STF 766 AB";"2015";"45";275;10.1;7.00;8.36;1.36;""
"HD 37841";"Aur";"40560";"05 43 17 +41 07 22";"STF 768";"2018";"26";221;18.8;7.45;10.32;2.87;""
"HD 37996";"Aur";"25355";"05 45 29 +53 19 38";"STF 769 AB";"2016";"17";180;3.6;8.19;10.00;1.81;""
"";"Aur";"25355";"05 45 29 +53 19 38";"STF 769 AC";"2015";"6";97;138.9;8.19;12.02;3.83;""
"HD 37740";"Tau";"94763";"05 41 35 +19 13 14";"STF 770";"2016";"29";330;1.1;8.76;9.77;1.01;""
"HD 246406";"Tau";"77410";"05 41 45 +19 32 32";"STF 771 AB";"2015";"32";55;21.7;10.27;10.17;0.10;""
"";"Tau";"77410";"05 41 45 +19 32 32";"STF 771 AC";"2015";"7";211;101.9;10.27;13.66;3.39;""
"";"Tau";"77403";"05 41 46 +19 32 45";"STF 771 BC";"2015";"7";215;122.1;10.17;13.66;3.49;""
"HD 37801";"Tau";"77423";"05 42 06 +21 34 49";"STF 772 AB,C";"2015";"25";243;30.6;8.88;9.65;0.77;""
"HD 246618";"Aur";"";"05 43 29 +33 17 04";"STF 773 AB";"2016";"24";220;27.0;9.66;10.81;1.15;""
"";"Aur";"";"05 43 29 +33 17 04";"STF 773 AC";"2015";"10";256;18.8;9.66;13.40;3.74;""
"Alnitak";"Ori";"132444";"05 40 46 -01 56 33";"STF 774 AB";"2022";"264";167;2.5;1.88;3.70;1.82;"Y"
"";"Ori";"132444";"05 40 46 -01 56 33";"STF 774 AC";"2023";"31";10;57.6;1.88;9.55;7.67;""
"";"Ori";"132444";"05 40 46 -01 56 36";"STF 774 BC";"2002";"3";8;59.8;3.70;9.55;5.85;""
"HD 37977";"Aur";"132502";"05 44 25 +40 24 17";"STF 775 AB";"2016";"24";68;22.5;8.37;9.94;1.57;""
"HD 37924";"Tau";"77441";"05 43 03 +25 21 48";"STF 776 AB";"2019";"40";97;2.7;8.51;9.78;1.27;""
"HD 37980";"Tau";"";"05 43 21 +22 12 46";"STF 777";"2019";"22";84;4.7;9.35;9.75;0.40;""
"HD 38017";"Aur";"58377";"05 44 05 +30 56 02";"STF 778";"2015";"29";186;3.5;8.44;10.11;1.67;""
"HD 38084";"Tau";"77478";"05 44 21 +27 43 53";"STF 779 AB";"2015";"21";254;8.6;7.50;9.78;2.28;""
"";"Tau";"77478";"05 44 21 +27 43 53";"STF 779 AC";"2015";"8";40;47.9;7.50;12.66;5.16;""
"HD 38475";"Cam";"13627";"05 51 01 +65 45 15";"STF 780 AB";"2019";"49";105;4.0;6.95;8.23;1.28;""
"";"Cam";"13627";"05 51 01 +65 45 15";"STF 780 AC";"2019";"22";148;12.5;6.95;10.18;3.23;""
"";"Cam";"13627";"05 51 01 +65 45 15";"STF 780 AD";"2015";"6";59;18.8;6.95;13.80;6.85;""
"";"Cam";"";"05 51 02 +65 45 14";"STF 780 BC";"2019";"17";163;10.0;8.23;10.18;1.95;""
"HD 246988";"Aur";"";"05 45 16 +32 23 40";"STF 781";"2015";"19";120;15.4;9.23;10.40;1.17;""
"HD 38049";"Ori";"113069";"05 42 56 +00 01 29";"STF 782 AB";"2015";"39";305;47.4;8.60;8.83;0.23;""
"";"Ori";"113069";"05 42 56 +00 01 29";"STF 782 AC";"2015";"6";168;125.8;8.60;12.01;3.41;""
"HD 38116";"Aur";"77483";"05 44 38 +29 00 60";"STF 783";"2015";"28";0;8.3;8.05;9.70;1.65;""
"HD 40456";"Cam";"973";"06 20 51 +84 10 44";"STF 784";"2016";"23";209;1.2;9.39;9.63;0.24;""
"HD 38306";"Tau";"77523";"05 45 55 +25 54 49";"STF 785 AB";"2015";"54";347;14.7;7.27;8.32;1.05;""
"HD 38365";"Tau";"77528";"05 45 60 +20 14 60";"STF 786 AB";"2016";"19";336;6.5;8.24;11.30;3.06;""
"HD 38363";"Tau";"77527";"05 46 01 +21 19 04";"STF 787 AB";"2024";"73";53;0.6;8.27;8.81;0.54;"Y"
"";"Tau";"77527";"05 46 01 +21 19 04";"STF 787 AC";"2001";"6";31;15.5;8.27;13.20;4.93;""
"HD 38270";"Ori";"113093";"05 44 43 +03 49 53";"STF 788 AB";"2017";"27";91;7.5;7.61;10.05;2.44;""
"";"Ori";"113093";"05 44 43 +03 49 53";"STF 788 AC";"2017";"25";149;36.2;7.61;10.37;2.76;""
"HD 38309";"Ori";"113099";"05 45 02 +04 00 29";"STF 789 AB";"2017";"22";150;14.0;6.13;10.17;4.04;""
"HD 38495";"Ori";"132515";"05 46 03 -04 16 06";"STF 790";"2021";"29";88;7.0;6.43;8.98;2.55;""
"HD 38777";"Aur";"58483";"05 50 03 +39 34 35";"STF 791 AB";"2021";"21";91;4.9;9.07;9.98;0.91;""
"";"Aur";"58483";"05 50 03 +39 34 35";"STF 791 AC";"2015";"11";214;60.7;9.07;11.20;2.13;""
"HD 38591";"Ori";"132526";"05 46 47 -03 15 36";"STF 792";"2017";"21";131;24.7;8.66;8.93;0.27;""
"";"Cam";"5704";"05 58 48 +71 33 49";"STF 793";"2018";"8";283;2.4;9.30;11.60;2.30;""
"";"Aur";"40655";"05 51 51 +48 44 26";"STF 794 AB";"2015";"17";315;9.7;9.28;11.34;2.06;""
"";"Aur";"40655";"05 51 51 +48 44 26";"STF 794 AD";"2015";"16";260;116.8;9.28;8.69;0.59;""
"";"Aur";"";"05 51 50 +48 44 33";"STF 794 BC";"2015";"9";306;32.0;11.34;12.58;1.24;""
"52 Ori";"Ori";"113150";"05 48 00 +06 27 14";"STF 795";"2023";"179";222;1.0;5.99;6.03;0.04;"Y"
"HD 38819";"Aur";"58484";"05 49 56 +31 47 09";"STF 796 AB";"2024";"56";62;3.7;7.24;8.23;0.99;""
"";"Aur";"58484";"05 49 56 +31 47 09";"STF 796 AC";"2015";"12";325;209.6;7.24;10.20;2.96;""
"HD 38798";"Ori";"113161";"05 48 28 +04 42 14";"STF 797";"2021";"25";17;7.3;7.37;9.76;2.39;""
"HD 38824";"Ori";"132549";"05 48 10 -08 23 01";"STF 798";"2017";"23";182;21.2;7.27;9.49;2.22;""
"HD 39114";"Aur";"58520";"05 52 14 +38 33 36";"STF 799";"2024";"83";157;0.7;7.30;8.26;0.96;""
"HD 248341";"Aur";"58511";"05 51 45 +33 20 48";"STF 800";"2015";"12";297;23.2;8.79;10.90;2.11;""
"HD 38904";"Lep";"";"05 48 27 -13 21 30";"STF 801 A,BC";"2015";"12";326;27.4;7.49;10.50;3.01;""
"HD 39154";"Aur";"132608";"05 52 31 +40 08 54";"STF 802 AB";"2019";"37";106;2.4;8.92;9.57;0.65;""
"";"Aur";"132608";"05 52 31 +40 08 54";"STF 802 AC";"2009";"10";55;192.6;8.92;10.10;1.18;""
"";"Aur";"";"05 52 38 +40 08 20";"STF 803";"2015";"10";37;11.1;9.93;12.40;2.47;""
"";"Ori";"132565";"05 48 55 -09 42 54";"STF 804 AB";"2015";"13";98;26.4;9.65;10.58;0.93;""
"HD 39137";"Tau";"77643";"05 51 48 +28 26 60";"STF 805";"2015";"25";50;12.1;8.41;8.87;0.46;""
"";"Tau";"";"05 51 06 +17 53 32";"STF 806 AC";"2016";"26";200;11.1;10.09;10.05;0.04;""
"HD 39251";"Aur";"58531";"05 52 53 +34 26 42";"STF 807 AB";"2024";"31";152;2.4;8.01;9.72;1.71;""
"";"Aur";"77659";"05 52 46 +29 46 05";"STF 808 AC";"2015";"23";59;16.1;9.11;9.21;0.10;""
"";"Ori";"132583";"05 50 38 -01 25 46";"STF 809 AC";"2022";"33";91;24.3;8.08;9.15;1.07;""
"HD 39568";"Aur";"";"05 56 32 +52 56 24";"STF 810";"2016";"24";245;2.2;10.01;10.40;0.39;""
"HD 39477";"Aur";"58556";"05 54 16 +30 29 38";"STF 811";"2019";"22";234;5.2;7.97;9.30;1.33;""
"HD 40034";"Cam";"13675";"06 01 15 +65 31 32";"STF 812 AB";"2015";"10";57;28.2;6.60;11.40;4.80;""
"HD 39588";"Ori";"58551";"05 54 22 +18 54 02";"STF 813";"2019";"71";150;3.1;8.82;8.97;0.15;""
"";"Cam";"13685";"06 02 35 +67 19 01";"STF 814";"2015";"6";163;5.8;8.31;15.00;6.69;""
"HD 39731";"Ori";"113262";"05 54 36 +05 21 13";"STF 815 AB";"2016";"25";137;13.1;8.35;9.82;1.47;""
"";"Ori";"113262";"05 54 36 +05 21 13";"STF 815 AC";"2015";"19";309;85.4;8.35;9.75;1.40;""
"HD 39773";"Ori";"113267";"05 54 55 +05 51 39";"STF 816";"2021";"38";287;4.3;6.90;9.27;2.37;""
"HD 39758";"Ori";"113266";"05 54 52 +07 01 54";"STF 817";"2015";"42";73;18.6;8.68;8.93;0.25;""
"HD 39832";"Ori";"";"05 55 19 +04 42 50";"STF 818";"2016";"22";278;5.9;9.84;10.06;0.22;""
"HD 39834";"Ori";"119041";"05 55 04 -00 56 14";"STF 819";"2015";"22";98;25.6;8.18;9.94;1.76;""
"HD 39883";"Ori";"";"05 55 43 +08 58 58";"STF 820";"2019";"23";110;5.1;9.10;9.79;0.69;""
"HD 40163";"Aur";"77781";"05 58 24 +29 37 38";"STF 821";"2024";"32";3;2.2;8.33;9.44;1.11;""
"HD 40326";"Aur";"40767";"06 00 14 +43 10 53";"STF 822";"2017";"15";56;15.1;8.29;10.80;2.51;""
"HD 40336";"Mon";"132693";"05 57 44 -07 39 38";"STF 823";"2019";"28";346;7.7;8.94;9.69;0.75;""
"HD 41497";"Cam";"5779";"06 15 01 +76 30 19";"STF 824";"2015";"18";185;0.3;8.06;9.84;1.78;""
"HD 40598";"Aur";"58663";"06 01 37 +36 30 56";"STF 825 AB";"2021";"27";146;8.0;7.90;9.08;1.18;""
"";"Aur";"58663";"06 01 37 +36 30 56";"STF 825 AC";"2015";"10";141;37.6;7.90;12.24;4.34;""
"";"Aur";"196418";"06 01 38 +36 30 49";"STF 825 BC";"2016";"1";139;29.7;9.18;12.16;2.98;""
"HD 40473";"Ori";"132709";"05 58 54 -01 19 31";"STF 826";"2017";"47";132;2.0;8.84;9.68;0.84;""
"HD 40635";"Ori";"234245";"06 00 08 -00 30 06";"STF 827";"2015";"15";218;26.7;7.87;11.35;3.48;""
"";"Lep";"";"05 59 52 -11 38 24";"STF 829 AB";"2015";"19";233;20.4;9.64;11.20;1.56;""
"";"Lep";"";"05 59 51 -11 38 36";"STF 829 BC";"2016";"15";220;5.4;11.20;12.20;1.00;""
"HD 40959";"Gem";"77894";"06 03 27 +27 38 33";"STF 830 AB";"2019";"76";264;11.4;8.90;9.55;0.65;""
"";"Gem";"77894";"06 03 27 +27 38 33";"STF 830 AC";"2017";"35";189;25.5;8.90;11.08;2.18;""
"";"Gem";"";"06 03 26 +27 38 31";"STF 830 BC";"2017";"27";163;24.7;9.55;11.08;1.53;""
"";"Cam";"13738";"06 11 04 +67 58 36";"STF 831 AB";"2017";"25";77;11.9;10.38;10.45;0.07;""
"HD 40864";"Lep";"151023";"06 01 05 -14 31 22";"STF 832 AB";"2019";"12";88;24.7;9.12;10.55;1.43;""
"";"Lep";"151023";"06 01 05 -14 31 22";"STF 832 AC";"2015";"5";193;12.3;9.12;13.10;3.98;""
"HD 250962";"Aur";"58711";"06 04 34 +30 14 04";"STF 834";"2015";"23";310;22.8;8.61;9.38;0.77;""
"HD 41101";"Ori";"95174";"06 03 48 +18 15 53";"STF 835";"2019";"38";149;2.3;8.15;9.25;1.10;""
"HD 41030";"Ori";"132769";"06 02 31 -02 21 40";"STF 836";"2017";"16";24;2.0;8.57;10.08;1.51;""
"HD 41191";"Ori";"113408";"06 03 39 +04 18 50";"STF 837";"2015";"15";226;19.6;8.05;10.60;2.55;""
"HD 41433";"Ori";"113435";"06 05 09 +00 51 59";"STF 838";"2016";"26";329;40.2;7.13;10.38;3.25;""
"HD 41421";"Ori";"132804";"06 04 53 -02 43 02";"STF 839 AB";"2024";"31";288;5.1;9.72;10.07;0.35;""
"HD 41580";"Ori";"95234";"06 06 28 +10 45 01";"STF 840 A,BC";"2022";"50";248;21.5;7.17;8.95;1.78;""
"";"Ori";"95234";"06 06 28 +10 45 01";"STF 840 BC";"2013";"35";103;0.3;9.80;10.10;0.30;""
"HD 41567";"Ori";"113447";"06 06 11 +06 28 32";"STF 841";"2015";"8";15;18.0;9.44;12.24;2.80;""
"HD 41807";"Aur";"58787";"06 08 54 +36 40 44";"STF 842 AC";"2015";"13";18;29.8;7.83;11.24;3.41;""
"HD 41532";"Lep";"151096";"06 05 10 -14 18 34";"STF 843";"2015";"5";13;24.0;8.50;11.20;2.70;""
"HD 41909";"Ori";"95272";"06 08 18 +13 59 50";"STF 844 AB";"2017";"30";9;23.4;8.49;9.29;0.80;""
"41 Aur";"Aur";"40925";"06 11 37 +48 42 40";"STF 845 AB";"2019";"160";358;7.5;6.16;6.86;0.70;""
"HD 41809";"Ori";"113477";"06 07 25 +02 08 32";"STF 846";"2015";"21";138;12.9;8.60;10.81;2.21;""
"HD 291201";"Ori";"113469";"06 07 10 +00 19 40";"STF 847";"2017";"24";261;24.3;9.23;9.89;0.66;""
"";"Ori";"95282";"06 08 30 +13 58 16";"STF 848 AB";"2019";"73";110;2.6;7.28;8.15;0.87;""
"";"Ori";"95282";"06 08 30 +13 58 16";"STF 848 AC";"2019";"20";295;18.1;7.28;11.70;4.42;""
"";"Ori";"95282";"06 08 30 +13 58 16";"STF 848 AD";"2019";"37";122;28.3;7.28;8.31;1.03;""
"";"Ori";"95282";"06 08 30 +13 58 16";"STF 848 AE";"2019";"32";187;42.6;7.28;9.01;1.73;""
"";"Ori";"95282";"06 08 30 +13 58 16";"STF 848 AB,K";"2000";"3";214;15.4;6.88;14.90;8.02;""
"";"Ori";"95282";"06 08 31 +13 58 15";"STF 848 BD";"2019";"22";123;25.8;8.15;8.31;0.16;""
"";"Ori";"";"06 08 29 +13 58 23";"STF 848 CE";"2019";"17";167;51.2;11.70;9.01;2.69;""
"";"Ori";"";"06 08 32 +13 58 01";"STF 848 DE";"2019";"33";227;40.2;8.31;9.01;0.70;""
"";"Ori";"95281";"06 08 32 +13 58 01";"STF 848 DH";"2019";"14";110;54.0;8.31;10.04;1.73;""
"HD 41942";"Ori";"95286";"06 08 44 +17 24 07";"STF 849";"2016";"34";242;1.0;9.18;9.48;0.30;""
"HD 41856";"Ori";"";"06 07 22 -03 59 39";"STF 850 AB";"2021";"22";16;2.2;9.05;9.96;0.91;""
"HD 41948";"Ori";"113488";"06 08 04 +03 17 24";"STF 851";"2019";"27";33;2.9;8.88;9.47;0.59;""
"";"Ori";"";"06 08 36 +07 17 50";"STF 852 AB";"2019";"23";319;9.3;9.92;10.90;0.98;""
"";"Ori";"";"06 08 36 +07 17 50";"STF 852 AC";"2015";"16";30;45.2;9.92;10.61;0.69;""
"HD 42071";"Ori";"95294";"06 09 10 +11 39 19";"STF 853";"2019";"69";8;38.2;8.49;8.98;0.49;""
"HD 41999";"Ori";"";"06 08 32 +05 48 01";"STF 854";"2019";"25";321;5.7;8.81;9.78;0.97;""
"HD 42092";"Ori";"113507";"06 08 58 +02 29 59";"STF 855 AB";"2019";"64";115;29.1;5.68;6.68;1.00;""
"";"Ori";"113507";"06 08 58 +02 29 59";"STF 855 AC";"2015";"12";106;117.6;5.68;9.68;4.00;""
"";"Ori";"113509";"06 08 60 +02 29 47";"STF 855 BC";"2015";"14";104;88.8;6.68;9.68;3.00;""
"HD 42090";"Ori";"113513";"06 09 08 +07 03 20";"STF 856";"2021";"28";50;10.5;8.50;10.99;2.49;""
"HD 42704";"Cam";"13777";"06 17 10 +65 43 14";"STF 857";"2015";"10";211;37.5;7.39;11.09;3.70;""
"HD 42181";"Ori";"113522";"06 09 36 +05 40 08";"STF 859 AB";"2015";"50";242;45.2;8.49;8.97;0.48;""
"HD 42332";"Gem";"78069";"06 11 05 +24 52 56";"STF 860";"2018";"29";358;5.9;8.64;9.81;1.17;""
"HD 42313";"Aur";"58838";"06 11 19 +30 40 24";"STF 861 A,BC";"2006";"38";20;62.1;8.23;9.06;0.83;""
"";"Aur";"58839";"06 11 21 +30 41 23";"STF 861 BC";"2024";"51";315;1.7;9.06;9.25;0.19;""
"HD 42454";"Aur";"78095";"06 12 05 +29 29 32";"STF 862";"2017";"16";338;6.9;7.55;10.84;3.29;""
"";"Ori";"";"06 10 53 +20 36 34";"STF 864 AC";"2018";"11";58;22.1;10.51;11.10;0.59;""
"HD 42614";"Aur";"25632";"06 14 22 +51 09 59";"STF 865";"2018";"23";69;5.2;8.12;10.26;2.14;""
"HD 43016";"Cam";"13792";"06 18 16 +62 11 52";"STF 866 AB";"2021";"25";196;17.9;8.89;10.12;1.23;""
"";"Cam";"13792";"06 18 16 +62 11 52";"STF 866 AC";"2020";"23";268;79.8;8.89;9.58;0.69;""
"HD 42476";"Ori";"95354";"06 11 39 +17 22 39";"STF 867 AB";"2019";"48";159;2.3;7.53;8.88;1.35;""
"HD 43494";"Cam";"5828";"06 24 13 +73 54 57";"STF 868";"2016";"22";47;3.8;9.67;10.23;0.56;""
"HD 42514";"Mon";"132921";"06 10 44 -09 51 08";"STF 869";"2024";"28";279;24.3;8.18;9.09;0.91;""
"";"Ori";"";"06 13 23 +14 06 27";"STF 870";"2015";"9";172;11.0;9.60;10.60;1.00;""
"HD 42602";"Ori";"171364";"06 11 34 -00 46 02";"STF 871";"2019";"30";307;7.3;8.84;9.38;0.54;""
"HD 43017";"Aur";"58906";"06 15 39 +36 08 55";"STF 872 AB";"2020";"76";216;11.4;6.89;7.38;0.49;""
"";"Aur";"58906";"06 15 39 +36 08 55";"STF 872 AC";"2016";"8";285;196.7;6.89;12.20;5.31;""
"";"Aur";"13768";"06 15 23 +36 09 46";"STF 872 CD";"2015";"7";164;120.8;12.20;12.11;0.09;""
"HD 291398";"Ori";"132959";"06 12 38 -01 18 08";"STF 873";"2019";"23";293;8.6;9.87;10.42;0.55;""
"HD 42790";"Ori";"132960";"06 12 35 -03 42 48";"STF 874";"2015";"11";339;15.6;8.48;11.00;2.52;""
"HD 42798";"Lep";"";"06 12 09 -13 08 53";"STF 875";"2019";"29";323;4.6;9.19;10.38;1.19;""
"HD 233227";"Aur";"25658";"06 18 31 +53 39 29";"STF 876 AB";"2019";"37";41;8.7;9.23;11.80;2.57;""
"";"Aur";"25658";"06 18 31 +53 39 29";"STF 876 AC";"2014";"18";283;210.6;9.23;7.74;1.49;""
"";"Ori";"95431";"06 14 43 +14 35 11";"STF 877 AB";"2019";"55";263;5.7;7.55;7.96;0.41;""
"HD 43619";"Cam";"13812";"06 21 28 +62 24 05";"STF 878 AB";"2016";"21";343;38.0;7.92;11.22;3.30;""
"";"Cam";"13812";"06 21 28 +62 24 05";"STF 878 AC";"2016";"12";63;122.2;7.92;11.81;3.89;""
"HD 254066";"Aur";"234413";"06 16 19 +30 04 34";"STF 879 AB";"2015";"20";70;7.7;10.10;11.40;1.30;""
"HD 43231";"Ori";"95453";"06 15 29 +10 34 42";"STF 880";"2019";"46";55;5.6;8.40;8.71;0.31;""
"4 Lyn";"Lyn";"25678";"06 22 04 +59 22 20";"STF 881 AB";"2023";"155";154;0.7;6.13;7.71;1.58;"Y"
"";"Lyn";"25678";"06 22 04 +59 22 20";"STF 881 AC";"2022";"11";98;26.7;6.13;12.90;6.77;""
"";"Lyn";"25678";"06 22 04 +59 22 20";"STF 881 AD";"2022";"11";357;100.4;6.13;11.89;5.76;""
"HD 43960";"Cam";"13824";"06 23 57 +64 54 41";"STF 882 AB";"2015";"12";272;3.8;8.50;10.84;2.34;""
"";"Cam";"13824";"06 23 57 +64 54 41";"STF 882 AC";"2016";"10";26;121.4;8.50;10.79;2.29;""
"HD 43623";"Aur";"58976";"06 19 08 +39 46 29";"STF 883 AB";"2019";"31";265;3.5;9.27;9.70;0.43;""
"";"Aur";"58976";"06 19 08 +39 46 29";"STF 883 AC";"2016";"15";256;28.2;9.27;10.76;1.49;""
"";"Aur";"58976";"06 19 08 +39 46 29";"STF 883 BC";"2016";"11";255;24.8;9.70;10.76;1.06;""
"HD 43794";"Aur";"41031";"06 20 34 +47 07 13";"STF 884";"2018";"28";272;8.9;8.68;8.94;0.26;""
"HD 43511";"Ori";"113671";"06 16 52 +05 59 46";"STF 885";"2021";"24";298;10.1;8.99;10.52;1.53;""
"HD 254868";"Gem";"";"06 18 58 +23 16 31";"STF 886";"2015";"11";194;4.8;10.20;12.20;2.00;""
"";"Lyn";"217908";"06 24 19 +60 07 24";"STF 887";"2017";"16";210;7.7;11.05;12.90;1.85;""
"HD 43885";"Aur";"78233";"06 19 59 +28 25 37";"STF 888 AB,C";"2018";"76";265;2.9;7.46;9.63;2.17;""
"HD 43906";"Gem";"78231";"06 19 52 +25 00 49";"STF 889 AB";"2017";"33";245;21.4;7.60;9.90;2.30;""
"";"Aur";"59007";"06 21 41 +36 06 47";"STF 890";"2015";"14";271;17.8;9.71;12.35;2.64;""
"HD 43983";"Ori";"95540";"06 19 41 +12 17 34";"STF 891";"2022";"21";294;22.0;7.67;11.30;3.63;""
"";"Ori";"";"06 19 51 +12 17 35";"STF 892";"2015";"22";41;39.5;10.54;10.75;0.21;""
"";"Cam";"";"06 39 58 +79 38 17";"STF 893";"2017";"15";53;17.9;10.03;11.50;1.47;""
"V1056 Ori";"Ori";"113741";"06 20 48 +05 44 26";"STF 895";"2015";"20";58;29.1;8.26;9.62;1.36;""
"HD 44672";"Aur";"25725";"06 25 53 +51 52 31";"STF 896 AB";"2018";"26";81;18.2;9.17;9.64;0.47;""
"";"Aur";"25725";"06 25 53 +51 52 31";"STF 896 AC";"2018";"14";321;42.0;9.17;11.88;2.71;""
"HD 44328";"Gem";"78286";"06 22 26 +26 40 08";"STF 897 AB";"2020";"45";349;18.0;8.76;8.95;0.19;""
"HD 44373";"Ori";"95585";"06 21 57 +10 58 16";"STF 898 AB";"2018";"27";122;6.2;9.00;9.61;0.61;""
"HD 44496";"Gem";"95602";"06 22 50 +17 34 27";"STF 899";"2019";"80";17;2.2;7.41;8.01;0.60;""
"Eps Mon";"Mon";"113810";"06 23 46 +04 35 34";"STF 900 AB";"2021";"92";29;12.1;4.42;6.64;2.22;""
"";"Mon";"113810";"06 23 46 +04 35 34";"STF 900 AC";"2013";"8";254;92.4;4.42;12.74;8.32;""
"HD 44944";"Ori";"95649";"06 25 01 +10 31 03";"STF 901 AB";"2015";"29";246;20.0;7.84;10.38;2.54;""
"";"Aur";"59092";"06 27 31 +34 57 19";"STF 902";"2021";"27";152;11.3;9.65;10.48;0.83;""
"HD 44996";"CMa";"151461";"06 24 21 -12 57 43";"STF 903";"2021";"15";295;23.1;6.12;10.49;4.37;""
"";"Aur";"";"06 30 12 +51 46 59";"STF 904 AB";"2015";"15";165;4.9;10.30;11.21;0.91;""
"";"Aur";"";"06 30 12 +51 46 59";"STF 904 AC";"2004";"9";92;238.0;10.30;9.01;1.29;""
"HD 45372";"Aur";"41123";"06 28 54 +40 07 11";"STF 905 AB";"2024";"23";129;1.9;8.21;9.95;1.74;""
"";"Aur";"41123";"06 28 54 +40 07 11";"STF 905 AC";"2015";"10";148;150.6;8.21;10.99;2.78;""
"HD 45373";"Aur";"59127";"06 28 45 +37 22 51";"STF 906 AB";"2016";"25";337;6.5;9.14;10.13;0.99;""
"";"Aur";"59127";"06 28 45 +37 22 51";"STF 906 AC";"2016";"14";141;156.4;9.14;11.12;1.98;""
"HD 257491";"Aur";"59113";"06 28 10 +30 25 12";"STF 907";"2015";"22";302;11.9;9.40;10.38;0.98;""
"";"Aur";"";"06 31 17 +53 50 52";"STF 908";"2019";"26";358;8.6;10.71;10.70;0.01;""
"HD 45392";"Aur";"59130";"06 28 44 +35 15 43";"STF 909";"2015";"22";76;15.5;8.50;11.10;2.60;""
"HD 45317";"Mon";"113892";"06 26 43 +00 27 15";"STF 910 A,BC";"2012";"28";152;66.0;6.99;8.11;1.12;""
"";"Mon";"113893";"06 26 45 +00 26 17";"STF 910 BC";"1991";"37";151;0.5;9.17;8.45;0.72;""
"HD 45315";"Mon";"";"06 26 53 +04 04 11";"STF 911";"2018";"47";155;11.7;8.65;9.04;0.39;""
"HD 45540";"Aur";"59144";"06 29 46 +36 36 11";"STF 912";"2017";"19";28;3.4;8.76;10.90;2.14;""
"HD 45430";"Gem";"95708";"06 27 55 +15 41 40";"STF 913";"2017";"21";49;31.1;8.41;10.49;2.08;""
"HD 45380";"Mon";"133263";"06 26 45 -07 30 43";"STF 914";"2024";"38";299;20.8;6.32;9.25;2.93;""
"V648 Mon";"Mon";"113926";"06 28 14 +05 16 20";"STF 915 AB";"2021";"36";41;6.0;7.60;8.52;0.92;""
"";"Mon";"113926";"06 28 14 +05 16 20";"STF 915 AC";"2017";"10";129;39.6;7.60;11.78;4.18;""
"HD 46003";"Lyn";"";"06 34 12 +56 38 46";"STF 916 AB";"2017";"28";254;9.4;9.43;10.55;1.12;""
"";"Lyn";"";"06 34 12 +56 38 46";"STF 916 AC";"2017";"18";339;56.5;9.43;11.09;1.66;""
"";"Aur";"";"06 33 30 +52 30 26";"STF 917";"2017";"15";231;27.7;9.61;11.72;2.11;""
"HD 46048";"Aur";"25811";"06 33 58 +52 27 42";"STF 918 AB";"2019";"117";336;4.8;7.26;8.19;0.93;""
"";"Aur";"25811";"06 33 58 +52 27 42";"STF 918 AC";"2015";"6";24;145.4;7.26;10.37;3.11;""
"";"Aur";"25811";"06 33 57 +52 27 46";"STF 918 BC";"2015";"12";26;142.3;8.19;10.37;2.18;""
"Bet Mon";"Mon";"133316";"06 28 49 -07 01 59";"STF 919 AB";"2022";"139";132;7.3;4.62;5.00;0.38;""
"";"Mon";"133316";"06 28 49 -07 01 59";"STF 919 AC";"2022";"67";127;9.5;4.62;5.39;0.77;""
"";"Mon";"133317";"06 28 49 -07 02 04";"STF 919 BC";"2022";"145";107;2.6;5.00;5.32;0.32;""
"HD 45911";"Mon";"113973";"06 30 29 +04 19 57";"STF 920 AB";"2016";"20";210;9.5;7.35;10.24;2.89;""
"HD 45995";"Mon";"95766";"06 31 10 +11 15 05";"STF 921";"2019";"41";3;16.2;6.12;9.09;2.97;""
"HD 46463";"Cam";"13901";"06 38 19 +64 44 06";"STF 922 AB";"2016";"21";138;9.5;7.66;10.82;3.16;""
"";"Cam";"13901";"06 38 19 +64 44 06";"STF 922 AC";"2016";"19";9;25.5;7.66;11.25;3.59;""
"HD 46607";"Lyn";"25844";"06 38 07 +59 26 58";"STF 923 AB";"2015";"17";144;33.0;7.57;11.47;3.90;""
"20 Gem";"Gem";"95795";"06 32 19 +17 47 03";"STF 924 AB";"2019";"126";211;19.9;6.31;6.88;0.57;""
"";"Gem";"95794";"06 32 18 +17 46 47";"STF 924 BC";"2014";"7";144;47.8;6.88;13.00;6.12;""
"HD 46701";"Cam";"13914";"06 40 10 +67 19 24";"STF 925";"2022";"17";95;3.5;8.06;10.47;2.41;""
"HD 46105";"Mon";"114003";"06 31 41 +05 46 09";"STF 926 AB";"2024";"46";288;10.8;7.23;8.62;1.39;""
"HD 46180";"Mon";"";"06 32 07 +04 58 16";"STF 927 AB";"2019";"18";85;5.1;9.16;10.30;1.14;""
"HD 46359";"Aur";"59239";"06 34 42 +38 32 24";"STF 928 AB";"2024";"57";131;3.5;7.93;8.61;0.68;""
"";"Aur";"59239";"06 34 42 +38 32 24";"STF 928 AC";"2002";"3";124;130.9;7.93;12.40;4.47;""
"";"Aur";"59239";"06 34 42 +38 32 22";"STF 928 BC";"2015";"6";124;127.3;8.61;12.40;3.79;""
"HD 46482";"Aur";"59259";"06 35 22 +37 42 55";"STF 929";"2016";"39";24;6.5;7.35;8.44;1.09;""
"HD 259787";"Mon";"114060";"06 34 09 +07 59 27";"STF 930 AB";"2017";"21";277;26.2;8.38;9.87;1.49;""
"";"Mon";"114060";"06 34 09 +07 59 27";"STF 930 AC";"2017";"21";107;43.6;8.38;9.53;1.15;""
"HD 259829";"Mon";"";"06 34 20 +07 59 06";"STF 931";"2015";"14";23;23.8;9.64;10.51;0.87;""
"HD 46495";"Gem";"95847";"06 34 22 +14 45 08";"STF 932";"2022";"179";304;1.7;8.31;8.54;0.23;"Y"
"HD 46704";"Aur";"41209";"06 36 47 +41 08 07";"STF 933";"2017";"27";75;25.6;8.59;9.04;0.45;""
"HD 237519";"Lyn";"172098";"06 39 06 +55 02 30";"STF 934";"2023";"17";332;3.9;9.77;10.54;0.77;""
"HD 46862";"Aur";"25854";"06 38 32 +52 17 41";"STF 935";"2019";"37";324;3.4;9.16;9.86;0.70;""
"HD 46963";"Lyn";"25861";"06 39 44 +58 05 42";"STF 936";"2016";"37";284;1.1;7.26;9.04;1.78;""
"14 Mon";"Mon";"114085";"06 34 46 +07 34 21";"STF 938";"2012";"18";211;11.0;6.45;10.60;4.15;""
"HD 46868";"Mon";"114112";"06 35 55 +05 18 35";"STF 939 AB";"2017";"31";107;30.3;8.39;9.20;0.81;""
"";"Mon";"114112";"06 35 55 +05 18 35";"STF 939 AC";"2017";"31";51;39.6;8.39;9.40;1.01;""
"";"Mon";"114113";"06 35 57 +05 18 27";"STF 939 BC";"2017";"29";3;33.6;9.21;9.40;0.19;""
"HD 46824";"Aur";"59296";"06 37 17 +38 25 44";"STF 940";"2017";"25";294;10.3;8.76;10.29;1.53;""
"HD 47046";"Aur";"41232";"06 38 41 +41 34 53";"STF 941 AB";"2024";"89";84;1.9;7.25;8.17;0.92;""
"";"Aur";"41232";"06 38 41 +41 34 53";"STF 941 AC";"2015";"12";135;83.9;7.25;10.48;3.23;""
"";"Aur";"";"06 38 46 +41 33 54";"STF 941 CD";"2015";"6";322;7.4;10.48;13.10;2.62;""
"HD 260686";"Gem";"78563";"06 37 41 +23 38 54";"STF 942";"2019";"38";245;3.4;10.07;10.10;0.03;""
"HD 260717";"Gem";"78565";"06 37 47 +23 10 36";"STF 943 AB";"2017";"55";135;31.5;9.17;9.42;0.25;""
"HD 47375";"Aur";"41257";"06 40 51 +48 15 19";"STF 944 AB";"2018";"24";58;6.4;8.45;10.17;1.72;""
"";"Aur";"41257";"06 40 51 +48 15 19";"STF 944 AC";"2014";"16";182;191.1;8.45;9.61;1.16;""
"HD 47412";"Aur";"41253";"06 40 21 +40 58 11";"STF 945";"2015";"125";336;0.5;7.21;8.33;1.12;"Y"
"HD 47977";"Lyn";"25925";"06 44 52 +59 26 57";"STF 946";"2019";"76";129;4.0;7.30;9.11;1.81;""
"HD 47630";"Gem";"95980";"06 40 23 +19 25 24";"STF 947";"2020";"16";175;18.7;8.77;10.76;1.99;""
"12 Lyn";"Lyn";"25939";"06 46 14 +59 26 30";"STF 948 AB";"2024";"412";64;1.9;5.44;6.00;0.56;"Y"
"";"Lyn";"25939";"06 46 14 +59 26 30";"STF 948 AC";"2021";"273";309;8.8;5.44;7.05;1.61;""
"";"Lyn";"25939";"06 46 14 +59 26 30";"STF 948 AD";"2003";"6";259;171.9;5.44;10.50;5.06;""
"";"Lyn";"25939";"06 46 14 +59 26 30";"STF 948 BC";"2019";"196";299;9.9;6.00;7.05;1.05;""
"HD 47889";"Mon";"";"06 41 00 +05 42 27";"STF 949";"2019";"19";289;3.6;9.17;9.70;0.53;""
"15 Mon";"Mon";"114258";"06 40 59 +09 53 45";"STF 950 AB";"2018";"91";214;3.0;4.66;7.79;3.13;""
"";"Mon";"114258";"06 40 59 +09 53 45";"STF 950 AC";"2022";"43";14;16.6;4.66;9.90;5.24;""
"";"Mon";"114258";"06 40 59 +09 53 45";"STF 950 AD";"2013";"11";310;40.5;4.66;12.10;7.44;""
"";"Mon";"114258";"06 40 59 +09 53 45";"STF 950 AE";"2013";"29";139;73.5;4.66;8.86;4.20;""
"";"Mon";"114258";"06 40 59 +09 53 45";"STF 950 AF";"2013";"19";222;155.1;4.66;9.00;4.34;""
"";"Mon";"114258";"06 40 59 +09 53 45";"STF 950 AG";"2013";"10";230;186.8;4.66;10.01;5.35;""
"";"Mon";"114258";"06 40 59 +09 53 45";"STF 950 AH";"2020";"19";168;89.6;4.66;9.81;5.15;""
"";"Mon";"114258";"06 40 59 +09 53 45";"STF 950 AK";"2020";"14";57;106.5;4.66;10.40;5.74;""
"";"Mon";"114258";"06 40 59 +09 53 45";"STF 950 AM";"2020";"15";105;179.8;4.66;9.75;5.09;""
"";"Mon";"114258";"06 40 59 +09 53 45";"STF 950 AO";"2013";"12";261;135.5;4.66;11.42;6.76;""
"";"Mon";"";"06 40 52 +09 51 49";"STF 950 FG";"2018";"25";263;39.8;9.00;10.01;1.01;""
"";"Mon";"";"06 40 52 +09 51 49";"STF 950 FO";"2015";"12";342;98.3;9.00;11.42;2.42;""
"";"Mon";"";"06 40 49 +09 51 44";"STF 950 GO";"2015";"12";6;99.1;10.01;11.42;1.41;""
"";"Mon";"";"06 41 05 +09 54 44";"STF 950 KD";"2015";"6";254;123.8;10.40;12.10;1.70;""
"";"Mon";"";"06 41 05 +09 54 44";"STF 950 KQ";"2015";"4";258;114.5;10.40;17.50;7.10;""
"";"Mon";"";"06 41 10 +09 53 02";"STF 950 MK";"2015";"12";320;133.4;9.75;10.40;0.65;""
"";"Mon";"";"06 41 11 +09 52 56";"STF 950 NK";"2015";"12";318;146.3;10.05;10.40;0.35;""
"HD 47755";"Mon";"114246";"06 40 38 +09 47 16";"STF 951 AB";"2016";"21";310;21.4;8.49;10.91;2.42;""
"";"Mon";"114246";"06 40 38 +09 47 16";"STF 951 AC";"2016";"10";285;26.0;8.49;12.46;3.97;""
"";"Mon";"";"06 40 37 +09 47 30";"STF 951 BC";"2016";"14";230;11.4;10.91;12.46;1.55;""
"";"Mon";"";"06 41 10 +09 53 02";"STF 952 MN";"2018";"35";116;14.1;9.75;10.05;0.30;""
"HD 47888";"Mon";"114266";"06 41 09 +08 59 05";"STF 953";"2018";"48";330;7.3;7.10;7.66;0.56;""
"HD 47887";"Mon";"114264";"06 41 10 +09 27 58";"STF 954 AB";"2015";"22";153;12.9;7.15;10.23;3.08;""
"HD 48060";"Mon";"133569";"06 41 10 -07 59 26";"STF 955 AB";"2008";"34";268;1.2;8.97;9.59;0.62;""
"HD 48279";"Mon";"114307";"06 42 41 +01 42 58";"STF 956 AB";"2021";"24";194;7.0;7.96;10.69;2.73;""
"";"Mon";"114307";"06 42 41 +01 42 58";"STF 956 AC";"2015";"27";158;36.3;7.96;8.95;0.99;""
"";"Mon";"114307";"06 42 41 +01 42 58";"STF 956 AD";"2015";"10";181;56.4;7.97;11.08;3.11;""
"";"Mon";"114308";"06 42 41 +01 42 25";"STF 956 CD";"2015";"10";213;27.2;8.95;11.08;2.13;""
"HD 48510";"Gem";"59444";"06 45 10 +30 49 34";"STF 957 AB";"2019";"31";91;3.6;7.45;9.40;1.95;""
"";"Gem";"59444";"06 45 10 +30 49 34";"STF 957 AC";"2015";"4";100;19.3;7.45;13.78;6.33;""
"NSV3202";"Lyn";"25962";"06 48 12 +55 42 15";"STF 958 AB";"2021";"151";77;4.5;6.28;6.34;0.06;"Y"
"";"Lyn";"25962";"06 48 12 +55 42 15";"STF 958 AC";"2022";"5";268;177.6;6.34;11.17;4.83;""
"";"Lyn";"25963";"06 48 13 +55 42 16";"STF 958 BC";"2022";"8";269;171.6;6.28;11.17;4.89;""
"";"Gem";"96066";"06 44 57 +13 45 38";"STF 959";"2021";"23";175;11.9;9.86;10.13;0.27;""
"HD 49082";"Lyn";"25973";"06 49 39 +53 01 53";"STF 960";"2017";"33";69;21.6;7.87;9.90;2.03;""
"HD 263910";"Gem";"78756";"06 48 11 +26 42 23";"STF 962";"2017";"27";242;25.9;9.31;9.47;0.16;""
"";"Lyn";"26012";"06 53 05 +59 26 55";"STF 963 AB";"2015";"136";350;0.3;6.00;6.53;0.53;"Y"
"14 Lyn";"Lyn";"26012";"06 53 05 +59 26 55";"STF 963 AB,C";"2013";"7";121;180.9;4.82;11.10;6.28;""
"HD 49401";"Aur";"41377";"06 50 22 +43 45 15";"STF 964";"2019";"27";183;1.6;8.86;9.73;0.87;""
"HD 49101";"Mon";"";"06 47 16 +10 54 59";"STF 965 AB";"2019";"21";346;6.0;8.92;10.50;1.58;""
"";"Mon";"";"06 47 16 +10 54 59";"STF 965 AC";"2015";"15";317;23.5;8.92;13.20;4.28;""
"";"Mon";"78741";"06 47 16 +10 54 59";"STF 965 AD";"2015";"24";57;42.2;8.92;9.41;0.49;""
"";"Mon";"";"06 47 16 +10 54 59";"STF 965 AE";"2015";"11";6;13.6;8.92;12.60;3.68;""
"HD 49403";"Aur";"41376";"06 50 12 +39 57 11";"STF 966";"2017";"14";112;5.2;8.21;10.96;2.75;""
"HD 49145";"Mon";"133664";"06 46 47 -06 08 41";"STF 967";"2015";"13";190;13.0;8.35;11.24;2.89;""
"HD 49761";"Lyn";"26016";"06 52 52 +52 40 50";"STF 968 AB";"2017";"29";289;20.7;8.28;9.19;0.91;""
"";"Lyn";"26014";"06 52 50 +52 40 56";"STF 968 BC";"2017";"16";52;11.2;9.19;12.00;2.81;""
"HD 49438";"Mon";"";"06 47 57 -11 06 30";"STF 969";"2021";"18";317;7.4;7.80;9.83;2.03;""
"HD 49387";"CMa";"151936";"06 47 48 -11 43 26";"STF 970";"2016";"26";128;20.2;9.11;9.67;0.56;""
"HD 49546";"CMa";"151946";"06 48 21 -13 26 27";"STF 971 AB";"2021";"28";324;1.2;8.58;8.85;0.27;""
"HD 49548";"CMa";"";"06 48 22 -15 19 47";"STF 972 A,BC";"2016";"40";154;12.5;8.28;9.27;0.99;""
"HD 51067";"Cam";"6050";"07 04 04 +75 13 39";"STF 973 AB";"2017";"56";32;12.8;7.22;8.19;0.97;""
"59 Aur";"Aur";"59571";"06 53 01 +38 52 09";"STF 974 AB";"2016";"27";224;22.2;6.14;10.20;4.06;""
"";"Aur";"172504";"06 53 00 +38 51 53";"STF 974 BC";"2015";"8";219;25.6;10.20;12.80;2.60;""
"HD 50452";"Cam";"14020";"06 58 09 +65 16 17";"STF 975 AB";"2015";"8";25;22.1;8.51;11.80;3.29;""
"HD 49885";"Gem";"96194";"06 51 22 +18 40 00";"STF 976 AB";"2017";"25";118;35.7;9.13;10.25;1.12;""
"HD 50363";"Aur";"41428";"06 55 25 +48 33 52";"STF 977 AB";"2019";"22";129;2.0;8.76;9.88;1.12;""
"";"Aur";"41428";"06 55 25 +48 33 52";"STF 977 AC";"2015";"8";223;154.1;8.76;12.03;3.27;""
"HD 50576";"Aur";"59609";"06 55 32 +37 54 55";"STF 978 AB";"2016";"25";81;20.0;6.85;10.00;3.15;""
"V462 Aur";"Aur";"41447";"06 56 37 +46 32 19";"STF 979";"2021";"27";212;7.5;8.47;9.58;1.11;""
"HD 51609";"Cam";"6064";"07 04 55 +72 40 10";"STF 980";"2019";"24";194;3.7;9.20;10.44;1.24;""
"HD 50662";"Gem";"59611";"06 55 29 +30 09 42";"STF 981";"2022";"117";110;0.7;8.72;8.97;0.25;"Y"
"38 Gem";"Gem";"96265";"06 54 39 +13 10 40";"STF 982 AB";"2023";"311";142;7.4;4.75;7.80;3.05;"Y"
"";"Gem";"96265";"06 54 39 +13 10 40";"STF 982 AC";"2015";"8";328;120.8;4.75;11.32;6.57;""
"";"Gem";"59624";"06 56 14 +34 27 33";"STF 983 AB";"2017";"20";36;10.6;8.70;12.70;4.00;""
"";"Gem";"59624";"06 56 14 +34 27 33";"STF 983 AC";"2017";"20";195;22.8;8.70;13.00;4.30;""
"";"Gem";"59626";"06 56 17 +32 26 41";"STF 984";"2017";"23";155;3.3;8.67;10.80;2.13;""
"HD 50637";"Mon";"133845";"06 53 56 -04 23 33";"STF 985";"2017";"22";323;32.6;7.78;8.39;0.61;""
"HD 50769";"Mon";"114602";"06 54 54 +09 29 56";"STF 986";"2019";"34";163;5.5;8.26;9.02;0.76;""
"HD 50700";"Mon";"133855";"06 54 09 -05 51 09";"STF 987";"2022";"41";178;1.4;7.07;7.20;0.13;""
"HD 50703";"Mon";"133852";"06 53 59 -10 02 13";"STF 988";"2016";"23";265;33.2;9.43;9.69;0.26;""
"HD 266283";"Mon";"114603";"06 54 48 +03 33 32";"STF 989 AB";"2016";"21";215;8.6;9.74;10.60;0.86;""
"";"Mon";"114603";"06 54 48 +03 33 32";"STF 989 AC";"2016";"17";84;14.9;9.74;11.38;1.64;""
"";"Mon";"";"06 54 48 +03 33 25";"STF 989 BC";"2016";"15";67;21.4;9.43;11.38;1.95;""
"HD 50849";"CMa";"152077";"06 54 20 -14 14 34";"STF 990 AB";"2016";"20";275;3.2;9.55;10.23;0.68;""
"HD 51573";"Gem";"78898";"06 57 01 +24 57 28";"STF 991 AB";"2019";"39";165;3.8;7.95;9.21;1.26;""
"";"Gem";"78898";"06 57 01 +24 57 28";"STF 991 AC";"2017";"8";202;134.0;7.95;10.60;2.65;""
"";"Gem";"";"06 56 58 +24 55 24";"STF 991 CD";"2017";"12";0;13.2;10.60;11.10;0.50;""
"V880 Mon";"Mon";"133904";"06 55 38 -09 29 23";"STF 992";"2016";"25";300;13.9;8.70;9.91;1.21;""
"HD 51154";"CMa";"152111";"06 55 45 -11 51 33";"STF 993";"2015";"16";240;37.2;8.96;8.98;0.02;""
"HD 51560";"Aur";"59665";"06 59 27 +37 05 54";"STF 994 AB";"2017";"52";55;26.4;7.88;8.14;0.26;""
"HD 266922";"Mon";"59626";"06 57 13 +11 00 37";"STF 995";"2015";"18";293;21.8;9.68;10.44;0.76;""
"HD 51611";"Aur";"41484";"07 00 14 +42 59 04";"STF 996 AB";"2018";"24";167;9.8;8.88;10.80;1.92;""
"";"Aur";"41484";"07 00 14 +42 59 04";"STF 996 AC";"2018";"32";294;15.4;8.88;11.64;2.76;""
"";"Aur";"172722";"07 00 14 +42 58 55";"STF 996 BC";"2018";"18";314;22.6;10.80;11.64;0.84;""
"Mu CMa";"CMa";"152123";"06 56 07 -14 02 34";"STF 997 AB";"2021";"75";344;2.8;5.27;7.14;1.87;""
"";"CMa";"152123";"06 56 07 -14 02 34";"STF 997 AC";"2014";"12";288;86.6;5.27;10.32;5.05;""
"";"CMa";"152123";"06 56 07 -14 02 34";"STF 997 AD";"2014";"12";63;104.7;5.27;10.64;5.37;""
"HD 51359";"Mon";"133934";"06 56 53 -05 28 45";"STF 998";"2021";"44";211;3.2;8.71;8.92;0.21;""
"HD 51689";"Gem";"78944";"06 59 21 +25 14 00";"STF 1000 AB,C";"2016";"32";67;22.1;8.09;9.02;0.93;""
"HD 52145";"Lyn";"26119";"07 03 06 +54 10 27";"STF 1001 AB";"2022";"44";67;9.0;7.82;9.40;1.58;""
"";"Lyn";"26119";"07 03 06 +54 10 27";"STF 1001 AC";"2022";"16";59;9.8;7.82;9.31;1.49;""
"";"Lyn";"26119";"07 03 06 +54 10 27";"STF 1001 BC";"2024";"31";6;1.6;9.40;9.31;0.09;""
"HD 52334";"Lyn";"26128";"07 04 10 +56 26 25";"STF 1002 AB,C";"2019";"30";318;30.2;9.45;10.05;0.60;""
"HD 51817";"Mon";"133979";"06 58 35 -09 10 02";"STF 1003";"2021";"15";321;3.9;9.57;9.92;0.35;""
"HD 51848";"CMa";"152181";"06 58 28 -11 25 51";"STF 1004";"2015";"24";89;20.5;8.06;9.65;1.59;""
"HD 52652";"Cam";"14068";"07 06 20 +62 50 39";"STF 1005";"2016";"28";92;29.9;8.20;10.55;2.35;""
"HD 52821";"Cam";"14071";"07 06 54 +62 32 50";"STF 1006 AB";"2018";"33";75;28.7;8.23;9.35;1.12;""
"HD 52155";"Gem";"96372";"07 00 37 +12 43 24";"STF 1007 AB";"2015";"16";300;14.6;7.43;11.40;3.97;""
"";"Gem";"96372";"07 00 37 +12 43 24";"STF 1007 AC";"2015";"16";244;21.9;7.43;10.00;2.57;""
"";"Gem";"96372";"07 00 37 +12 43 24";"STF 1007 AD";"2016";"32";28;67.7;7.43;7.74;0.31;""
"HD 52255";"Gem";"78983";"07 01 36 +26 34 25";"STF 1008";"2019";"21";272;2.3;8.70;9.96;1.26;""
"HD 52859";"Lyn";"26144";"07 05 40 +52 45 31";"STF 1009 AB";"2022";"176";147;4.4;6.87;7.01;0.14;""
"";"Lyn";"26144";"07 05 40 +52 45 31";"STF 1009 AC";"2022";"6";132;180.4;6.87;11.93;5.06;""
"";"Lyn";"26145";"07 05 40 +52 45 28";"STF 1009 BC";"2022";"10";132;178.3;7.01;11.94;4.93;""
"HD 52533";"Mon";"134061";"07 01 27 -03 07 03";"STF 1010 AC";"2017";"27";7;22.3;7.68;8.77;1.09;""
"HD 52482";"CMa";"152238";"07 00 51 -15 18 57";"STF 1011";"2019";"22";300;4.2;8.52;9.00;0.48;""
"HD 268551";"Gem";"79035";"07 04 55 +28 07 01";"STF 1012";"2018";"33";168;12.8;9.20;9.83;0.63;""
"HD 53229";"Aur";"59765";"07 05 52 +36 02 55";"STF 1013";"2016";"14";50;3.8;9.90;10.60;0.70;""
"";"Gem";"79046";"07 05 45 +26 08 25";"STF 1014";"2017";"41";219;1.9;9.91;9.93;0.02;""
"HD 53453";"Mon";"134156";"07 04 55 -05 46 28";"STF 1015";"2021";"23";198;4.9;9.41;9.40;0.01;""
"HD 53456";"CMa";"152324";"07 04 38 -11 31 26";"STF 1016";"2018";"21";150;5.4;7.36;9.53;2.17;""
"HD 53817";"Gem";"96505";"07 07 10 +16 50 22";"STF 1017";"2018";"33";255;12.8;9.32;10.25;0.93;""
"HD 54014";"Aur";"59816";"07 08 50 +35 53 56";"STF 1018";"2018";"22";18;9.6;9.30;10.66;1.36;""
"";"Mon";"152363";"07 05 50 -10 39 36";"STF 1019 AC";"2024";"23";296;38.0;6.51;9.55;3.04;""
"HD 54347";"Lyn";"26205";"07 11 57 +57 30 28";"STF 1020";"2017";"22";285;13.4;8.76;10.44;1.68;""
"";"Aur";"";"07 09 39 +38 28 27";"STF 1021 A,BC";"2021";"24";17;4.0;9.54;9.60;0.06;""
"";"Aur";"";"07 09 39 +38 28 27";"STF 1021 A,BD";"2016";"3";18;4.1;9.54;11.00;1.46;""
"HD 54159";"Aur";"59824";"07 09 26 +36 33 48";"STF 1022";"2017";"11";128;5.5;6.78;10.05;3.27;""
"";"Gem";"79098";"07 08 32 +24 59 27";"STF 1023";"2017";"28";106;24.0;8.91;9.44;0.53;""
"HD 54369";"Aur";"59837";"07 10 13 +38 07 50";"STF 1024 AB";"2019";"23";315;1.4;8.97;9.16;0.19;""
"";"Aur";"59837";"07 10 13 +38 07 50";"STF 1024 AC";"2015";"7";117;107.9;8.97;12.58;3.61;""
"HD 54649";"Lyn";"26215";"07 12 51 +55 48 12";"STF 1025 AB";"2022";"73";130;26.8;8.37;8.67;0.30;""
"";"Lyn";"26215";"07 12 51 +55 48 12";"STF 1025 AC";"2022";"8";253;233.4;8.37;12.16;3.79;""
"";"Lyn";"";"07 12 24 +55 47 08";"STF 1025 CD";"2022";"6";201;22.9;12.16;13.69;1.53;""
"";"Lyn";"";"07 12 24 +55 47 08";"STF 1025 CE";"2015";"3";239;2.4;12.16;11.80;0.36;""
"FN CMa";"CMa";"152394";"07 06 41 -11 17 38";"STF 1026 AB,C";"2021";"17";352;17.7;5.39;9.00;3.61;""
"HD 54244";"Gem";"96547";"07 08 47 +16 54 32";"STF 1027 AB";"2025";"51";356;6.9;8.47;8.69;0.22;""
"HD 54387";"Mon";"152432";"07 08 16 -10 37 26";"STF 1028";"2017";"14";303;11.0;8.59;11.10;2.51;""
"HD 54250";"Mon";"134234";"07 07 57 -04 40 40";"STF 1029";"2021";"44";26;1.7;7.47;7.95;0.48;""
"HD 54542";"Mon";"134253";"07 08 49 -08 40 37";"STF 1030";"2017";"27";45;15.8;8.52;9.87;1.35;""
"HD 54515";"CMa";"";"07 08 36 -13 59 22";"STF 1031 AB";"2021";"22";251;3.5;8.97;9.86;0.89;""
"";"CMa";"";"07 08 36 -13 59 22";"STF 1031 AC";"2015";"9";355;13.4;8.97;12.34;3.37;""
"HD 55078";"Lyn";"41630";"07 13 53 +48 29 56";"STF 1032 AB";"2016";"22";114;2.7;7.32;10.34;3.02;""
"";"Lyn";"41630";"07 13 53 +48 29 56";"STF 1032 AC";"2017";"16";319;131.1;7.32;9.47;2.15;""
"HD 55199";"Lyn";"26240";"07 14 48 +52 32 44";"STF 1033 AB";"2024";"49";277;1.5;7.81;8.44;0.63;""
"";"Lyn";"26240";"07 14 48 +52 32 44";"STF 1033 AC";"2017";"13";273;79.3;7.81;10.18;2.37;""
"";"Mon";"";"07 09 22 -08 18 58";"STF 1034";"2021";"20";9;2.2;9.43;9.89;0.46;""
"HD 55005";"Gem";"79151";"07 12 01 +22 16 44";"STF 1035";"2018";"72";40;8.7;8.09;8.38;0.29;""
"HD 54831";"Mon";"134283";"07 10 13 -06 16 43";"STF 1036 AB";"2021";"18";102;17.4;9.22;9.92;0.70;""
"";"Mon";"152498";"07 10 14 -06 16 47";"STF 1036 BC";"2017";"8";182;10.8;9.92;13.40;3.48;""
"NSV3453";"Gem";"79170";"07 12 49 +27 13 30";"STF 1037 AB";"2024";"457";299;0.7;7.24;7.27;0.03;"Y"
"HD 55943";"Cam";"14151";"07 20 31 +68 32 24";"STF 1038 AB";"2023";"26";98;11.5;8.21;10.33;2.12;""
"";"Cam";"14144";"07 18 43 +63 31 27";"STF 1039 AB";"2017";"21";210;3.3;10.17;10.82;0.65;""
"";"Cam";"14144";"07 18 43 +63 31 27";"STF 1039 AC";"2017";"12";313;129.8;10.17;8.79;1.38;""
"HD 55702";"Lyn";"41655";"07 16 20 +48 12 54";"STF 1040";"2018";"22";261;7.3;8.79;10.34;1.55;""
"";"Gem";"96649";"07 13 51 +17 46 02";"STF 1041";"2017";"10";267;25.7;9.36;11.98;2.62;""
"";"Aur";"41653";"07 15 53 +42 08 55";"STF 1042 AB";"2017";"17";42;11.9;9.86;11.05;1.19;""
"";"Aur";"41653";"07 15 53 +42 08 55";"STF 1042 AC";"2015";"7";85;23.7;9.86;14.90;5.04;""
"";"Mon";"";"07 12 37 -00 40 46";"STF 1043";"2021";"26";69;2.4;9.37;9.42;0.05;""
"";"Lyn";"173345";"07 17 09 +47 39 18";"STF 1044";"2017";"31";170;13.0;10.08;10.60;0.52;""
"HD 55415";"Mon";"134359";"07 12 42 -03 10 41";"STF 1045";"2021";"33";236;5.6;8.01;9.08;1.07;""
"HD 55729";"Gem";"96674";"07 14 38 +14 33 41";"STF 1046";"2015";"21";244;9.3;9.41;12.50;3.09;""
"HD 55625";"Gem";"96665";"07 14 20 +15 45 34";"STF 1047 A,BC";"2018";"43";30;24.1;8.07;9.66;1.59;""
"HD 55731";"CMi";"115116";"07 14 14 +04 12 26";"STF 1048";"2018";"26";351;5.9;9.14;10.07;0.93;""
"HD 55736";"Mon";"134379";"07 13 42 -08 55 31";"STF 1049";"2021";"41";41;3.6;8.36;9.47;1.11;""
"HD 56385";"Lyn";"26279";"07 19 51 +54 55 18";"STF 1050 AB";"2020";"43";21;19.4;8.08;8.80;0.72;""
"";"Lyn";"26279";"07 19 51 +54 55 18";"STF 1050 AC";"2015";"13";227;195.0;8.08;12.95;4.87;""
"HD 57044";"Cam";"6187";"07 26 35 +73 04 58";"STF 1051 AB";"2016";"31";295;0.9;7.60;9.08;1.48;""
"";"Cam";"6187";"07 26 35 +73 04 58";"STF 1051 AC";"2019";"43";84;31.6;7.60;7.79;0.19;""
"";"Cam";"6190";"07 26 42 +73 05 01";"STF 1051 CD";"2015";"8";131;46.7;7.82;13.42;5.60;""
"HD 55901";"Mon";"152603";"07 14 33 -10 17 34";"STF 1052";"2015";"25";22;19.9;8.76;9.19;0.43;""
"HD 56152";"Gem";"79238";"07 16 49 +24 32 11";"STF 1053";"2017";"22";316;13.7;7.35;10.83;3.48;""
"HD 56327";"Gem";"59962";"07 18 05 +34 57 06";"STF 1054 AB";"2017";"32";292;18.5;8.16;9.96;1.80;""
"";"Gem";"59962";"07 18 05 +34 57 06";"STF 1054 AC";"2017";"18";274;96.8;8.16;9.93;1.77;""
"47 Cam";"Cam";"26298";"07 22 17 +59 54 07";"STF 1055";"2016";"25";301;2.1;6.40;10.27;3.87;""
"HD 57126";"Mon";"134420";"07 15 34 -01 51 37";"STF 1056";"2021";"39";298;3.9;8.04;8.88;0.84;""
"";"CMa";"152609";"07 14 48 -15 28 34";"STF 1057 AB,C";"2019";"20";1;15.7;8.29;9.89;1.60;""
"HD 56298";"CMi";"115189";"07 16 50 +09 21 45";"STF 1058";"2015";"15";278;21.8;8.54;11.60;3.06;""
"HD 57308";"Cam";"14187";"07 26 22 +69 29 01";"STF 1059 AB";"2017";"16";309;25.6;8.15;10.97;2.82;""
"HD 56306";"Mon";"134436";"07 16 07 -09 16 11";"STF 1060 AB";"2021";"22";25;6.9;8.60;9.59;0.99;""
"Lam Gem";"Gem";"96746";"07 18 06 +16 32 26";"STF 1061 AB";"2021";"26";36;9.7;3.58;10.70;7.12;""
"19 Lyn";"Lyn";"26312";"07 22 52 +55 16 53";"STF 1062 AB";"2019";"94";317;13.8;5.76;6.71;0.95;""
"";"Lyn";"26312";"07 22 52 +55 16 53";"STF 1062 AD";"2017";"12";4;213.7;5.76;7.57;1.81;""
"";"Lyn";"26311";"07 22 51 +55 17 04";"STF 1062 BC";"2015";"9";288;74.1;6.71;12.76;6.05;""
"";"CMi";"115223";"07 18 06 +04 20 46";"STF 1063 A,BC";"2017";"15";287;52.0;9.16;10.42;1.26;""
"";"CMi";"";"07 18 03 +04 21 04";"STF 1063 BC";"2024";"17";206;7.1;10.42;10.95;0.53;""
"HD 56593";"CMa";"152660";"07 17 07 -12 02 02";"STF 1064 AB,C";"2019";"20";242;16.0;8.61;9.53;0.92;""
"20 Lyn";"Lyn";"26306";"07 22 15 +50 08 56";"STF 1065";"2018";"97";256;15.1;7.51;7.67;0.16;""
"Wasat";"Gem";"79294";"07 20 07 +21 58 56";"STF 1066";"2018";"275";229;5.5;3.55;8.18;4.63;"Y"
"HD 56845";"CMi";"115243";"07 18 51 +02 51 30";"STF 1067";"2015";"26";266;25.8;8.51;10.15;1.64;""
"HD 56988";"Gem";"96779";"07 19 49 +13 22 22";"STF 1068 AB";"2019";"27";350;4.0;9.29;9.80;0.51;""
"HD 56830";"CMa";"152682";"07 18 03 -13 42 02";"STF 1069";"2015";"23";14;25.2;8.66;8.73;0.07;""
"HD 57158";"Gem";"59996";"07 21 22 +34 01 36";"STF 1070 AB";"2019";"36";324;1.7;8.65;9.30;0.65;""
"";"Gem";"59996";"07 21 22 +34 01 36";"STF 1070 AC";"2015";"9";122;87.5;8.65;11.10;2.45;""
"HD 57378";"Lyn";"41729";"07 23 02 +44 59 43";"STF 1071 AB";"2017";"42";31;20.7;9.12;10.70;1.58;""
"HD 57075";"Mon";"134513";"07 19 37 -04 26 47";"STF 1072";"2015";"14";110;21.8;9.37;10.81;1.44;""
"HD 57290";"CMi";"96803";"07 21 01 +10 11 44";"STF 1073";"2021";"27";67;9.0;7.87;10.15;2.28;""
"";"CMi";"115294";"07 20 31 +00 24 13";"STF 1074 AB";"2024";"100";172;0.7;7.44;7.80;0.36;""
"HD 57974";"Cam";"14202";"07 27 44 +62 59 45";"STF 1075 AB";"2021";"24";346;7.3;8.53;10.57;2.04;""
"";"Cam";"14202";"07 27 44 +62 59 45";"STF 1075 AC";"2015";"12";334;224.3;8.53;9.75;1.22;""
"HD 57363";"CMi";"115309";"07 21 02 +04 03 24";"STF 1076";"2021";"36";108;2.9;9.49;9.58;0.09;""
"HD 57384";"Mon";"";"07 20 60 -00 40 13";"STF 1077 AB";"2021";"23";320;5.5;9.89;9.78;0.11;""
"HD 57815";"Aur";"60052";"07 24 36 +37 48 41";"STF 1079 AB";"2015";"27";333;5.6;9.45;10.40;0.95;""
"";"Aur";"60052";"07 24 36 +37 48 41";"STF 1079 A,CD";"2015";"9";252;226.6;9.45;11.70;2.25;""
"20 Lyn";"CMi";"115341";"07 22 16 +04 28 60";"STF 1080";"2015";"20";220;22.1;9.97;10.41;0.44;""
"HD 57900";"Gem";"79361";"07 24 09 +21 27 28";"STF 1081 AB";"2019";"84";234;1.9;7.68;8.52;0.84;""
"";"Gem";"79361";"07 24 09 +21 27 28";"STF 1081 AC";"2017";"14";63;107.0;7.68;9.89;2.21;""
"HD 57930";"CMi";"96855";"07 23 48 +10 42 05";"STF 1082 AB";"2015";"25";327;20.1;8.38;9.47;1.09;""
"";"CMi";"96855";"07 23 48 +10 42 05";"STF 1082 AC";"2015";"10";22;16.5;8.38;13.60;5.22;""
"";"CMi";"96854";"07 23 48 +10 42 22";"STF 1082 BC";"2015";"10";95;17.2;9.47;13.60;4.13;""
"HD 58246";"Gem";"79375";"07 25 35 +20 29 43";"STF 1083";"2021";"111";45;6.7;7.32;8.13;0.81;""
"HD 58098";"Mon";"134618";"07 24 01 -03 58 44";"STF 1084";"2015";"25";284;14.8;7.20;10.00;2.80;""
"HD 58208";"Mon";"134628";"07 24 28 -04 36 30";"STF 1085";"2016";"16";283;3.2;8.63;10.04;1.41;""
"HD 58662";"Aur";"41794";"07 28 31 +42 45 09";"STF 1086";"2017";"22";103;12.2;8.01;10.11;2.10;""
"";"Gem";"96891";"07 25 56 +14 05 11";"STF 1087 CD";"2015";"22";38;23.3;8.71;11.77;3.06;""
"HD 58383";"Gem";"96892";"07 26 02 +14 06 11";"STF 1088 AB";"2015";"30";195;10.9;7.38;9.37;1.99;""
"";"Gem";"96892";"07 26 02 +14 06 11";"STF 1088 AC";"2015";"31";238;112.8;7.38;8.71;1.33;""
"";"Gem";"96892";"07 26 02 +14 06 11";"STF 1088 AD";"2015";"7";243;91.2;7.38;11.77;4.39;""
"";"Gem";"96892";"07 26 02 +14 06 11";"STF 1088 AE";"1984";"1";224;137.4;7.38;13.90;6.52;""
"HD 58430";"Gem";"96893";"07 26 12 +14 50 25";"STF 1089 AB";"2021";"37";7;7.2;8.87;8.93;0.06;""
"HD 58453";"Gem";"96897";"07 26 27 +18 31 01";"STF 1090 AB";"2017";"43";98;60.8;7.27;8.17;0.90;""
"";"Gem";"96897";"07 26 27 +18 31 01";"STF 1090 AC";"2017";"22";80;49.0;7.27;9.48;2.21;""
"";"Gem";"96898";"07 26 32 +18 30 52";"STF 1090 BC";"2017";"31";328;20.9;8.17;9.48;1.31;""
"HD 233399";"Lyn";"26373";"07 29 58 +49 58 09";"STF 1091";"2019";"57";321;30.0;9.54;10.06;0.52;""
"HD 58967";"Lyn";"41814";"07 30 22 +49 14 20";"STF 1092";"2024";"16";70;2.9;8.56;10.45;1.89;""
"HD 58945";"Lyn";"";"07 30 17 +49 58 42";"STF 1093";"2024";"129";206;0.8;8.79;8.98;0.19;"Y"
"HD 58729";"Gem";"96914";"07 27 26 +15 18 59";"STF 1094";"2019";"46";97;2.5;7.58;8.52;0.94;""
"HD 58782";"CMi";"";"07 27 23 +08 45 14";"STF 1095";"2021";"29";77;10.4;8.61;9.35;0.74;""
"HD 59308";"Lyn";"26393";"07 31 55 +50 09 04";"STF 1096";"2018";"19";327;29.0;8.00;10.62;2.62;""
"";"Pup";"152909";"07 27 52 -11 33 25";"STF 1097 AC";"2020";"36";314;19.8;6.22;8.87;2.65;""
"";"Lyn";"26411";"07 34 50 +59 33 20";"STF 1098";"2017";"23";290;27.2;10.31;10.57;0.26;""
"HD 59226";"CMi";"96949";"07 29 26 +11 31 44";"STF 1099";"2019";"33";344;3.7;8.54;8.94;0.40;""
"";"Cam";"";"07 45 47 +77 49 25";"STF 1100 AB";"2015";"14";62;17.3;10.61;12.63;2.02;""
"HD 59277";"Pup";"";"07 28 44 -13 48 56";"STF 1101";"2021";"18";88;6.5;9.50;9.73;0.23;""
"HD 59432";"Gem";"96964";"07 30 26 +13 51 54";"STF 1102 AB";"2021";"36";45;7.6;7.36;9.21;1.85;""
"";"Gem";"96964";"07 30 26 +13 51 54";"STF 1102 AC";"2015";"8";77;21.8;7.36;13.23;5.87;""
"";"Gem";"96964";"07 30 26 +13 51 54";"STF 1102 AD";"2015";"20";131;111.9;7.36;8.04;0.68;""
"";"Gem";"";"07 30 27 +13 51 60";"STF 1102 BC";"2015";"7";91;15.9;9.21;13.23;4.02;""
"";"Gem";"";"07 30 27 +13 51 60";"STF 1102 BE";"2015";"8";3;30.4;9.21;11.96;2.75;""
"HD 59538";"CMi";"115532";"07 30 34 +05 15 17";"STF 1103";"2020";"36";245;4.2;7.12;8.64;1.52;""
"HD 59438";"Pup";"152943";"07 29 22 -14 59 53";"STF 1104 AB";"2023";"155";43;1.7;6.39;7.60;1.21;"Y"
"";"Pup";"152943";"07 29 22 -14 59 53";"STF 1104 AC";"2016";"10";185;21.0;6.39;11.80;5.41;""
"";"Pup";"152943";"07 29 22 -14 59 53";"STF 1104 AD";"2015";"9";21;72.1;6.39;13.15;6.76;""
"";"Pup";"152943";"07 29 22 -14 59 53";"STF 1104 AE";"2015";"4";49;113.2;6.39;13.47;7.08;""
"";"CMi";"";"07 30 47 +08 35 00";"STF 1105";"2016";"12";81;20.5;11.60;11.62;0.02;""
"HD 59601";"Gem";"96977";"07 31 21 +16 18 39";"STF 1106";"2024";"39";34;10.7;9.40;9.47;0.07;""
"HD 61010";"Cam";"6292";"07 45 15 +75 47 51";"STF 1107";"2022";"15";217;1.2;8.69;10.10;1.41;""
"HD 59878";"Gem";"79489";"07 32 51 +22 53 15";"STF 1108";"2019";"55";178;11.7;6.62;8.21;1.59;""
"";"Mon";"";"07 31 54 -00 31 31";"STF 1109 AB";"2021";"28";18;3.2;9.26;9.26;0.00;""
"";"Mon";"";"07 31 54 -00 31 31";"STF 1109 AC";"2015";"10";306;27.0;9.26;11.40;2.14;""
"";"Mon";"";"07 31 54 -00 31 27";"STF 1109 BC";"2016";"10";299;25.9;9.26;10.71;1.45;""
"Castor";"Gem";"60198";"07 34 36 +31 53 18";"STF 1110 AB";"2023";"1520";51;5.4;1.93;2.97;1.04;"Y"
"";"Gem";"60198";"07 34 36 +31 53 18";"STF 1110 AC";"2023";"158";164;69.6;1.93;9.83;7.90;""
"";"Gem";"60198";"07 34 36 +31 53 18";"STF 1110 AD";"2023";"18";222;178.3;1.93;10.07;8.14;""
"";"Gem";"60198";"07 34 36 +31 53 18";"STF 1110 BC";"2020";"125";168;73.8;2.97;9.83;6.86;""
"";"Gem";"60199";"07 34 37 +31 52 10";"STF 1110 CD";"2015";"6";244;154.9;9.83;10.07;0.24;"Y"
"HD 59932";"Mon";"134799";"07 31 58 -08 41 14";"STF 1111 AB";"2021";"30";221;19.9;8.87;9.19;0.32;""
"";"Mon";"134799";"07 31 58 -08 41 14";"STF 1111 AC";"2015";"7";226;12.4;8.87;13.50;4.63;""
"";"Mon";"134798";"07 31 57 -08 41 29";"STF 1111 BC";"2015";"8";33;7.6;9.19;13.50;4.31;""
"HD 59984";"Mon";"134806";"07 32 06 -08 52 51";"STF 1112";"2020";"16";113;23.9;6.03;8.73;2.70;""
"HD 60336";"Gem";"79523";"07 34 59 +24 15 56";"STF 1113 AB";"2017";"12";180;91.7;7.85;11.10;3.25;""
"";"CMi";"115624";"07 33 42 +09 17 18";"STF 1114";"2021";"33";52;6.4;9.23;9.99;0.76;""
"HD 60116";"Pup";"153032";"07 32 34 -12 52 37";"STF 1115";"2015";"19";139;12.4;9.48;9.70;0.22;""
"HD 60355";"Gem";"97033";"07 34 32 +12 18 17";"STF 1116";"2019";"64";95;1.7;7.81;8.50;0.69;""
"HD 60592";"Lyn";"60223";"07 36 43 +35 23 30";"STF 1117 AB";"2021";"19";228;11.6;9.10;10.59;1.49;""
"";"Lyn";"60229";"07 37 26 +38 52 06";"STF 1118 AC";"2017";"19";18;23.4;7.99;10.69;2.70;""
"";"Lyn";"60229";"07 37 26 +38 52 06";"STF 1118 AB,D";"2015";"7";93;96.8;8.74;12.29;3.55;""
"HD 60987";"Gem";"60242";"07 38 30 +33 42 41";"STF 1119";"2019";"30";353;3.3;8.08;9.35;1.27;""
"";"Pup";"153118";"07 36 04 -14 29 34";"STF 1120 AC";"2015";"18";37;19.8;5.64;9.74;4.10;""
"HD 60997";"Pup";"153143";"07 36 36 -14 29 04";"STF 1121 AB";"2019";"66";305;7.4;6.92;7.30;0.38;""
"";"Pup";"153143";"07 36 36 -14 29 04";"STF 1121 AC";"2015";"13";133;17.9;6.92;13.00;6.08;""
"";"Pup";"153143";"07 36 36 -14 29 04";"STF 1121 AD";"2015";"15";100;64.4;6.92;9.55;2.63;""
"";"Pup";"153143";"07 36 36 -14 29 04";"STF 1121 AE";"2015";"11";240;72.3;6.92;9.88;2.96;""
"";"Pup";"153143";"07 36 36 -14 29 04";"STF 1121 AF";"2015";"11";317;83.5;6.92;11.34;4.42;""
"";"Pup";"153143";"07 36 36 -14 29 04";"STF 1121 AG";"2015";"18";3;84.0;6.92;7.66;0.74;""
"";"Pup";"153143";"07 36 36 -14 29 04";"STF 1121 AH";"2015";"14";270;149.5;6.92;9.44;2.52;""
"";"Pup";"153143";"07 36 36 -14 29 04";"STF 1121 AI";"2015";"14";28;164.7;6.92;6.67;0.25;""
"";"Pup";"153143";"07 36 36 -14 29 04";"STF 1121 AJ";"2015";"15";356;195.8;6.92;8.58;1.66;""
"";"Pup";"153142";"07 36 36 -14 29 00";"STF 1121 BE";"2015";"9";234;69.4;7.30;9.88;2.58;""
"HD 61907";"Cam";"14312";"07 45 52 +65 09 28";"STF 1122";"2021";"63";186;14.9;7.78;7.80;0.02;""
"HD 61629";"Gem";"60273";"07 41 32 +33 24 35";"STF 1123";"2019";"24";167;3.6;9.25;9.79;0.54;""
"HD 61604";"Gem";"79609";"07 40 58 +21 47 48";"STF 1124 AB";"2021";"49";326;19.4;9.11;9.28;0.17;""
"HD 62067";"Cam";"14315";"07 45 48 +60 53 21";"STF 1125";"2017";"17";342;23.3;9.31;10.82;1.51;""
"HD 61563";"CMi";"115773";"07 40 07 +05 13 52";"STF 1126 AB";"2021";"281";176;0.8;6.55;6.96;0.41;"Y"
"";"CMi";"115773";"07 40 07 +05 13 52";"STF 1126 AC";"2015";"9";250;43.1;6.55;11.99;5.44;""
"HD 62195";"Cam";"14326";"07 47 00 +64 03 07";"STF 1127 AB";"2019";"42";340;5.6;7.02;8.45;1.43;""
"";"Cam";"14326";"07 47 00 +64 03 07";"STF 1127 AC";"2019";"32";178;11.6;7.02;9.72;2.70;""
"";"Cam";"";"07 47 00 +64 03 12";"STF 1127 BC";"2019";"27";172;16.9;8.45;9.72;1.27;""
"HD 61583";"Mon";"134950";"07 39 49 -06 14 39";"STF 1128";"2016";"22";168;15.7;7.89;10.01;2.12;""
"";"Gem";"97148";"07 41 43 +18 03 12";"STF 1129 AC";"2020";"32";64;21.7;8.91;9.68;0.77;""
"HD 61886";"CMi";"115814";"07 41 42 +09 42 17";"STF 1130";"2022";"121";71;0.6;8.76;9.48;0.72;"Y"
"";"Cam";"";"07 52 19 +71 26 60";"STF 1131";"2016";"14";359;2.8;10.81;10.92;0.11;""
"HD 62125";"Mon";"135000";"07 42 12 -03 31 10";"STF 1132";"2017";"48";234;20.1;8.13;8.49;0.36;""
"HD 62162";"Mon";"135010";"07 42 34 -04 01 35";"STF 1133";"2021";"28";107;4.3;8.88;9.96;1.08;""
"HD 62323";"CMi";"115851";"07 43 31 +03 29 10";"STF 1134 AB";"2021";"22";146;9.6;7.07;10.38;3.31;""
"";"CMi";"115851";"07 43 31 +03 29 10";"STF 1134 AC";"2015";"11";348;92.6;7.07;11.34;4.27;""
"Pi Gem";"Gem";"60340";"07 47 30 +33 24 58";"STF 1135 AB";"2017";"21";215;19.0;5.14;11.40;6.26;""
"";"Gem";"60340";"07 47 30 +33 24 58";"STF 1135 AC";"2016";"13";343;91.6;5.32;11.18;5.86;""
"HD 63384";"Cam";"14349";"07 52 55 +64 54 13";"STF 1136";"2015";"33";183;4.9;7.63;11.30;3.67;""
"HD 62968";"CMi";"115910";"07 46 35 +04 07 50";"STF 1137";"2022";"28";133;3.1;7.96;9.12;1.16;""
"2 Pup";"Pup";"153363";"07 45 29 -14 41 26";"STF 1138 AB";"2019";"75";340;16.7;6.00;6.73;0.73;""
"";"Pup";"153363";"07 45 29 -14 41 26";"STF 1138 AC";"2015";"8";229;100.0;6.00;10.57;4.57;""
"";"Lyn";"";"07 49 12 +37 06 21";"STF 1139";"2017";"20";34;17.3;10.37;11.04;0.67;""
"HD 63210";"Gem";"97260";"07 48 23 +18 20 12";"STF 1140";"2021";"51";273;6.4;7.01;8.65;1.64;""
"HD 63065";"CMi";"115922";"07 47 02 +00 01 06";"STF 1141 AB";"2021";"35";10;17.5;8.41;9.37;0.96;""
"HD 63240";"Gem";"97261";"07 48 23 +13 25 06";"STF 1142 AB";"2015";"48";211;34.3;8.37;10.91;2.54;""
"HD 63241";"CMi";"115947";"07 48 03 +05 24 36";"STF 1143";"1825";"1";152;9.3;6.60;11.00;4.40;""
"HD 63238";"Gem";"";"07 49 01 +28 34 26";"STF 1144 AB";"2018";"20";358;8.4;7.94;10.33;2.39;""
"HD 63587";"Lyn";"60385";"07 51 19 +38 49 17";"STF 1145";"2024";"15";40;1.2;8.73;10.39;1.66;""
"5 Pup";"Pup";"153414";"07 47 57 -12 11 34";"STF 1146";"2023";"122";330;0.9;5.73;7.32;1.59;"Y"
"";"Gem";"79735";"07 50 20 +24 31 56";"STF 1147";"2019";"39";175;2.2;9.66;9.68;0.02;""
"";"Cam";"6376";"07 58 55 +70 43 49";"STF 1148";"2017";"10";222;39.1;9.44;11.54;2.10;""
"HD 63536";"CMi";"115981";"07 49 30 +03 13 16";"STF 1149";"2017";"30";41;21.7;7.81;9.19;1.38;""
"HD 74407";"UMi";"1354";"08 43 52 +86 13 42";"STF 1150";"2015";"12";39;28.5;9.70;11.49;1.79;""
"";"Cam";"6404";"08 05 28 +76 47 36";"STF 1151";"2016";"22";222;3.6;9.98;10.98;1.00;""
"HD 63876";"Mon";"135173";"07 50 59 -03 07 16";"STF 1152";"2017";"20";313;6.0;8.41;10.29;1.88;""
"";"CMi";"97326";"07 52 34 +12 01 10";"STF 1153";"2016";"25";358;19.6;10.13;10.28;0.15;""
"HD 64110";"Mon";"135190";"07 52 08 -03 03 15";"STF 1154";"2021";"24";353;2.8;7.13;9.26;2.13;""
"HD 64350";"Gem";"79784";"07 54 28 +26 10 02";"STF 1155 AB";"2017";"17";343;16.8;8.67;10.40;1.73;""
"HD 64208";"Gem";"79778";"07 53 48 +24 43 57";"STF 1156";"2015";"9";194;34.6;9.50;11.46;1.96;""
"HD 64607";"Mon";"135238";"07 54 33 -02 47 45";"STF 1157";"2021";"106";168;0.7;7.93;7.89;0.04;"Y"
"HD 64813";"Gem";"79813";"07 56 31 +21 52 29";"STF 1158 AB";"2017";"27";333;7.3;9.30;9.30;0.00;""
"";"Gem";"79813";"07 56 31 +21 52 29";"STF 1158 AC";"2017";"13";246;20.9;9.30;13.00;3.70;""
"";"Gem";"79813";"07 56 31 +21 52 29";"STF 1158 AD";"2017";"9";307;63.1;9.33;13.79;4.46;""
"";"Gem";"79813";"07 56 31 +21 52 29";"STF 1158 AE";"2015";"7";154;61.3;9.33;14.65;5.32;""
"HD 65754";"Cam";"6415";"08 05 59 +71 47 25";"STF 1159";"2016";"16";94;35.1;7.55;10.60;3.05;""
"HD 65365";"Lyn";"26621";"08 01 26 +56 56 36";"STF 1160";"2017";"23";32;6.1;8.71;11.54;2.83;""
"HD 65219";"Lyn";"42109";"07 59 41 +46 37 12";"STF 1161";"2024";"21";198;3.0;8.21;9.82;1.61;""
"HD 65065";"Cnc";"97411";"07 57 23 +13 12 25";"STF 1162";"2021";"29";327;9.2;8.00;10.17;2.17;""
"HD 64682";"Gem";"79803";"07 56 02 +24 39 57";"STF 1163";"2015";"18";160;18.9;7.80;10.14;2.34;""
"HD 65871";"Cam";"14426";"08 05 44 +68 22 54";"STF 1164";"2016";"23";20;55.3;8.21;11.26;3.05;""
"";"Lyn";"26629";"08 02 07 +54 36 55";"STF 1165 AB";"2012";"20";318;0.2;8.60;10.03;1.43;""
"HD 65582";"Lyn";"26629";"08 02 07 +54 36 55";"STF 1165 AB,C";"2015";"8";277;217.5;8.60;12.18;3.58;""
"";"Cnc";"";"07 58 34 +16 28 09";"STF 1167";"2017";"20";229;12.1;9.79;11.80;2.01;""
"BV CMi";"CMi";"116192";"07 58 45 +05 37 24";"STF 1168";"2015";"12";218;6.0;6.97;14.60;7.63;""
"HD 67064";"Cam";"";"08 16 31 +79 30 04";"STF 1169 AB";"2018";"83";15;20.6;8.40;8.64;0.24;"Y"
"HD 65557";"Cnc";"97450";"07 59 46 +13 41 20";"STF 1170";"2019";"54";108;2.4;8.74;9.09;0.35;""
"HD 65757";"Cnc";"79864";"08 01 01 +23 34 59";"STF 1171";"2016";"34";326;2.1;6.48;9.95;3.47;""
"HD 66067";"Lyn";"26648";"08 04 37 +54 44 46";"STF 1172";"2024";"18";244;1.6;7.90;9.55;1.65;""
"HD 65857";"Cnc";"97483";"08 01 23 +16 56 58";"STF 1173 AB";"2025";"38";50;10.4;8.47;9.93;1.46;""
"HD 66263";"Lyn";"42157";"08 04 44 +47 17 24";"STF 1174 AB,C";"2019";"34";214;6.0;8.97;9.33;0.36;""
"HD 66177";"CMi";"116263";"08 02 26 +04 09 08";"STF 1175";"2023";"141";290;1.5;7.89;9.13;1.24;"Y"
"HD 66661";"Lyn";"42171";"08 06 22 +41 59 08";"STF 1176";"2020";"27";31;22.5;8.09;10.06;1.97;""
"17 Cnc";"Cnc";"79928";"08 05 37 +27 31 47";"STF 1177";"2019";"176";350;3.5;6.69;7.41;0.72;""
"HD 66491";"Pup";"153761";"08 03 24 -13 12 13";"STF 1178";"2021";"31";330;5.1;9.26;9.36;0.10;""
"";"Cnc";"97539";"08 04 45 +12 04 23";"STF 1179 AB";"2015";"59";202;23.4;10.19;9.95;0.24;""
"HD 66850";"Lyn";"60565";"08 06 43 +33 53 49";"STF 1180 AB";"2017";"19";258;23.7;8.67;11.20;2.53;""
"HD 66776";"Cnc";"116322";"08 05 25 +08 11 59";"STF 1181";"2019";"37";141;5.2;8.28;9.26;0.98;""
"HD 66801";"CMi";"116324";"08 05 24 +05 49 39";"STF 1182";"2019";"36";75;4.9;7.48;8.76;1.28;""
"HD 67159";"Mon";"135505";"08 06 27 -09 14 40";"STF 1183 AB";"2019";"46";327;30.6;6.22;7.77;1.55;""
"HD 67422";"Lyn";"60602";"08 09 26 +37 52 22";"STF 1184 AB";"2022";"34";341;26.9;8.74;9.51;0.77;""
"";"Lyn";"60602";"08 09 26 +37 52 22";"STF 1184 AC";"2017";"8";210;21.6;8.74;14.30;5.56;""
"HD 67231";"CMi";"116365";"08 07 07 +01 20 46";"STF 1185";"2016";"32";94;3.8;9.59;10.26;0.67;""
"11 Cnc";"Cnc";"79974";"08 08 50 +27 28 49";"STF 1186";"2018";"34";212;3.3;7.06;10.08;3.02;""
"HD 67501";"Cnc";"60604";"08 09 30 +32 13 19";"STF 1187 AB";"2025";"327";22;1.9;7.19;7.98;0.79;"Y"
"HD 67502";"Cnc";"60603";"08 09 24 +30 20 49";"STF 1188";"2022";"38";201;16.4;8.71;9.34;0.63;""
"HD 67452";"Mon";"";"08 07 56 -01 20 58";"STF 1189";"2021";"19";335;8.9;7.82;10.08;2.26;""
"Zet Mon";"Mon";"135551";"08 08 36 -02 59 02";"STF 1190 AB";"2015";"27";106;33.2;4.46;10.32;5.86;""
"";"Mon";"135551";"08 08 36 -02 59 02";"STF 1190 AC";"2015";"37";246;64.9;4.46;9.68;5.22;""
"";"Mon";"135551";"08 08 36 -02 59 02";"STF 1190 AD";"2015";"4";285;39.0;4.46;13.40;8.94;""
"";"Cnc";"97624";"08 10 48 +19 01 52";"STF 1191";"2016";"21";77;3.6;10.30;10.80;0.50;""
"56 Cam";"UMa";"14479";"08 15 51 +60 22 50";"STF 1192 AB";"2022";"17";256;2.6;6.51;10.06;3.55;""
"";"UMa";"14479";"08 15 51 +60 22 50";"STF 1192 AC";"2015";"20";224;48.9;6.51;10.39;3.88;""
"";"UMa";"14479";"08 15 51 +60 22 50";"STF 1192 AD";"2023";"5";194;98.6;6.51;13.66;7.15;""
"HD 68951";"UMa";"6504";"08 20 40 +72 24 26";"STF 1193 AB";"2015";"31";90;42.4;6.16;9.69;3.53;""
"";"UMa";"6507";"08 20 50 +72 24 26";"STF 1193 BC";"2015";"9";6;58.8;9.78;12.69;2.91;""
"HD 67938";"CMi";"";"08 10 28 +01 55 04";"STF 1194";"2022";"19";320;3.3;9.40;10.70;1.30;""
"HD 68223";"Cnc";"60643";"08 12 38 +30 27 33";"STF 1195 AB";"2015";"17";333;9.2;9.29;11.80;2.51;""
"Tegmine";"Cnc";"97645";"08 12 13 +17 38 51";"STF 1196 AB";"2025";"1244";349;1.1;5.30;6.25;0.95;"Y"
"Zet2 Cnc";"Cnc";"97645";"08 12 13 +17 38 51";"STF 1196 AB,C";"2025";"576";57;6.3;4.92;5.85;0.93;"Y"
"Tegmine";"Cnc";"97645";"08 12 13 +17 38 51";"STF 1196 AC";"2022";"650";61;6.2;5.30;5.85;0.55;""
"";"Cnc";"97645";"08 12 13 +17 38 51";"STF 1196 AB,D";"2017";"21";107;275.9;4.92;8.89;3.97;""
"";"Cnc";"97645";"08 12 13 +17 38 52";"STF 1196 BC";"2020";"190";70;5.5;6.25;5.85;0.40;""
"";"Cnc";"97646";"08 12 13 +17 38 52";"STF 1196 CD";"2000";"7";107;277.5;5.85;8.89;3.04;""
"HD 68253";"Cnc";"80014";"08 12 44 +29 32 31";"STF 1197";"2019";"31";101;1.8;9.01;9.67;0.66;""
"HD 68143";"CMi";"116451";"08 11 16 +01 16 06";"STF 1198";"2017";"34";338;33.4;8.72;8.77;0.05;""
"HD 68702";"Lyn";"26743";"08 15 53 +50 47 09";"STF 1199";"2017";"11";6;23.9;8.73;11.83;3.10;""
"HD 68721";"Lyn";"42252";"08 15 58 +49 46 20";"STF 1200";"2018";"39";181;8.3;9.16;9.33;0.17;""
"HD 68483";"Cnc";"116479";"08 12 53 +09 34 40";"STF 1201";"2021";"29";185;6.8;8.05;9.51;1.46;""
"HD 68615";"Cnc";"97662";"08 13 34 +10 50 50";"STF 1202";"2021";"96";304;2.7;7.37;9.61;2.24;""
"";"Cnc";"80034";"08 14 43 +27 09 48";"STF 1203";"2017";"13";243;18.9;8.87;11.80;2.93;""
"HD 68873";"Lyn";"60685";"08 15 54 +38 28 53";"STF 1204";"2017";"27";103;11.5;9.24;10.33;1.09;""
"HD 69329";"Lyn";"26770";"08 19 21 +56 27 07";"STF 1205";"2024";"38";165;1.7;9.66;10.06;0.40;""
"";"Cnc";"116521";"08 14 41 +07 10 42";"STF 1206";"2021";"29";200;11.7;9.90;10.38;0.48;""
"HD 69033";"Hya";"116535";"08 15 16 +05 33 29";"STF 1207 AB";"2015";"21";191;13.9;8.77;11.31;2.54;""
"";"Hya";"116535";"08 15 16 +05 33 29";"STF 1207 AC";"2015";"9";77;14.9;8.77;12.88;4.11;""
"HD 69804";"UMa";"14520";"08 23 20 +68 25 59";"STF 1208 AC";"2015";"21";326;20.7;8.59;9.83;1.24;""
"HD 69094";"Cnc";"116547";"08 15 42 +07 37 37";"STF 1209";"2015";"16";201;36.3;9.52;10.38;0.86;""
"HD 69178";"Hya";"116551";"08 15 49 +02 48 05";"STF 1210 AB";"2019";"33";113;15.7;7.25;9.45;2.20;""
"";"Lyn";"60711";"08 18 20 +38 59 10";"STF 1211 AB";"2020";"56";162;0.4;9.65;9.97;0.32;"Y"
"";"Lyn";"60711";"08 18 20 +38 59 10";"STF 1211 AC";"2017";"6";15;51.9;9.65;14.90;5.25;""
"";"Lyn";"60711";"08 18 20 +38 59 10";"STF 1211 AD";"2017";"14";134;123.2;9.65;10.05;0.40;""
"HD 69410";"Cnc";"60710";"08 18 03 +30 49 56";"STF 1212";"2019";"32";241;5.5;8.63;10.10;1.47;""
"";"Hya";"116596";"08 17 57 +06 28 08";"STF 1213";"2015";"25";304;6.0;9.80;11.50;1.70;""
"";"Cnc";"";"08 20 12 +17 00 19";"STF 1214 A,BC";"2017";"27";0;4.8;10.70;11.00;0.30;""
"";"Hya";"26789";"08 20 45 +01 26 17";"STF 1215";"2015";"12";344;11.7;11.40;11.50;0.10;""
"HD 70340";"Hya";"135804";"08 21 20 -01 36 07";"STF 1216";"2021";"189";312;0.5;6.85;7.88;1.03;"Y"
"HD 70516";"Lyn";"42337";"08 24 16 +44 56 59";"STF 1217";"2019";"61";242;29.1;7.79;9.39;1.60;"Y"
"";"Cnc";"80145";"08 23 28 +23 10 48";"STF 1218";"2021";"24";268;4.4;9.76;11.30;1.54;""
"HD 70571";"Cnc";"";"08 22 59 +07 37 50";"STF 1219";"2021";"46";82;12.3;9.24;9.26;0.02;""
"HD 70897";"Cnc";"80171";"08 25 18 +24 21 00";"STF 1220";"2017";"26";215;29.1;8.69;10.39;1.70;""
"HD 70958";"Cnc";"135877";"08 24 35 +13 40 12";"STF 1221 AB";"2015";"16";110;4.9;10.40;11.60;1.20;""
"";"Cnc";"135877";"08 24 35 +13 40 12";"STF 1221 AC";"2015";"7";277;10.5;10.40;14.00;3.60;""
"HD 70987";"Lyn";"60809";"08 26 20 +37 32 43";"STF 1222";"2021";"30";49;10.1;8.71;10.20;1.49;""
"Phi2 Cnc";"Cnc";"80188";"08 26 47 +26 56 08";"STF 1223";"2022";"263";218;5.2;6.16;6.21;0.05;""
"24 Cnc";"Cnc";"80184";"08 26 40 +24 32 04";"STF 1224 A,BC";"2019";"275";53;5.7;6.92;7.53;0.61;""
"HD 71449";"Lyn";"26872";"08 29 46 +51 12 08";"STF 1225";"2024";"38";192;3.6;9.60;9.75;0.15;""
"HD 71209";"Hya";"116758";"08 26 11 +04 30 10";"STF 1226";"2016";"17";144;2.5;8.46;10.52;2.06;""
"HD 71309";"Cnc";"80195";"08 27 26 +23 09 08";"STF 1227";"2017";"38";164;24.9;8.08;9.69;1.61;""
"HD 71292";"Cnc";"80198";"08 27 39 +27 33 42";"STF 1228";"2021";"42";352;9.1;8.87;9.68;0.81;""
"Phi2 Cnc";"Hya";"116764";"08 26 47 +02 25 47";"STF 1229";"2017";"11";115;21.6;9.50;11.80;2.30;""
"";"Cnc";"97840";"08 28 26 +16 51 09";"STF 1230";"2017";"50";186;33.8;9.32;10.59;1.27;""
"HD 71679";"Cnc";"60856";"08 29 51 +31 22 32";"STF 1231";"2017";"30";211;25.0;9.50;9.93;0.43;""
"HD 72167";"UMa";"14593";"08 35 23 +66 16 15";"STF 1232";"2020";"29";352;30.4;8.73;8.97;0.24;""
"LO Hya";"Hya";"135958";"08 28 29 -02 31 02";"STF 1233 AB,C";"2022";"18";330;18.2;6.42;10.49;4.07;""
"HD 72003";"Lyn";"26899";"08 33 05 +55 21 17";"STF 1234 AB";"2017";"58";65;24.7;7.77;9.56;1.79;""
"HD 72183";"Lyn";"26911";"08 34 12 +56 55 23";"STF 1235";"2024";"28";88;1.4;8.35;10.04;1.69;""
"";"Cnc";"60867";"08 31 26 +31 55 34";"STF 1236";"2017";"34";110;38.3;8.92;9.34;0.42;""
"";"Cnc";"";"08 30 43 +08 25 54";"STF 1237";"2015";"14";173;5.5;10.20;13.00;2.80;""
"HD 72040";"Lyn";"60875";"08 31 55 +33 09 03";"STF 1238";"2017";"24";321;29.4;9.13;10.85;1.72;""
"";"Lyn";"60882";"08 32 29 +37 29 20";"STF 1239";"2017";"24";291;12.6;9.64;11.03;1.39;""
"HD 72280";"Lyn";"60893";"08 33 10 +33 25 53";"STF 1240 AB";"2017";"43";80;28.8;7.81;11.21;3.40;""
"";"Lyn";"60893";"08 33 10 +33 25 53";"STF 1240 AC";"2017";"19";242;51.3;7.81;11.72;3.91;""
"HD 72648";"Hya";"";"08 32 21 +05 44 12";"STF 1241";"2015";"9";279;23.9;11.36;12.13;0.77;""
"";"UMa";"42440";"08 36 01 +47 07 30";"STF 1242";"2016";"22";175;2.7;9.93;10.49;0.56;""
"HD 72605";"Hya";"116891";"08 33 54 +01 35 08";"STF 1243";"2017";"28";233;1.7;7.85;9.39;1.54;""
"HD 73018";"Lyn";"42459";"08 37 39 +41 48 02";"STF 1244";"2016";"27";1;3.7;9.02;10.32;1.30;""
"HD 72945";"Cnc";"116929";"08 35 51 +06 37 14";"STF 1245 AB";"2022";"114";25;10.1;5.98;7.16;1.18;"Y"
"";"Cnc";"116929";"08 35 51 +06 37 14";"STF 1245 AC";"2020";"15";109;99.8;5.98;10.70;4.72;""
"";"Cnc";"116929";"08 35 51 +06 37 14";"STF 1245 AD";"2020";"12";292;109.1;5.98;11.91;5.93;""
"";"Cnc";"116929";"08 35 51 +06 37 14";"STF 1245 AE";"2020";"20";207;113.2;5.98;9.60;3.62;""
"HD 72944";"Cnc";"97947";"08 35 55 +09 54 33";"STF 1246";"2020";"35";116;10.6;8.73;9.85;1.12;""
"";"Hya";"";"08 36 04 +05 21 54";"STF 1247 AB";"2015";"10";11;28.8;10.53;11.55;1.02;""
"";"Hya";"";"08 36 04 +05 21 54";"STF 1247 AC";"2015";"11";160;58.5;10.53;11.25;0.72;""
"";"UMa";"14630";"08 41 59 +62 01 24";"STF 1248";"2017";"24";210;18.3;9.62;10.45;0.83;""
"HD 73174";"Cnc";"";"08 37 40 +19 45 19";"STF 1249";"2017";"17";40;24.9;11.00;10.78;0.22;""
"";"UMa";"26952";"08 40 15 +51 47 26";"STF 1250 AB";"2021";"27";168;21.5;10.18;10.40;0.22;""
"";"Lyn";"";"08 40 12 +41 17 08";"STF 1251";"2018";"20";30;6.6;10.39;10.88;0.49;""
"";"Cnc";"136129";"08 38 51 +08 10 34";"STF 1252";"2015";"14";47;20.2;10.16;11.11;0.95;""
"HD 74358";"UMa";"6649";"08 48 54 +72 01 14";"STF 1253";"2017";"21";246;26.0;8.37;10.48;2.11;""
"HD 73710";"Cnc";"98021";"08 40 22 +19 40 12";"STF 1254 AB";"2023";"47";55;20.7;6.44;10.37;3.93;""
"";"Cnc";"98021";"08 40 22 +19 40 12";"STF 1254 AC";"2023";"45";343;63.2;6.52;7.61;1.09;""
"";"Cnc";"98021";"08 40 22 +19 40 12";"STF 1254 AD";"2023";"39";44;82.7;6.52;9.20;2.68;""
"HD 73668";"Hya";"117000";"08 39 44 +05 45 51";"STF 1255 AB";"2022";"60";31;25.9;7.33;8.56;1.23;""
"";"Hya";"117001";"08 39 45 +05 46 14";"STF 1255 BC";"2015";"7";357;69.6;8.56;13.55;4.99;""
"";"Hya";"117001";"08 39 45 +05 46 14";"STF 1255 BD";"2015";"7";22;71.5;8.56;12.62;4.06;""
"HD 73932";"UMa";"42507";"08 43 02 +49 18 08";"STF 1256";"2015";"20";216;28.1;8.73;10.62;1.89;""
"HD 74242";"UMa";"14654";"08 46 37 +65 27 19";"STF 1257";"2015";"16";145;27.6;7.85;11.90;4.05;""
"HD 74010";"UMa";"42512";"08 43 25 +48 51 42";"STF 1258";"2021";"84";331;10.2;7.72;7.87;0.15;""
"HD 74654";"Lyn";"199605";"08 46 36 +38 29 09";"STF 1259";"2019";"33";341;5.2;9.45;9.95;0.50;""
"HD 73941";"Hya";"154531";"08 40 41 -12 10 09";"STF 1260";"2021";"45";301;5.3;7.86;8.07;0.21;""
"HD 73940";"Hya";"154533";"08 40 44 -11 55 38";"STF 1261 AB";"2016";"22";303;29.5;7.71;9.60;1.89;""
"HD 73973";"Cnc";"80363";"08 41 58 +23 47 56";"STF 1262";"2017";"31";202;6.9;8.54;10.09;1.55;""
"HD 74377";"Lyn";"42526";"08 45 10 +41 40 17";"STF 1263 AB";"2015";"97";22;135.6;8.65;9.32;0.67;""
"HD 74188";"Hya";"136198";"08 42 16 -08 23 58";"STF 1264";"2018";"27";269;6.4;9.42;9.49;0.07;""
"HD 74328";"Cnc";"98076";"08 43 53 +13 37 26";"STF 1265";"2017";"23";311;5.7;8.70;10.33;1.63;""
"HD 74348";"Cnc";"80387";"08 44 27 +28 27 13";"STF 1266";"2020";"33";64;23.5;8.75;9.99;1.24;""
"HD 74848";"Hya";"117107";"08 46 31 +04 19 01";"STF 1267";"2004";"9";61;10.9;8.23;11.50;3.27;""
"Iot Cnc";"Cnc";"80416";"08 46 42 +28 45 36";"STF 1268";"2021";"133";308;30.6;4.13;5.99;1.86;""
"";"Cnc";"";"08 46 41 +19 14 01";"STF 1269 AB";"2017";"25";309;11.4;10.50;11.30;0.80;""
"HD 74688";"Hya";"136243";"08 45 21 -02 36 04";"STF 1270";"2020";"95";265;4.7;6.89;7.54;0.65;""
"HD 75031";"UMa";"27008";"08 50 07 +56 12 24";"STF 1271";"2015";"33";81;0.9;9.46;10.28;0.82;""
"HD 74960";"Lyn";"61056";"08 48 16 +34 35 56";"STF 1272";"2017";"34";343;20.3;8.07;10.19;2.12;""
"Eps Hya";"Hya";"117112";"08 46 47 +06 25 08";"STF 1273 AB,C";"2022";"444";313;2.7;3.49;6.66;3.17;"Y"
"";"Hya";"117112";"08 46 47 +06 25 08";"STF 1273 AB,D";"2017";"23";201;18.1;3.49;12.50;9.01;""
"";"Hya";"117112";"08 46 47 +06 25 08";"STF 1273 AB,E";"2015";"8";2;340.5;3.49;10.78;7.29;""
"";"Hya";"117112";"08 46 47 +06 25 08";"STF 1273 AB,F";"2015";"9";265;406.5;3.49;10.39;6.90;""
"HD 75052";"Lyn";"61060";"08 49 00 +38 20 43";"STF 1274";"2019";"38";41;9.1;7.42;9.34;1.92;""
"HD 75230";"UMa";"27015";"08 51 26 +57 31 38";"STF 1275 AB";"2019";"39";198;1.9;8.68;8.87;0.19;""
"HD 75368";"Cnc";"98120";"08 47 11 +11 09 34";"STF 1276 AB";"2021";"56";354;12.6;8.32;8.56;0.24;""
"";"Cnc";"";"08 47 05 +08 43 53";"STF 1277";"2015";"14";272;16.1;9.87;10.67;0.80;""
"HD 75214";"UMa";"42566";"08 50 43 +49 20 49";"STF 1278 AB";"2019";"26";127;8.5;8.54;10.50;1.96;""
"";"UMa";"42566";"08 50 43 +49 20 49";"STF 1278 AC";"2015";"9";149;281.5;8.54;12.48;3.94;""
"HD 75189";"Lyn";"61067";"08 49 60 +39 35 23";"STF 1279";"2024";"50";89;1.2;9.16;9.25;0.09;""
"HD 75632";"UMa";"6683";"08 55 25 +70 47 39";"STF 1280 AB";"2025";"270";0;3.5;8.81;9.10;0.29;"Y"
"";"UMa";"6683";"08 55 25 +70 47 39";"STF 1280 AC";"2015";"5";88;398.4;8.81;12.40;3.59;""
"";"UMa";"6683";"08 55 25 +70 47 39";"STF 1280 BC";"2015";"5";88;398.5;9.10;12.40;3.30;""
"";"Hya";"117128";"08 47 37 +00 01 04";"STF 1281 AB";"2017";"47";310;53.1;7.84;9.02;1.18;""
"HD 75353";"Lyn";"61077";"08 50 44 +35 04 15";"STF 1282 AB";"2024";"181";279;3.5;7.59;7.76;0.17;"Y"
"HD 75355";"Cnc";"98148";"08 49 56 +14 50 00";"STF 1283";"2021";"71";123;16.6;7.66;8.45;0.79;""
"HD 76702";"Cam";"1442";"09 07 58 +81 02 28";"STF 1284 AB";"2019";"17";167;2.6;8.15;9.62;1.47;""
"";"Cnc";"";"08 51 21 +20 53 24";"STF 1285";"2017";"28";338;25.9;10.23;10.91;0.68;""
"";"Hya";"117188";"08 50 42 +04 01 19";"STF 1286";"2015";"14";82;29.2;9.02;10.79;1.77;""
"HD 75638";"Cnc";"98174";"08 51 27 +12 07 40";"STF 1287 AB";"2018";"47";93;2.1;8.28;10.17;1.89;""
"";"Cnc";"98174";"08 51 27 +12 07 40";"STF 1287 AC";"2015";"14";96;15.8;8.28;12.30;4.02;""
"";"Cnc";"80480";"08 52 45 +28 27 29";"STF 1288";"2021";"37";259;7.7;10.16;10.17;0.01;""
"HD 75949";"Lyn";"42594";"08 54 44 +43 35 05";"STF 1289";"2019";"56";6;3.6;8.21;8.91;0.70;""
"HD 75768";"Hya";"117208";"08 52 03 +04 27 58";"STF 1290";"2021";"33";325;2.8;7.40;9.24;1.84;""
"";"Cnc";"61125";"08 54 15 +30 34 46";"STF 1291 AB";"2019";"297";310;1.5;6.09;6.37;0.28;"Y"
"HD 75959";"Cnc";"61125";"08 54 15 +30 34 46";"STF 1291 AB,C";"2015";"8";204;54.6;5.47;9.20;3.73;""
"";"Hya";"";"08 53 46 -00 34 42";"STF 1292 AB";"2020";"33";188;6.1;9.32;9.53;0.21;""
"HD 76594";"UMa";"27071";"08 59 24 +53 58 18";"STF 1293";"2017";"26";93;18.6;8.96;10.22;1.26;""
"";"Cnc";"61151";"08 57 17 +32 53 58";"STF 1294 AB";"2019";"20";340;15.6;8.97;10.80;1.83;""
"17 Hya";"Hya";"136409";"08 55 30 -07 58 16";"STF 1295";"2021";"111";4;4.0;6.73;6.93;0.20;""
"HD 77110";"Lyn";"61171";"08 59 17 +34 56 47";"STF 1296";"2019";"44";76;1.9;9.05;9.95;0.90;""
"";"Cnc";"80572";"09 00 33 +22 43 37";"STF 1297 AB";"2019";"32";159;5.1;8.88;9.96;1.08;""
"66 Cnc";"Cnc";"61202";"09 01 24 +32 15 08";"STF 1298 AB";"2021";"78";135;4.5;5.95;8.56;2.61;""
"";"Cnc";"61202";"09 01 24 +32 15 08";"STF 1298 AC";"2017";"10";319;186.8;5.95;12.01;6.06;""
"HD 77038";"Cnc";"98286";"09 00 17 +13 12 21";"STF 1299";"2020";"19";112;23.7;9.69;11.11;1.42;""
"HD 77175";"Cnc";"98295";"09 01 17 +15 15 57";"STF 1300 AB";"2022";"189";178;5.0;9.47;9.73;0.26;"Y"
"HD 77229";"Cnc";"80586";"09 01 56 +26 12 16";"STF 1301";"2017";"31";0;9.9;9.63;10.32;0.69;""
"HD 77213";"Hya";"117347";"09 01 13 +02 44 44";"STF 1302 AB";"2021";"44";236;2.7;9.31;9.47;0.16;""
"";"Hya";"117347";"09 01 13 +02 44 44";"STF 1302 AC";"2015";"13";253;24.9;9.31;13.80;4.49;""
"HD 77725";"UMa";"14766";"09 07 41 +64 59 06";"STF 1303";"2018";"18";282;2.8;9.22;10.43;1.21;""
"HD 79005";"Cam";"1492";"09 21 24 +81 23 03";"STF 1304";"2017";"21";322;24.2;9.20;10.35;1.15;""
"";"Cam";"1480";"09 17 28 +79 48 38";"STF 1305 AB";"2017";"15";0;1.5;10.67;10.80;0.13;""
"";"Cam";"1480";"09 17 28 +79 48 38";"STF 1305 AC";"2017";"8";91;67.2;10.67;11.29;0.62;""
"Sig2 UMa";"UMa";"14788";"09 10 24 +67 08 03";"STF 1306 AB";"2020";"233";346;4.4;4.87;8.85;3.98;"Y"
"";"UMa";"14788";"09 10 24 +67 08 03";"STF 1306 AC";"2003";"10";148;197.8;4.87;10.32;5.45;""
"";"Hya";"117392";"09 04 28 +04 50 16";"STF 1307";"2015";"9";314;8.6;9.49;13.50;4.01;""
"HD 77876";"Hya";"136558";"09 04 60 -03 59 15";"STF 1308";"2020";"36";85;10.9;8.09;9.19;1.10;""
"HD 78126";"Hya";"117428";"09 06 38 +02 49 06";"STF 1309";"2021";"42";274;11.9;8.48;8.38;0.10;""
"HD 78109";"UMa";"42706";"09 08 02 +47 19 41";"STF 1310 AB";"2015";"14";57;20.2;8.96;11.50;2.54;""
"HD 78175";"Cnc";"80643";"09 07 27 +22 58 51";"STF 1311 AB";"2019";"161";199;7.5;6.92;7.13;0.21;""
"HD 78449";"UMa";"27152";"09 10 18 +52 23 06";"STF 1312";"2021";"64";149;4.8;8.35;8.80;0.45;""
"HD 78696";"UMa";"6783";"09 13 45 +69 58 47";"STF 1313";"2017";"51";283;1.1;9.39;9.55;0.16;"Y"
"HD 78511";"UMa";"14805";"09 12 40 +61 56 29";"STF 1314";"2015";"23";86;47.9;8.86;11.69;2.83;""
"HD 78766";"UMa";"14808";"09 12 46 +61 40 33";"STF 1315";"2022";"47";27;24.7;7.33;7.65;0.32;""
"HD 78391";"Hya";"136596";"09 07 52 -07 08 20";"STF 1316 AB";"2021";"64";138;7.0;8.80;10.70;1.90;""
"";"Hya";"136596";"09 07 52 -07 08 20";"STF 1316 AC";"2021";"71";281;8.4;8.80;9.90;1.10;""
"";"Hya";"";"09 07 53 -07 08 26";"STF 1316 BC";"2016";"51";296;14.2;10.70;9.90;0.80;""
"HD 78533";"Cnc";"98391";"09 09 14 +15 14 28";"STF 1317";"2022";"42";63;7.5;8.46;9.91;1.45;""
"HD 79107";"UMa";"42755";"09 13 39 +46 59 25";"STF 1318";"2022";"52";228;2.5;7.85;9.51;1.66;""
"";"Cnc";"117481";"09 11 09 +08 34 49";"STF 1319";"2016";"24";50;13.5;10.03;11.87;1.84;""
"HD 79095";"Lyn";"";"09 13 21 +42 19 46";"STF 1320";"2021";"23";217;12.0;9.50;10.50;1.00;""
"HD 79210";"UMa";"27178";"09 14 23 +52 41 12";"STF 1321 AB";"2021";"480";100;17.0;7.79;7.88;0.09;"Y"
"";"UMa";"27178";"09 14 23 +52 41 12";"STF 1321 AC";"2010";"4";64;145.7;7.79;14.53;6.74;""
"";"UMa";"27178";"09 14 23 +52 41 12";"STF 1321 AD";"2015";"8";129;136.4;7.79;11.89;4.10;""
"HD 79127";"Cnc";"98430";"09 12 40 +16 31 30";"STF 1322";"2021";"89";54;1.8;8.32;8.71;0.39;""
"HD 79234";"Cnc";"80700";"09 13 36 +26 26 55";"STF 1323";"2020";"17";211;21.9;9.50;10.30;0.80;""
"HD 79303";"Cnc";"80705";"09 14 00 +26 10 35";"STF 1324";"2017";"28";349;11.5;9.30;10.95;1.65;""
"";"Cnc";"98448";"09 14 26 +16 07 50";"STF 1325";"2017";"16";77;16.9;9.36;12.74;3.38;""
"HD 80388";"Dra";"6845";"09 26 29 +78 26 16";"STF 1326 AB";"2016";"36";173;29.2;8.37;8.73;0.36;""
"HD 79552";"Cnc";"80723";"09 15 33 +27 54 53";"STF 1327 AB";"2015";"65";32;5.3;8.78;10.32;1.54;""
"";"Cnc";"80723";"09 15 33 +27 54 53";"STF 1327 AC";"2017";"59";16;27.8;8.78;10.50;1.72;""
"";"Cnc";"80723";"09 15 33 +27 54 58";"STF 1327 BC";"2015";"51";13;23.1;10.32;10.50;0.18;""
"";"Cnc";"";"09 15 33 +27 55 20";"STF 1327 CD";"2015";"4";358;2.1;10.50;15.50;5.00;""
"";"Hya";"136687";"09 14 52 -01 35 14";"STF 1328";"2015";"4";290;12.2;6.98;14.50;7.52;""
"HD 79727";"Hya";"136705";"09 15 43 -01 14 30";"STF 1329 AB";"2017";"67";266;8.2;9.16;9.17;0.01;""
"";"Hya";"136705";"09 15 43 -01 14 30";"STF 1329 AC";"2017";"14";100;170.1;9.16;13.30;4.14;""
"HD 80260";"UMa";"14856";"09 22 15 +67 10 51";"STF 1330";"2016";"19";303;25.2;9.37;11.52;2.15;""
"HD 80142";"UMa";"14851";"09 20 46 +61 20 58";"STF 1331 AB";"2021";"41";152;0.9;8.54;8.74;0.20;""
"";"UMa";"14851";"09 20 46 +61 20 58";"STF 1331 AC";"2015";"19";186;13.5;8.54;11.59;3.05;""
"";"UMa";"14851";"09 20 46 +61 20 58";"STF 1331 AD";"2015";"10";117;19.4;8.54;14.50;5.96;""
"";"UMa";"14851";"09 20 46 +61 20 58";"STF 1331 AE";"2015";"16";223;139.1;8.54;9.85;1.31;""
"HD 79872";"Cnc";"80738";"09 17 19 +23 39 10";"STF 1332";"2024";"147";30;5.9;7.87;8.12;0.25;"Y"
"HD 80024";"Lyn";"61387";"09 18 26 +35 21 51";"STF 1333";"2024";"242";50;2.0;6.63;6.69;0.06;""
"38 Lyn";"Lyn";"61391";"09 18 51 +36 48 09";"STF 1334 AB";"2022";"210";222;2.5;3.92;6.09;2.17;"Y"
"";"Lyn";"61391";"09 18 50 +36 48 08";"STF 1334 BC";"2022";"8";217;79.4;6.09;12.50;6.41;""
"";"Lyn";"61391";"09 18 50 +36 48 08";"STF 1334 BD";"2022";"7";261;173.3;6.09;12.46;6.37;""
"";"Dra";"6860";"09 28 21 +77 07 06";"STF 1335";"2015";"14";52;24.5;9.49;11.24;1.75;""
"HD 80046";"Hya";"117569";"09 17 33 +00 33 18";"STF 1336";"2015";"16";180;40.1;6.98;11.12;4.14;""
"HD 80441";"Lyn";"61411";"09 20 59 +38 11 18";"STF 1338 AB";"2024";"458";320;1.2;6.72;7.08;0.36;"Y"
"";"Lyn";"61411";"09 20 59 +38 11 18";"STF 1338 AB,C";"2017";"18";166;143.2;6.12;12.59;6.47;""
"HD 80442";"Lyn";"61412";"09 20 58 +36 43 10";"STF 1339";"2024";"39";66;1.4;9.15;9.89;0.74;""
"HD 80608";"UMa";"42825";"09 22 32 +49 32 41";"STF 1340 AB";"2018";"45";319;6.3;7.08;8.99;1.91;""
"";"UMa";"42825";"09 22 32 +49 32 41";"STF 1340 AC";"2015";"9";83;135.9;7.08;12.54;5.46;""
"HD 80606";"UMa";"27230";"09 22 38 +50 36 14";"STF 1341";"2019";"40";89;20.5;9.09;9.17;0.08;""
"";"Lyn";"61419";"09 21 15 +34 26 18";"STF 1342 BC";"2017";"25";313;16.6;8.83;11.10;2.27;""
"HD 80462";"Hya";"117596";"09 19 58 +04 59 59";"STF 1343";"2017";"50";275;9.1;9.37;9.59;0.22;""
"HD 80902";"LMi";"61441";"09 23 28 +39 08 05";"STF 1344";"2019";"34";102;3.8;9.03;9.50;0.47;""
"HD 81161";"UMa";"14877";"09 26 57 +64 20 36";"STF 1345";"2016";"24";85;2.9;8.84;10.27;1.43;""
"21 UMa";"UMa";"27249";"09 25 38 +54 00 58";"STF 1346 AB";"2021";"69";314;5.7;7.69;8.59;0.90;""
"";"UMa";"";"09 25 37 +54 01 01";"STF 1346 BC";"2015";"7";188;93.9;8.59;11.80;3.21;""
"HD 81029";"Hya";"117641";"09 23 16 +03 30 05";"STF 1347";"2016";"67";312;21.1;7.33;8.26;0.93;""
"HD 81212";"Hya";"117661";"09 24 28 +06 21 02";"STF 1348 AB";"2022";"243";317;1.9;7.45;7.57;0.12;"Y"
"HD 81787";"UMa";"14903";"09 31 10 +67 32 28";"STF 1349";"2015";"41";166;19.2;7.54;8.98;1.44;""
"HD 82285";"UMa";"14923";"09 34 20 +66 47 42";"STF 1350 AB";"2021";"74";69;10.3;8.26;8.31;0.05;""
"";"UMa";"14923";"09 34 20 +66 47 42";"STF 1350 AC";"2015";"22";216;131.0;8.31;9.16;0.85;""
"";"UMa";"14922";"09 34 18 +66 47 38";"STF 1350 BC";"2015";"29";213;122.6;8.26;9.16;0.90;""
"23 UMa";"UMa";"14908";"09 31 32 +63 03 42";"STF 1351 AB";"2016";"56";267;22.7;3.65;9.19;5.54;""
"";"UMa";"14908";"09 31 32 +63 03 42";"STF 1351 AC";"2015";"17";232;107.4;3.68;11.75;8.07;""
"";"UMa";"42884";"09 29 12 +43 17 40";"STF 1352 AB";"2023";"24";353;22.1;10.57;11.60;1.03;""
"HD 81706";"Leo";"98581";"09 27 39 +15 44 32";"STF 1353";"2021";"44";125;3.3;9.91;9.98;0.07;""
"HD 81670";"Hya";"117704";"09 27 17 +06 13 59";"STF 1355";"2023";"187";358;1.7;7.71;7.76;0.05;"Y"
"Ome Leo";"Leo";"117717";"09 28 27 +09 03 24";"STF 1356";"2024";"705";120;0.9;5.69;7.28;1.59;"Y"
"HD 81902";"Hya";"136883";"09 28 21 -09 59 13";"STF 1357 AB";"2021";"33";54;7.8;6.94;9.85;2.91;""
"HD 82040";"UMa";"42901";"09 30 57 +44 41 02";"STF 1358";"2019";"39";176;24.1;7.93;9.25;1.32;""
"HD 237815";"UMa";"27288";"09 32 58 +56 14 59";"STF 1359 AB";"2019";"30";54;7.5;9.77;10.76;0.99;""
"";"UMa";"27288";"09 32 58 +56 14 59";"STF 1359 AC";"2015";"20";240;118.1;9.77;10.52;0.75;""
"";"UMa";"177635";"09 32 59 +56 15 03";"STF 1359 BC";"2015";"12";240;125.5;10.76;10.52;0.24;""
"GS Leo";"Leo";"98615";"09 30 36 +10 36 06";"STF 1360 AB";"2023";"82";242;13.8;8.95;8.86;0.09;""
"";"Leo";"98615";"09 30 36 +10 36 06";"STF 1360 AC";"2017";"8";76;104.8;8.95;13.37;4.42;""
"";"Leo";"98615";"09 30 36 +10 36 06";"STF 1360 AD";"2017";"11";61;176.4;8.95;11.79;2.84;""
"HD 82685";"Dra";"6915";"09 37 56 +73 04 50";"STF 1362";"2023";"109";126;4.9;7.03;7.20;0.17;"Y"
"HD 82569";"UMa";"14931";"09 35 14 +60 53 30";"STF 1363";"2021";"24";356;10.9;7.32;10.62;3.30;""
"HD 82372";"Leo";"80890";"09 32 02 +20 02 49";"STF 1364 AB";"2017";"47";155;16.2;8.59;9.74;1.15;""
"HD 82355";"Hya";"117747";"09 31 31 +01 27 55";"STF 1365";"2021";"100";157;3.4;7.38;7.98;0.60;""
"HD 82740";"UMa";"27304";"09 35 42 +53 17 40";"STF 1366";"2019";"40";321;7.8;8.44;10.09;1.65;""
"R Car";"Hya";"155267";"09 32 12 -10 50 37";"STF 1367";"2021";"23";184;5.7;7.93;8.99;1.06;""
"HD 82791";"UMa";"27308";"09 36 05 +53 17 54";"STF 1368";"2019";"38";220;21.9;8.79;10.45;1.66;""
"DI Lyn";"Lyn";"42931";"09 35 22 +39 57 48";"STF 1369 AB";"2019";"60";150;25.1;6.98;7.98;1.00;""
"";"Lyn";"42931";"09 35 22 +39 57 48";"STF 1369 AC";"2017";"43";323;116.3;6.98;8.42;1.44;""
"";"Lyn";"200534";"09 35 24 +39 57 26";"STF 1369 BC";"2017";"35";324;141.6;7.98;8.42;0.44;""
"HD 82944";"Hya";"155311";"09 34 44 -12 36 26";"STF 1370";"2015";"19";95;17.8;9.06;10.20;1.14;""
"HD 82994";"Hya";"117792";"09 35 25 +03 54 19";"STF 1371 AB";"2021";"28";275;8.3;7.86;10.19;2.33;""
"";"Hya";"117792";"09 35 25 +03 54 19";"STF 1371 AC";"2015";"8";274;118.2;7.86;13.52;5.66;""
"";"Leo";"98674";"09 37 08 +16 13 33";"STF 1372 AB";"2023";"88";253;0.3;8.50;8.60;0.10;""
"HD 83746";"Dra";"6953";"09 46 01 +76 42 39";"STF 1373";"2017";"22";137;2.2;8.77;10.04;1.27;""
"HD 83698";"LMi";"61629";"09 41 22 +38 57 02";"STF 1374 AB";"2022";"172";313;2.7;7.28;8.65;1.37;"Y"
"HD 83806";"LMi";"61635";"09 41 53 +34 34 29";"STF 1375";"2016";"28";305;7.2;8.50;10.25;1.75;""
"HD 84237";"UMa";"43015";"09 45 01 +43 13 40";"STF 1376 AB";"2021";"53";309;5.3;9.07;9.05;0.02;""
"";"UMa";"43015";"09 45 01 +43 13 44";"STF 1376 BC";"2015";"6";334;76.2;9.05;14.05;5.00;""
"HD 84184";"Sex";"117871";"09 43 27 +02 37 39";"STF 1377";"2015";"46";138;4.3;7.52;10.52;3.00;""
"HD 84658";"Dra";"";"09 51 15 +74 35 37";"STF 1378";"2018";"20";357;5.2;9.57;11.30;1.73;""
"HD 84407";"Leo";"117890";"09 45 17 +08 52 58";"STF 1379";"2015";"23";175;9.8;7.16;10.75;3.59;""
"HD 85471";"Dra";"1617";"09 59 05 +80 22 48";"STF 1380";"2017";"12";22;1.7;8.13;10.24;2.11;""
"HD 84998";"UMa";"15002";"09 51 15 +60 37 00";"STF 1381";"2017";"36";187;0.8;8.93;9.20;0.27;"Y"
"HD 84870";"LMi";"61697";"09 49 03 +34 05 08";"STF 1382 AB";"2017";"17";94;33.7;7.22;10.67;3.45;""
"";"LMi";"61697";"09 49 03 +34 05 08";"STF 1382 AC";"2017";"11";264;28.9;7.22;11.80;4.58;""
"";"Leo";"";"09 50 45 +31 37 50";"STF 1383 AB";"2017";"13";227;22.8;9.95;12.10;2.15;""
"";"Leo";"98795";"09 49 57 +16 19 56";"STF 1384";"2017";"37";183;11.6;9.76;10.02;0.26;""
"HD 85088";"Leo";"98799";"09 49 58 +16 33 35";"STF 1385";"2017";"39";326;1.0;9.01;10.63;1.62;""
"HD 85458";"UMa";"15020";"09 55 04 +68 54 06";"STF 1386 AB";"2024";"60";112;2.1;9.30;9.34;0.04;"Y"
"";"UMa";"15020";"09 55 04 +68 54 06";"STF 1386 AB,CD";"2003";"10";353;137.7;9.30;10.67;1.37;""
"";"UMa";"15018";"09 55 03 +68 56 22";"STF 1387 CD";"2020";"42";273;8.9;10.73;10.67;0.06;""
"";"Leo";"81059";"09 52 22 +28 33 58";"STF 1388";"2017";"15";122;33.4;9.46;11.47;2.01;""
"HD 85441";"Leo";"81060";"09 52 26 +26 58 54";"STF 1389";"2021";"160";290;2.5;9.12;9.50;0.38;"Y"
"HD 85442";"Leo";"98818";"09 52 09 +16 27 47";"STF 1390 AB";"2017";"33";207;2.2;9.31;10.12;0.81;""
"HD 85830";"UMa";"27431";"09 55 57 +51 11 27";"STF 1391 AB";"2020";"19";316;13.4;9.10;10.94;1.84;""
"";"Leo";"81089";"09 56 04 +29 05 55";"STF 1392";"2015";"19";176;9.4;9.93;12.60;2.67;""
"HD 87037";"Dra";"7032";"10 01 57 +73 34 07";"STF 1393";"2024";"21";254;9.5;10.41;10.95;0.54;""
"HD 86057";"UMa";"43111";"09 57 15 +45 54 10";"STF 1394";"2019";"65";250;4.5;8.89;9.75;0.86;"Y"
"HD 85916";"Leo";"98845";"09 55 23 +10 06 42";"STF 1395";"2016";"26";229;18.8;8.21;10.54;2.33;""
"HD 86059";"Leo";"98852";"09 56 22 +10 39 56";"STF 1396 AB";"2018";"34";131;3.9;8.79;10.42;1.63;""
"";"Leo";"98852";"09 56 22 +10 39 56";"STF 1396 AC";"1895";"1";276;3.8;8.79;11.10;2.31;""
"HD 86079";"Leo";"81095";"09 56 45 +25 03 14";"STF 1397";"2017";"24";98;1.1;9.33;10.62;1.29;""
"HD 86458";"UMa";"15046";"10 01 32 +68 43 05";"STF 1398";"2024";"37";102;4.4;8.09;11.39;3.30;""
"HD 86133";"Leo";"81101";"09 57 02 +19 45 45";"STF 1399";"2017";"80";176;30.2;7.65;8.36;0.71;""
"HD 86677";"UMa";"15054";"10 02 56 +68 47 09";"STF 1400 AB";"2024";"39";225;3.6;8.02;9.77;1.75;""
"HD 86683";"Sex";"118045";"10 00 13 +06 15 02";"STF 1401";"2016";"28";21;23.8;7.69;10.53;2.84;""
"HD 237861";"UMa";"27506";"10 04 55 +55 29 16";"STF 1402 AB";"2015";"61";105;33.1;7.91;8.92;1.01;""
"HD 87077";"Leo";"118072";"10 02 51 +07 42 20";"STF 1403";"2020";"27";334;2.8;9.55;9.94;0.39;""
"HD 87329";"Sex";"137332";"10 04 17 -01 41 34";"STF 1404";"2021";"47";295;6.5;9.08;9.72;0.64;""
"HD 87442";"LMi";"61855";"10 05 56 +39 34 56";"STF 1405";"2017";"18";252;22.2;7.30;11.76;4.46;""
"HD 87443";"LMi";"61853";"10 05 39 +31 05 13";"STF 1406";"2022";"74";217;0.8;8.37;9.42;1.05;""
"";"UMa";"15097";"10 09 02 +64 26 41";"STF 1407";"2020";"35";50;4.9;10.17;10.63;0.46;""
"HD 87851";"Dra";"7068";"10 11 22 +73 02 12";"STF 1408 AB";"2020";"29";13;3.7;9.01;9.98;0.97;""
"";"Dra";"7086";"10 15 58 +79 28 10";"STF 1409";"2016";"37";193;19.3;9.65;11.23;1.58;""
"";"UMi";"1724";"10 37 11 +86 03 28";"STF 1410 AB";"2015";"24";344;14.4;8.32;10.48;2.16;""
"";"UMi";"1724";"10 37 11 +86 03 28";"STF 1410 AC";"2015";"16";5;41.9;8.32;11.58;3.26;""
"";"LMi";"61901";"10 09 15 +32 21 40";"STF 1411";"2020";"24";310;31.1;9.48;10.70;1.22;""
"HD 88105";"Sex";"118140";"10 09 42 +03 09 44";"STF 1412 AB";"2015";"16";293;30.7;8.49;12.06;3.57;""
"";"Sex";"118140";"10 09 42 +03 09 44";"STF 1412 AC";"2015";"26";52;90.0;8.49;8.72;0.23;""
"HD 88447";"Leo";"98998";"10 12 19 +16 20 54";"STF 1413";"2019";"56";270;1.8;9.76;9.77;0.01;""
"HD 88890";"LMi";"61935";"10 13 30 +39 28 15";"STF 1414";"2017";"22";94;4.1;10.35;10.84;0.49;""
"NSV4802";"UMa";"7099";"10 17 51 +71 03 39";"STF 1415 AB";"2024";"86";167;16.6;6.65;7.27;0.62;""
"";"UMa";"7099";"10 17 51 +71 03 39";"STF 1415 AC";"2015";"13";13;153.3;6.65;10.85;4.20;""
"HD 88536";"Hya";"155811";"10 12 17 -16 05 11";"STF 1416";"2015";"36";277;11.5;7.66;9.29;1.63;""
"HD 88829";"Leo";"99023";"10 15 09 +19 07 27";"STF 1417";"2019";"81";78;2.4;9.24;9.31;0.07;""
"HD 89126";"Leo";"99036";"10 17 03 +10 06 52";"STF 1419";"2019";"52";225;4.5;8.87;9.86;0.99;""
"HD 89252";"LMi";"61977";"10 18 33 +39 06 38";"STF 1420";"2016";"23";318;2.2;9.12;10.62;1.50;""
"HD 89223";"Leo";"81277";"10 18 06 +27 31 28";"STF 1421";"2021";"64";331;4.6;8.19;9.12;0.93;""
"HD 89376";"Leo";"81288";"10 19 11 +20 33 48";"STF 1423";"2022";"153";301;0.7;9.40;10.08;0.68;"Y"
"Algieba";"Leo";"81298";"10 19 58 +19 50 29";"STF 1424 AB";"2024";"868";127;4.8;2.37;3.64;1.27;"Y"
"";"Leo";"81298";"10 19 58 +19 50 29";"STF 1424 AC";"2016";"31";288;341.2;2.37;9.64;7.27;""
"";"Leo";"81298";"10 19 58 +19 50 29";"STF 1424 AD";"2016";"15";302;371.3;2.37;10.62;8.25;""
"";"Leo";"81299";"10 19 59 +19 50 27";"STF 1424 BC";"1998";"9";288;327.4;3.64;9.64;6.00;""
"";"Leo";"81292";"10 19 36 +19 52 12";"STF 1424 CD";"2016";"30";6;90.7;9.64;10.62;0.98;""
"HD 89617";"UMa";"43302";"10 21 34 +46 09 08";"STF 1425";"2023";"36";357;4.8;9.89;10.74;0.85;""
"";"Leo";"118241";"10 20 32 +06 25 48";"STF 1426 AB";"2025";"173";317;0.9;7.99;8.30;0.31;"Y"
"HD 89619";"Leo";"118241";"10 20 32 +06 25 48";"STF 1426 AB,C";"2024";"114";11;7.7;7.30;9.43;2.13;""
"";"Leo";"118241";"10 20 32 +06 25 48";"STF 1426 AB,D";"2015";"6";41;39.1;7.30;12.57;5.27;""
"HD 89686";"UMa";"43306";"10 22 01 +43 54 19";"STF 1427";"2024";"48";214;9.2;8.18;8.54;0.36;""
"HD 90204";"UMa";"27639";"10 25 59 +52 37 18";"STF 1428";"2018";"115";88;2.8;8.02;8.44;0.42;""
"HD 90183";"Leo";"81332";"10 25 02 +24 36 44";"STF 1429";"2017";"157";155;0.8;9.05;9.34;0.29;"Y"
"HD 90224";"UMa";"43333";"10 25 41 +40 54 39";"STF 1430 AB";"2015";"10";272;21.2;8.20;12.10;3.90;""
"";"UMa";"43333";"10 25 41 +40 54 39";"STF 1430 AC";"2016";"17";236;23.0;8.20;10.91;2.71;""
"HD 90303";"Leo";"118292";"10 25 35 +08 46 35";"STF 1431";"2019";"68";76;3.6;7.76;9.07;1.31;""
"HD 90441";"LMi";"81347";"10 26 60 +29 40 31";"STF 1432";"2017";"28";121;28.6;7.84;10.28;2.44;""
"HD 90421";"Sex";"137562";"10 26 15 -04 03 09";"STF 1433";"2015";"10";264;23.7;8.38;11.74;3.36;""
"HD 90483";"Leo";"99130";"10 27 08 +18 03 45";"STF 1434";"2019";"123";282;6.5;9.49;9.68;0.19;""
"";"Leo";"81364";"10 27 57 +19 49 45";"STF 1435";"2021";"29";203;8.6;10.33;10.73;0.40;""
"HD 90804";"UMa";"27666";"10 30 23 +56 21 20";"STF 1436";"2024";"28";254;10.4;8.78;10.39;1.61;""
"HD 91114";"Dra";"7161";"10 34 13 +73 50 04";"STF 1437 AB";"2015";"26";291;23.4;7.59;10.41;2.82;""
"";"Leo";"99155";"10 29 14 +13 08 60";"STF 1438";"2016";"17";245;9.4;9.58;11.11;1.53;""
"HD 90915";"Leo";"81385";"10 30 06 +20 48 04";"STF 1439";"2019";"202";73;1.4;8.32;8.87;0.55;"Y"
"HD 90934";"Sex";"137604";"10 29 49 -03 54 55";"STF 1440 AB";"2017";"28";345;14.8;7.81;9.17;1.36;""
"HD 91106";"Sex";"137614";"10 30 59 -07 38 15";"STF 1441 AB";"2021";"32";167;2.8;6.51;8.81;2.30;""
"";"Sex";"137614";"10 30 59 -07 38 15";"STF 1441 AC";"2015";"12";315;61.7;6.51;10.14;3.63;""
"HD 91192";"Leo";"81399";"10 31 59 +22 02 22";"STF 1442";"2021";"89";156;13.3;8.18;8.54;0.36;""
"HD 91313";"LMi";"";"10 33 17 +37 40 25";"STF 1443";"2018";"52";160;5.3;9.87;10.00;0.13;""
"GT UMa";"UMa";"15234";"10 35 56 +63 35 32";"STF 1444";"2024";"19";266;18.0;8.17;10.72;2.55;""
"HD 91333";"Sex";"";"10 32 44 -00 51 60";"STF 1445";"2016";"28";156;3.0;9.17;10.78;1.61;""
"";"Leo";"99184";"10 33 33 +15 12 50";"STF 1446";"2018";"35";250;5.5;9.29;10.03;0.74;""
"HD 91427";"Leo";"81415";"10 33 47 +23 21 02";"STF 1447";"2019";"65";124;4.6;7.52;8.88;1.36;""
"HD 91527";"Leo";"";"10 34 23 +21 35 36";"STF 1448 AC";"2021";"41";259;11.1;7.54;9.55;2.01;""
"HD 91579";"LMi";"62136";"10 35 06 +35 07 45";"STF 1449 AC";"2017";"35";284;41.4;9.67;10.15;0.48;""
"49 Leo";"Leo";"118380";"10 35 02 +08 39 02";"STF 1450";"2021";"154";155;2.1;5.80;7.90;2.10;""
"";"Leo";"81428";"10 35 25 +26 16 10";"STF 1451 AB";"2016";"28";271;8.5;9.53;10.70;1.17;""
"";"Leo";"81428";"10 35 25 +26 16 10";"STF 1451 AC";"2015";"9";331;59.9;9.53;13.66;4.13;""
"HD 91754";"Sex";"118387";"10 35 48 +02 33 17";"STF 1452 A,BC";"2021";"31";328;10.5;9.59;9.81;0.22;""
"HD 91952";"Hya";"156101";"10 36 50 -13 32 17";"STF 1453 AB";"2021";"26";230;8.8;8.99;9.81;0.82;""
"HD 92049";"LMi";"81448";"10 38 11 +26 36 25";"STF 1454";"2023";"47";5;1.2;9.02;10.99;1.97;"Y"
"";"Cam";"1784";"10 57 52 +85 44 22";"STF 1455 A,BC";"2017";"21";250;33.3;10.24;11.37;1.13;""
"";"Cam";"1783";"10 57 23 +85 44 11";"STF 1455 BC";"2016";"10";355;2.0;11.33;11.27;0.06;""
"HD 92129";"Sex";"118406";"10 38 17 +01 14 38";"STF 1456";"2016";"36";45;13.7;8.24;9.75;1.51;""
"HD 92184";"Sex";"118410";"10 38 43 +05 44 03";"STF 1457";"2022";"213";334;1.9;7.69;8.16;0.47;"Y"
"HD 92222";"LMi";"62182";"10 39 28 +31 42 18";"STF 1458";"2021";"36";217;18.1;9.39;9.39;0.00;""
"HD 92321";"LMi";"62190";"10 40 12 +38 24 11";"STF 1459";"2023";"77";151;5.4;8.34;8.85;0.51;""
"HD 92370";"UMa";"43428";"10 40 35 +42 09 12";"STF 1460";"2019";"77";161;3.9;8.72;8.90;0.18;""
"HD 92539";"UMa";"43433";"10 41 59 +46 38 60";"STF 1461";"2024";"32";137;8.9;8.61;10.31;1.70;""
"HD 92668";"UMa";"27744";"10 42 52 +50 47 57";"STF 1462 AB";"2024";"29";175;7.9;7.41;10.10;2.69;""
"";"UMa";"27744";"10 42 52 +50 47 57";"STF 1462 AC";"2015";"12";59;193.1;7.41;11.37;3.96;""
"HD 92684";"UMa";"43437";"10 42 54 +46 41 25";"STF 1463";"2024";"37";258;7.9;9.30;10.42;1.12;""
"HD 92614";"Sex";"238358";"10 41 35 -00 16 21";"STF 1464 AB";"2016";"30";302;5.8;8.26;10.26;2.00;""
"";"Sex";"238358";"10 41 35 -00 16 21";"STF 1464 AC";"2015";"16";226;66.7;8.26;10.51;2.25;""
"";"UMa";"43440";"10 43 13 +44 37 42";"STF 1465";"2019";"42";11;2.2;9.79;10.10;0.31;""
"35 Sex";"Sex";"118449";"10 43 21 +04 44 52";"STF 1466 AB";"2019";"147";239;6.8;6.23;7.13;0.90;""
"";"Sex";"118449";"10 43 21 +04 44 52";"STF 1466 AC";"2003";"11";210;333.8;6.23;8.10;1.87;""
"HD 93013";"UMa";"43459";"10 45 16 +44 58 11";"STF 1467";"2018";"24";288;3.9;8.58;10.76;2.18;""
"HD 92991";"Leo";"81498";"10 44 40 +20 42 18";"STF 1468";"2019";"60";334;4.4;9.68;9.65;0.03;""
"HD 93270";"UMa";"15292";"10 47 44 +65 27 36";"STF 1469 AB";"2024";"29";324;10.8;7.74;10.42;2.68;""
"HD 93294";"Sex";"137774";"10 46 13 -05 45 37";"STF 1470";"2017";"45";191;1.5;9.01;9.19;0.18;""
"";"Cam";"1780";"10 53 47 +79 47 24";"STF 1471";"2017";"15";186;2.2;10.46;10.66;0.20;""
"HD 93363";"Leo";"99287";"10 47 00 +13 01 47";"STF 1472";"2015";"64";37;43.4;8.50;9.51;1.01;""
"HD 93527";"Hya";"156233";"10 47 37 -15 37 36";"STF 1473 AB";"2022";"33";10;30.3;7.74;8.86;1.12;""
"";"Hya";"156233";"10 47 37 -15 37 36";"STF 1473 AC";"2020";"8";333;96.1;7.74;12.50;4.76;""
"HD 93526";"Hya";"156235";"10 47 38 -15 15 43";"STF 1474 AB";"2017";"39";27;65.9;6.66;7.00;0.34;""
"";"Hya";"156235";"10 47 38 -15 15 43";"STF 1474 AC";"2017";"29";26;72.6;6.66;7.59;0.93;""
"";"Hya";"156237";"10 47 40 -15 14 37";"STF 1474 BC";"2020";"73";15;6.6;7.00;7.59;0.59;""
"HD 93664";"UMa";"43482";"10 49 26 +41 23 24";"STF 1475";"2017";"11";186;26.6;7.89;11.30;3.41;""
"40 Sex";"Sex";"137808";"10 49 17 -04 01 24";"STF 1476";"2021";"146";17;2.5;7.08;7.82;0.74;""
"";"Leo";"99310";"10 49 37 +12 55 45";"STF 1477";"2021";"39";275;17.6;9.44;9.69;0.25;""
"HD 93964";"LMi";"81548";"10 51 05 +24 27 05";"STF 1478";"2016";"32";348;8.8;8.83;11.43;2.60;""
"HD 94859";"Cam";"1803";"11 02 23 +83 13 19";"STF 1479";"2019";"29";25;4.5;8.93;9.96;1.03;""
"";"Cam";"1802";"11 01 45 +82 10 32";"STF 1480";"2017";"12";331;23.1;9.52;11.17;1.65;""
"";"Crt";"137849";"10 51 53 -07 11 08";"STF 1481 AC";"2015";"23";344;30.0;8.69;9.56;0.87;""
"HD 94164";"Leo";"118548";"10 52 11 +07 27 39";"STF 1482";"2021";"59";305;12.0;8.25;9.20;0.95;""
"HD 94399";"UMa";"43516";"10 54 31 +47 29 36";"STF 1483";"2019";"56";243;2.3;9.52;9.61;0.09;""
"";"UMa";"43519";"10 54 37 +45 27 57";"STF 1484 AB";"2015";"14";4;18.3;10.10;12.60;2.50;""
"";"UMa";"";"10 54 37 +45 28 15";"STF 1484 BC";"2015";"9";269;11.6;12.60;14.80;2.20;""
"HD 94424";"UMa";"43520";"10 54 38 +43 34 59";"STF 1485";"2015";"14";218;18.6;8.74;11.50;2.76;""
"HD 94435";"UMa";"27828";"10 55 01 +52 07 18";"STF 1486";"2024";"36";100;31.6;8.45;9.69;1.24;""
"54 Leo";"Leo";"81583";"10 55 37 +24 44 59";"STF 1487";"2024";"281";113;6.6;4.48;6.30;1.82;""
"HD 94699";"UMa";"27835";"10 56 48 +52 11 01";"STF 1488";"2019";"15";214;20.0;8.17;11.20;3.03;""
"HD 94764";"Leo";"99362";"10 56 36 +17 39 20";"STF 1490";"2017";"22";102;17.4;8.62;10.52;1.90;""
"HD 94947";"UMa";"15354";"10 58 50 +61 42 56";"STF 1491 AB";"2017";"24";32;14.1;8.39;11.33;2.94;""
"HD 94883";"LMi";"62329";"10 57 36 +30 39 10";"STF 1492";"2017";"18";165;21.6;7.98;10.18;2.20;""
"";"Leo";"";"10 57 21 -00 10 04";"STF 1493";"2015";"17";356;26.6;8.28;12.19;3.91;""
"HD 94979";"UMa";"62335";"10 58 26 +37 01 44";"STF 1494 AB";"2021";"27";331;10.7;8.85;10.62;1.77;""
"";"UMa";"62335";"10 58 26 +37 01 44";"STF 1494 AC";"2015";"7";75;148.9;8.85;13.28;4.43;""
"HD 237960";"UMa";"27861";"10 59 49 +58 54 23";"STF 1495";"2024";"47";36;33.6;7.25;8.84;1.59;""
"HD 95023";"Leo";"99378";"10 58 19 +13 16 42";"STF 1496 AB";"2016";"36";352;19.4;8.54;10.59;2.05;""
"";"Leo";"118596";"10 58 37 +09 08 13";"STF 1497";"2015";"23";71;16.8;10.21;10.79;0.58;""
"";"UMa";"15363";"11 01 36 +66 26 59";"STF 1498 AC";"2016";"18";292;29.1;7.95;10.35;2.40;""
"";"Cam";"1824";"11 09 28 +83 05 45";"STF 1499";"2022";"34";321;6.6;10.24;10.47;0.23;""
"HD 95280";"Leo";"137933";"11 00 02 -03 28 16";"STF 1500";"2021";"150";299;1.3;7.91;8.27;0.36;"Y"
"HD 95574";"LMi";"62368";"11 02 18 +30 49 25";"STF 1501";"2019";"33";185;1.3;9.89;10.19;0.30;""
"HD 95577";"Leo";"99408";"11 02 01 +14 37 15";"STF 1502";"2016";"34";285;12.9;9.46;10.45;0.99;""
"AM Leo";"Leo";"99413";"11 02 11 +09 53 43";"STF 1503";"2016";"57";271;11.6;9.39;11.07;1.68;""
"HD 95899";"Leo";"118638";"11 03 59 +03 38 19";"STF 1504";"2021";"179";124;1.2;7.92;8.05;0.13;""
"HD 96027";"UMa";"15396";"11 05 41 +62 37 02";"STF 1505 AB";"2024";"29";312;8.1;8.95;10.55;1.60;""
"";"UMa";"15396";"11 05 41 +62 37 02";"STF 1505 AC";"2015";"12";177;217.7;8.95;11.98;3.03;""
"HH Leo";"Leo";"137978";"11 04 41 -04 13 16";"STF 1506 A,BC";"2016";"44";221;11.8;7.68;10.15;2.47;""
"HD 96273";"Leo";"118656";"11 06 07 +07 02 00";"STF 1507";"2016";"39";165;8.5;8.80;10.23;1.43;""
"";"UMa";"";"11 08 35 +68 24 01";"STF 1508 AB";"2015";"13";354;39.1;8.84;10.41;1.57;""
"";"UMa";"";"11 08 35 +68 24 01";"STF 1508 AC";"2015";"13";341;37.3;8.84;10.86;2.02;""
"";"UMa";"";"11 08 34 +68 24 40";"STF 1508 BC";"2021";"16";245;8.6;10.41;10.86;0.45;""
"HD 96377";"Crt";"156461";"11 06 30 -13 25 03";"STF 1509";"2021";"28";16;33.2;7.43;9.36;1.93;""
"HD 96527";"UMa";"27918";"11 08 00 +52 49 18";"STF 1510";"2024";"96";328;5.5;7.65;9.03;1.38;"Y"
"HD 96478";"Leo";"99453";"11 07 12 +10 54 48";"STF 1511";"2021";"47";287;7.6;9.27;9.50;0.23;""
"HD 96676";"UMa";"15411";"11 09 13 +62 29 51";"STF 1512";"2024";"41";51;9.8;9.29;9.52;0.23;""
"HD 97085";"UMa";"15428";"11 11 39 +66 06 48";"STF 1514";"2016";"21";342;1.3;9.49;10.64;1.15;""
"HD 97584";"Dra";"7320";"11 15 12 +73 28 31";"STF 1516 AB";"2017";"149";103;67.6;7.77;8.23;0.46;""
"HD 97561";"Leo";"81725";"11 13 41 +20 07 43";"STF 1517 AB";"2024";"235";315;0.8;7.54;8.02;0.48;"Y"
"HD 97676";"Leo";"118741";"11 14 29 +05 15 47";"STF 1518 AB";"2015";"10";258;106.9;8.14;11.26;3.12;""
"";"Leo";"";"11 14 23 +05 15 25";"STF 1518 BC";"2018";"23";354;3.5;11.26;11.50;0.24;""
"HD 97772";"UMa";"15448";"11 15 37 +59 46 43";"STF 1519";"2017";"26";289;1.5;9.03;9.95;0.92;""
"HD 97855";"UMa";"27970";"11 16 04 +52 46 23";"STF 1520";"2024";"76";343;12.2;6.54;7.81;1.27;""
"HD 97799";"Leo";"81740";"11 15 21 +27 34 16";"STF 1521";"2019";"129";97;3.7;7.66;8.06;0.40;""
"HD 97975";"Leo";"118759";"11 16 07 +01 35 12";"STF 1522 AB";"2016";"21";174;2.4;9.00;11.00;2.00;""
"Alula Australis";"UMa";"62484";"11 18 11 +31 31 45";"STF 1523 AB";"2024";"1670";137;3.3;4.33;4.80;0.47;"Y"
"Alula Borealis";"UMa";"62486";"11 18 29 +33 05 40";"STF 1524 AB";"2024";"57";149;7.4;3.64;10.10;6.46;""
"HD 98375";"UMa";"43694";"11 19 29 +47 28 13";"STF 1525";"2019";"24";173;2.3;9.90;9.93;0.03;""
"";"Leo";"118777";"11 18 39 +02 49 47";"STF 1526";"2017";"30";181;30.2;10.30;10.33;0.03;""
"HD 98354";"Leo";"99551";"11 18 60 +14 16 07";"STF 1527";"2023";"295";314;0.6;7.01;7.99;0.98;"Y"
"HD 98437";"Leo";"99556";"11 19 35 +09 55 57";"STF 1528";"2015";"18";218;19.3;8.91;12.30;3.39;""
"HD 98427";"Leo";"138130";"11 19 23 -01 39 18";"STF 1529";"2023";"93";253;9.3;7.10;7.91;0.81;""
"HD 98489";"Crt";"138135";"11 19 44 -06 53 55";"STF 1530 AB";"2017";"66";313;7.6;8.56;8.91;0.35;""
"HD 98574";"Leo";"81783";"11 20 44 +22 52 52";"STF 1531";"2017";"27";167;23.5;9.35;10.30;0.95;""
"HD 98744";"UMa";"62514";"11 22 07 +37 05 15";"STF 1533 A,BC";"2017";"34";173;23.1;9.25;9.43;0.18;""
"HD 98736";"Leo";"99573";"11 21 49 +18 11 24";"STF 1534";"2019";"85";314;5.1;8.08;11.14;3.06;"Y"
"HD 98902";"Leo";"118819";"11 22 54 +00 55 39";"STF 1535";"2016";"21";60;10.7;9.39;12.00;2.61;""
"Tsze tseang";"Leo";"99587";"11 23 55 +10 31 47";"STF 1536 AB";"2024";"557";89;2.3;4.06;6.71;2.65;"Y"
"";"Leo";"99587";"11 23 55 +10 31 47";"STF 1536 AB,C";"2015";"7";346;332.1;4.06;11.06;7.00;""
"HD 99121";"Leo";"81805";"11 24 29 +20 37 16";"STF 1537";"2020";"59";0;2.0;8.23;9.07;0.84;""
"HD 99687";"Cam";"1876";"11 30 18 +81 02 14";"STF 1539";"2016";"27";313;19.4;8.49;9.85;1.36;""
"83 Leo";"Leo";"118864";"11 26 45 +03 00 47";"STF 1540 AB";"2019";"145";146;28.6;6.55;7.50;0.95;"Y"
"";"Leo";"118864";"11 26 45 +03 00 47";"STF 1540 AC";"2016";"7";191;205.2;6.55;11.13;4.58;""
"HD 99559";"UMa";"43744";"11 27 39 +46 17 33";"STF 1541";"2022";"30";28;7.8;7.97;10.13;2.16;""
"HD 99607";"UMa";"43750";"11 27 56 +44 33 57";"STF 1542";"2022";"28";266;3.5;6.93;9.65;2.72;""
"57 UMa";"UMa";"62572";"11 29 04 +39 20 13";"STF 1543 AB";"2019";"168";354;5.5;5.35;10.67;5.32;""
"";"UMa";"62572";"11 29 04 +39 20 13";"STF 1543 AC";"2013";"7";11;220.2;5.36;12.12;6.76;""
"";"UMa";"62572";"11 29 04 +39 20 13";"STF 1543 AD";"2013";"14";252;344.0;5.36;7.73;2.37;""
"";"UMa";"62571";"11 28 36 +39 18 29";"STF 1543 DE";"2015";"16";184;99.3;7.73;10.43;2.70;""
"";"UMa";"62571";"11 28 36 +39 18 29";"STF 1543 DF";"2015";"13";168;129.6;7.73;11.56;3.83;""
"";"UMa";"";"11 28 35 +39 16 50";"STF 1543 EF";"2016";"13";129;43.7;10.43;11.56;1.13;""
"HD 100054";"UMa";"28043";"11 31 19 +59 42 03";"STF 1544";"2022";"60";92;12.2;7.33;8.02;0.69;""
"HD 100214";"UMa";"28050";"11 32 20 +56 05 43";"STF 1546";"2022";"58";350;11.5;7.54;10.30;2.76;""
"88 Leo";"Leo";"99648";"11 31 45 +14 21 52";"STF 1547 AB";"2022";"117";332;15.4;6.33;9.14;2.81;"Y"
"HD 100245";"Leo";"138253";"11 32 07 -03 31 53";"STF 1548 A,BC";"2016";"40";127;10.9;8.76;9.81;1.05;""
"HD 100302";"Leo";"81873";"11 32 37 +24 19 23";"STF 1549";"2017";"39";113;12.8;9.49;11.16;1.67;""
"HD 100534";"UMa";"15556";"11 34 40 +63 38 36";"STF 1550";"2019";"46";41;18.1;8.93;11.13;2.20;""
"HD 100574";"Dra";"7382";"11 35 18 +70 48 08";"STF 1551";"2016";"26";111;6.8;9.02;10.80;1.78;""
"90 Leo";"Leo";"99673";"11 34 42 +16 47 49";"STF 1552 AB";"2018";"209";209;3.1;6.26;7.31;1.05;""
"";"Leo";"99673";"11 34 42 +16 47 49";"STF 1552 AC";"2018";"54";235;63.4;6.26;9.77;3.51;""
"";"Leo";"99673";"11 34 42 +16 47 46";"STF 1552 BC";"2018";"41";236;60.2;7.31;9.77;2.46;""
"HD 100831";"UMa";"28071";"11 36 36 +56 08 07";"STF 1553";"2019";"151";165;6.2;7.73;8.17;0.44;"Y"
"HD 100797";"Leo";"99686";"11 36 07 +12 51 19";"STF 1554";"2016";"62";215;0.3;9.44;9.63;0.19;"Y"
"";"Leo";"81893";"11 36 18 +27 46 53";"STF 1555 AB";"2024";"310";151;0.7;6.41;6.78;0.37;"Y"
"";"Leo";"180026";"11 36 18 +12 07 50";"STF 1556";"2022";"28";52;9.0;10.69;10.77;0.08;""
"The Crt";"Leo";"81900";"11 36 41 +21 28 14";"STF 1558 AB";"2017";"46";168;1.3;9.92;10.24;0.32;""
"";"Leo";"81900";"11 36 41 +21 28 14";"STF 1558 AB,C";"2017";"31";276;43.3;9.92;9.89;0.03;""
"";"Leo";"81900";"11 36 41 +21 28 14";"STF 1558 AD";"2015";"2";179;1.1;9.92;"";"";""
"HD 101150";"UMa";"15580";"11 38 49 +64 20 49";"STF 1559";"2019";"84";326;2.0;6.81;8.01;1.20;""
"HD 101154";"Vir";"138314";"11 38 24 -02 26 09";"STF 1560";"2016";"33";279;4.9;6.42;9.43;3.01;""
"HD 101177";"UMa";"43841";"11 38 45 +45 06 30";"STF 1561 AB";"2021";"162";245;8.8;6.53;8.23;1.70;"Y"
"";"UMa";"43841";"11 38 45 +45 06 30";"STF 1561 AC";"2015";"28";90;176.8;6.53;9.46;2.93;""
"";"UMa";"43841";"11 38 45 +45 06 30";"STF 1561 AD";"2015";"5";76;718.2;6.53;7.56;1.03;""
"";"UMa";"43841";"11 38 45 +45 06 30";"STF 1561 AE";"2015";"13";338;60.7;6.53;12.08;5.55;""
"";"UMa";"43841";"11 38 44 +45 06 27";"STF 1561 BC";"2015";"20";89;179.6;8.23;9.46;1.23;""
"";"UMa";"156804";"11 38 44 +45 06 27";"STF 1561 BE";"2015";"10";347;61.7;8.23;12.08;3.85;""
"";"UMa";"43846";"11 39 00 +45 06 31";"STF 1561 CD";"2015";"6";72;553.1;9.46;7.56;1.90;""
"";"UMa";"43849";"11 39 14 +49 09 32";"STF 1562";"2017";"15";270;16.2;9.76;11.60;1.84;""
"HD 101254";"UMa";"28088";"11 39 24 +52 11 15";"STF 1563";"2022";"23";157;13.7;8.58;10.64;2.06;""
"HD 101320";"Leo";"81926";"11 39 38 +26 57 24";"STF 1564";"2018";"48";87;5.0;8.81;9.33;0.52;""
"HD 101301";"Leo";"99718";"11 39 36 +18 59 48";"STF 1565";"2023";"73";304;22.0;7.26;8.41;1.15;""
"HD 101469";"Leo";"81940";"11 40 39 +21 02 11";"STF 1566";"2021";"40";349;2.3;8.71;9.98;1.27;""
"HD 101739";"UMa";"15609";"11 42 59 +64 21 19";"STF 1567";"2017";"21";84;3.6;9.35;10.50;1.15;""
"HD 101845";"Vir";"119011";"11 43 17 +00 45 40";"STF 1568 AB";"2021";"39";43;9.2;10.36;10.48;0.12;""
"HD 101977";"UMa";"62678";"11 44 18 +39 00 24";"STF 1569";"2019";"23";321;3.7;8.83;10.59;1.76;""
"HD 102130";"UMa";"43883";"11 45 32 +45 36 13";"STF 1570";"2021";"37";49;10.9;8.86;9.60;0.74;""
"";"Vir";"180171";"11 46 22 +09 04 28";"STF 1571";"2016";"26";298;9.8;9.94;11.50;1.56;""
"HD 102342";"UMa";"28143";"11 47 01 +53 17 07";"STF 1572";"2016";"28";289;10.3;9.46;10.79;1.33;""
"HD 102616";"Dra";"15640";"11 49 10 +67 19 43";"STF 1573";"2023";"53";180;11.3;7.50;8.30;0.80;""
"HD 102957";"UMa";"43914";"11 51 14 +44 04 50";"STF 1574";"2016";"18";6;9.4;9.60;12.30;2.70;""
"HD 103046";"Vir";"119084";"11 51 58 +08 49 48";"STF 1575";"2021";"73";210;30.5;7.43;7.89;0.46;""
"";"UMa";"62741";"11 52 53 +30 49 38";"STF 1576";"2018";"46";241;5.3;9.11;9.45;0.34;""
"";"Leo";"82033";"11 53 20 +20 19 11";"STF 1577";"2017";"26";10;8.6;10.11;11.30;1.19;""
"HD 103251";"Vir";"119096";"11 53 24 +03 39 52";"STF 1578";"2017";"27";161;3.1;10.14;11.36;1.22;""
"65 UMa";"UMa";"43945";"11 55 06 +46 28 37";"STF 1579 AB,C";"2023";"91";43;3.8;6.68;8.32;1.64;""
"";"UMa";"43945";"11 55 06 +46 28 37";"STF 1579 AB,D";"2021";"73";114;62.9;6.68;6.97;0.29;""
"";"UMa";"43945";"11 55 06 +46 28 40";"STF 1579 CD";"2018";"14";117;61.9;8.32;6.97;1.35;""
"HD 103561";"Vir";"119118";"11 55 30 +03 32 36";"STF 1580 AB";"2021";"41";262;8.6;9.34;10.01;0.67;""
"";"Vir";"";"11 55 29 +03 32 35";"STF 1580 BC";"2015";"10";239;19.6;10.01;13.50;3.49;""
"HD 103626";"UMa";"43950";"11 56 06 +45 32 45";"STF 1581";"2017";"24";171;2.5;9.80;10.44;0.64;""
"HD 103628";"Leo";"82058";"11 56 01 +21 58 55";"STF 1582";"2020";"43";76;12.3;8.09;9.53;1.44;""
"HD 104231";"UMi";"1966";"12 00 10 +86 59 40";"STF 1583";"2021";"29";285;11.3;8.10;9.29;1.19;""
"HD 103708";"Vir";"138493";"11 56 37 -04 36 31";"STF 1584";"2016";"26";188;13.2;8.76;10.26;1.50;""
"HD 103707";"UMa";"43954";"11 56 41 +41 01 30";"STF 1585";"2017";"20";106;5.5;8.79;11.08;2.29;""
"HD 103739";"UMa";"43958";"11 56 54 +40 21 22";"STF 1586";"2016";"27";255;1.5;8.83;10.37;1.54;""
"HD 233888";"UMa";"28213";"11 59 51 +51 36 60";"STF 1587 AB";"2016";"22";288;16.8;9.26;11.05;1.79;""
"";"Dra";"7488";"12 02 16 +72 21 43";"STF 1588";"2017";"100";34;11.7;9.61;10.13;0.52;""
"HD 104278";"UMa";"43994";"12 00 36 +43 37 19";"STF 1589";"2017";"32";158;2.2;10.19;10.40;0.21;""
"HD 104435";"Dra";"7485";"12 01 38 +70 50 60";"STF 1590";"2021";"27";232;5.3;7.42;10.11;2.69;""
"HD 104409";"Vir";"223173";"12 01 28 -00 22 44";"STF 1591 AB";"2017";"45";351;51.3;8.43;8.95;0.52;""
"";"Vir";"223173";"12 01 28 -00 22 44";"STF 1591 AC";"2017";"21";52;23.9;8.43;12.50;4.07;""
"";"UMa";"";"12 02 21 +35 37 41";"STF 1592";"2015";"11";275;25.6;10.99;11.30;0.31;""
"HD 104711";"Vir";"138555";"12 03 32 -02 26 49";"STF 1593 AB";"2018";"79";14;1.2;8.70;8.57;0.13;""
"";"Vir";"138555";"12 03 32 -02 26 49";"STF 1593 AC";"2012";"8";3;50.0;8.70;12.16;3.46;""
"";"UMa";"44014";"12 03 29 +41 24 16";"STF 1594 AC";"2015";"39";142;11.0;10.09;11.10;1.01;""
"";"UMa";"44014";"12 03 29 +41 24 16";"STF 1594 AD";"2015";"12";71;27.2;10.09;14.40;4.31;""
"HD 104829";"Vir";"119199";"12 04 18 +07 23 57";"STF 1595";"2022";"41";329;27.8;9.22;10.01;0.79;""
"2 Com";"Com";"82123";"12 04 17 +21 27 33";"STF 1596";"2023";"197";234;3.7;6.18;7.48;1.30;""
"HD 104924";"Vir";"119208";"12 04 54 +09 10 20";"STF 1597";"2015";"26";148;30.8;9.49;10.68;1.19;""
"HD 104943";"Vir";"119211";"12 05 05 +03 22 42";"STF 1598";"2015";"14";56;42.9;8.48;11.85;3.37;""
"HD 105028";"Dra";"15709";"12 05 34 +68 47 40";"STF 1599 AB";"2021";"35";166;10.1;7.50;10.67;3.17;""
"";"Dra";"15709";"12 05 34 +68 47 40";"STF 1599 AC";"2017";"12";332;108.4;7.50;12.65;5.15;""
"";"Dra";"15709";"12 05 34 +68 47 40";"STF 1599 AD";"2017";"22";86;125.6;7.50;9.19;1.69;""
"";"Dra";"15709";"12 05 34 +68 47 40";"STF 1599 AE";"2017";"27";182;125.3;7.50;7.94;0.44;""
"";"Dra";"";"12 05 33 +68 45 34";"STF 1599 Ea,Eb";"1953";"1";69;0.3;8.00;8.00;0.00;""
"HD 105031";"UMa";"28241";"12 05 34 +51 55 52";"STF 1600";"2024";"59";93;7.6;7.63;8.28;0.65;""
"";"UMa";"62837";"12 06 09 +38 49 42";"STF 1601";"2019";"64";298;2.0;9.64;10.80;1.16;""
"HD 105287";"Dra";"15716";"12 07 08 +69 04 34";"STF 1602 AB";"2019";"73";180;21.0;8.27;9.91;1.64;""
"";"Dra";"15716";"12 07 08 +69 04 34";"STF 1602 AC";"2017";"12";315;153.8;8.27;11.37;3.10;""
"HD 105394";"UMa";"28253";"12 08 07 +55 27 51";"STF 1603 AB";"2023";"93";85;22.3;7.82;8.26;0.44;""
"";"Crv";"157111";"12 09 29 -11 51 25";"STF 1604 AB";"2017";"83";89;9.0;6.86;10.00;3.14;""
"";"Crv";"157111";"12 09 29 -11 51 25";"STF 1604 AC";"2017";"74";4;10.5;6.86;8.12;1.26;""
"";"Crv";"";"12 09 29 -11 51 25";"STF 1604 BC";"2017";"57";321;13.6;10.00;8.12;1.88;""
"HD 105757";"Vir";"138626";"12 10 28 -02 14 30";"STF 1605";"2016";"35";278;23.8;9.22;9.56;0.34;""
"HD 105824";"CVn";"44064";"12 10 47 +39 53 30";"STF 1606";"2022";"275";137;0.7;7.44;7.93;0.49;"Y"
"HD 105945";"CVn";"62887";"12 11 34 +36 05 22";"STF 1607 AB";"2019";"85";28;27.0;8.89;9.83;0.94;""
"";"CVn";"62887";"12 11 34 +36 05 22";"STF 1607 AC";"2017";"14";355;36.2;8.89;14.06;5.17;""
"";"CVn";"62888";"12 11 34 +36 05 46";"STF 1607 BC";"2017";"19";310;20.4;9.83;14.06;4.23;""
"MZ UMa";"UMa";"28287";"12 11 28 +53 25 18";"STF 1608 AB";"2023";"143";221;13.5;8.11;8.27;0.16;"Y"
"HD 105980";"CVn";"28290";"12 11 42 +50 50 16";"STF 1609 AB";"2021";"30";204;11.2;7.98;9.55;1.57;""
"";"CVn";"28290";"12 11 42 +50 50 16";"STF 1609 AC";"2015";"9";146;68.6;7.98;13.78;5.80;""
"HD 106003";"CVn";"62889";"12 11 53 +38 46 04";"STF 1610";"2022";"25";331;29.4;8.56;10.62;2.06;""
"HD 106054";"Dra";"15735";"12 11 58 +68 36 10";"STF 1611";"2017";"19";4;1.9;9.16;10.51;1.35;""
"HD 106115";"Vir";"99985";"12 12 34 +10 46 18";"STF 1612";"2022";"34";7;5.7;10.45;10.97;0.52;""
"HD 106114";"CVn";"62894";"12 12 34 +35 45 46";"STF 1613";"2017";"77";7;1.2;9.29;9.36;0.07;""
"HD 106221";"Dra";"15740";"12 13 08 +67 04 24";"STF 1614";"2017";"19";191;18.6;8.65;11.29;2.64;""
"HD 106365";"Com";"62904";"12 14 07 +32 47 03";"STF 1615 AB";"2022";"53";88;26.9;6.99;8.61;1.62;""
"HD 106423";"Vir";"119282";"12 14 27 +08 46 58";"STF 1616 AB";"2021";"33";295;23.3;7.55;9.74;2.19;""
"";"Vir";"119282";"12 14 27 +08 46 58";"STF 1616 AC";"2015";"29";296;168.4;7.55;10.24;2.69;""
"HD 106496";"Vir";"119284";"12 15 04 +07 31 50";"STF 1617";"2015";"19";266;32.6;8.75;11.14;2.39;""
"HD 106512";"Vir";"100008";"12 15 03 +09 59 27";"STF 1618";"2022";"41";245;26.0;9.46;9.46;0.00;""
"HD 106515";"Vir";"138674";"12 15 07 -07 15 26";"STF 1619 AB";"2024";"147";265;6.8;8.06;8.30;0.24;"Y"
"";"Vir";"138674";"12 15 07 -07 15 26";"STF 1619 AC";"2015";"15";163;99.1;8.06;10.46;2.40;""
"HD 106621";"Vir";"119294";"12 15 49 +09 02 05";"STF 1620";"2017";"32";81;2.2;9.12;10.35;1.23;""
"2 CVn";"Vir";"119296";"12 15 58 +05 38 25";"STF 1621";"2019";"111";48;1.8;10.22;10.59;0.37;"Y"
"2 CVn";"CVn";"44097";"12 16 08 +40 39 37";"STF 1622";"2017";"82";260;11.6;5.86;8.71;2.85;""
"HD 106693";"Vir";"119298";"12 16 11 +04 42 39";"STF 1623";"2022";"23";181;45.8;8.98;10.49;1.51;""
"HD 106784";"CVn";"62930";"12 16 42 +39 35 34";"STF 1624 AB";"2016";"24";153;5.9;7.28;10.17;2.89;""
"HD 106799";"Cam";"2009";"12 16 12 +80 07 30";"STF 1625 AB";"2022";"59";218;14.4;7.24;7.78;0.54;""
"HD 106831";"Dra";"7536";"12 16 47 +70 08 46";"STF 1626";"2021";"35";3;2.1;9.37;9.55;0.18;""
"HD 106975";"Vir";"138704";"12 18 10 -03 56 56";"STF 1627";"2022";"122";195;20.0;6.55;6.90;0.35;""
"HD 107068";"Vir";"100032";"12 18 43 +11 47 46";"STF 1628 AB";"2021";"45";239;9.5;9.52;10.11;0.59;""
"";"Vir";"100032";"12 18 43 +11 47 46";"STF 1628 AC";"2015";"20";344;45.2;9.52;11.81;2.29;""
"";"Vir";"";"12 19 08 +02 56 47";"STF 1629";"2015";"15";299;24.7;9.96;12.19;2.23;""
"HD 238098";"UMa";"28334";"12 18 54 +56 22 06";"STF 1630";"2017";"26";171;2.5;9.50;10.26;0.76;""
"HD 107293";"Crv";"157216";"12 20 10 -14 07 32";"STF 1631 AB";"2018";"18";305;14.8;8.38;10.95;2.57;""
"HD 107341";"CVn";"62953";"12 20 14 +37 54 08";"STF 1632";"2022";"42";192;10.0;6.83;9.98;3.15;""
"HD 107398";"Com";"82254";"12 20 41 +27 03 16";"STF 1633";"2023";"125";245;8.8;7.04;7.13;0.09;""
"HD 107400";"Com";"82255";"12 20 42 +22 54 52";"STF 1634";"2020";"40";148;5.3;8.77;9.90;1.13;""
"HD 107452";"Vir";"157229";"12 21 08 -11 28 33";"STF 1635";"2016";"40";173;13.4;8.62;9.72;1.10;""
"17 Vir";"Vir";"119360";"12 22 32 +05 18 20";"STF 1636";"2022";"76";338;21.0;6.53;9.31;2.78;""
"HD 107864";"Com";"82284";"12 23 35 +23 25 43";"STF 1637";"2015";"15";143;120.5;8.96;11.28;2.32;""
"";"CVn";"44160";"12 24 13 +43 03 37";"STF 1638";"2017";"18";282;8.3;10.29;10.70;0.41;""
"HD 108007";"Com";"82293";"12 24 27 +25 34 57";"STF 1639 AB";"2022";"450";322;1.9;6.74;7.83;1.09;"Y"
"";"Com";"82293";"12 24 27 +25 34 57";"STF 1639 AC";"2015";"11";159;91.4;6.74;11.42;4.68;""
"HD 108005";"Dra";"15796";"12 24 20 +63 47 36";"STF 1640";"2015";"25";244;37.9;8.57;10.70;2.13;""
"";"CVn";"62987";"12 24 33 +37 43 31";"STF 1641 AB";"2017";"52";22;16.6;10.90;11.08;0.18;""
"";"CVn";"62987";"12 24 33 +37 43 31";"STF 1641 AC";"2017";"22";212;76.4;10.90;9.50;1.40;""
"";"CVn";"203440";"12 24 34 +37 43 45";"STF 1641 BC";"2015";"16";210;93.4;11.08;9.50;1.58;""
"HD 108224";"CVn";"44170";"12 25 45 +44 44 04";"STF 1642";"2021";"51";179;2.4;8.80;9.40;0.60;""
"HD 108421";"Com";"82315";"12 27 14 +27 01 30";"STF 1643 AB";"2023";"257";2;2.8;9.03;9.45;0.42;"Y"
"HD 108423";"Vir";"119406";"12 27 25 +07 22 59";"STF 1644";"2021";"65";239;18.8;9.24;9.90;0.66;""
"HD 108574";"CVn";"44187";"12 28 04 +44 47 40";"STF 1645 AB";"2017";"126";156;9.8;7.49;8.08;0.59;"Y"
"";"CVn";"63012";"12 28 09 +36 41 02";"STF 1646";"2017";"23";260;5.6;10.30;12.90;2.60;""
"HD 108875";"Vir";"119436";"12 30 34 +09 42 56";"STF 1647";"2024";"284";249;1.3;8.09;8.37;0.28;"Y"
"HD 108877";"Vir";"119437";"12 30 34 +03 30 30";"STF 1648";"2016";"41";40;8.1;7.54;9.78;2.24;""
"HD 91168";"Vir";"157339";"12 31 36 -11 04 20";"STF 1649";"2022";"63";194;15.4;7.97;8.43;0.46;""
"";"Com";"82351";"12 31 33 +24 37 13";"STF 1650";"2022";"24";178;16.5;9.54;10.47;0.93;""
"HD 109054";"Com";"82357";"12 31 44 +27 01 03";"STF 1651";"2021";"46";214;7.0;8.65;10.07;1.42;""
"KK Com";"Com";"82367";"12 32 31 +21 06 03";"STF 1652";"2017";"36";178;6.1;10.12;10.40;0.28;""
"HD 109269";"CVn";"63060";"12 33 22 +32 02 23";"STF 1653";"2017";"51";343;8.0;9.66;9.67;0.01;""
"HD 109213";"Dra";"7584";"12 32 03 +74 48 42";"STF 1654";"2021";"35";23;3.8;7.74;9.43;1.69;""
"";"CVn";"63069";"12 33 36 +38 37 14";"STF 1656";"2017";"29";205;26.8;9.67;9.70;0.03;""
"24 Com";"Com";"100160";"12 35 08 +18 22 37";"STF 1657 AB";"2023";"154";271;20.1;5.11;6.33;1.22;""
"HD 109499";"Vir";"119484";"12 35 08 +07 26 35";"STF 1658 AB";"2021";"127";22;2.8;8.08;10.52;2.44;"Y"
"";"Vir";"119484";"12 35 08 +07 26 35";"STF 1658 AC";"2016";"31";266;129.1;8.08;9.10;1.02;""
"HD 109556";"Crv";"157384";"12 35 44 -12 01 30";"STF 1659 AB";"2018";"46";351;28.1;7.94;8.34;0.40;""
"";"Crv";"157384";"12 35 44 -12 01 30";"STF 1659 AC";"2018";"32";69;43.8;7.94;10.89;2.95;""
"";"Crv";"157384";"12 35 44 -12 01 30";"STF 1659 AD";"2018";"15";32;189.8;7.94;9.88;1.94;""
"";"Crv";"157384";"12 35 44 -12 01 30";"STF 1659 AE";"2018";"17";275;151.2;7.94;6.78;1.16;""
"";"Crv";"157384";"12 35 44 -12 01 30";"STF 1659 AF";"2018";"17";139;209.4;7.94;6.64;1.30;""
"";"Crv";"157383";"12 35 43 -12 01 03";"STF 1659 BC";"2018";"28";105;46.7;8.34;10.89;2.55;""
"";"Crv";"157379";"12 35 33 -12 01 16";"STF 1659 EF";"2018";"23";121;333.8;6.78;6.64;0.14;""
"";"Crv";"157379";"12 35 33 -12 01 16";"STF 1659 EG";"2015";"3";252;12.6;6.78;15.50;8.72;""
"HD 238136";"UMa";"28433";"12 34 59 +58 14 16";"STF 1660";"2017";"23";118;19.7;9.87;11.12;1.25;""
"HD 109628";"Vir";"100165";"12 35 58 +11 24 19";"STF 1661";"2018";"150";253;2.3;9.21;9.24;0.03;""
"HD 109654";"UMa";"28440";"12 35 49 +56 34 42";"STF 1662";"2017";"29";242;19.2;7.83;9.75;1.92;""
"HD 109782";"Com";"82402";"12 37 11 +21 11 52";"STF 1663";"2021";"139";64;0.6;8.03;9.16;1.13;"Y"
"HD 109874";"Vir";"157411";"12 38 20 -11 31 01";"STF 1664 AB";"2019";"47";223;38.7;7.82;9.17;1.35;""
"";"Vir";"157411";"12 38 20 -11 31 01";"STF 1664 AC";"2019";"13";306;60.7;7.82;11.52;3.70;""
"";"Vir";"157411";"12 38 20 -11 31 01";"STF 1664 AD";"2019";"9";291;83.8;7.82;12.43;4.61;""
"";"Vir";"157411";"12 38 20 -11 31 01";"STF 1664 AE";"2019";"18";110;121.4;7.82;8.58;0.76;""
"";"Vir";"157410";"12 38 18 -11 31 27";"STF 1664 BC";"2019";"12";341;68.1;9.17;11.52;2.35;""
"";"Vir";"157410";"12 38 18 -11 31 27";"STF 1664 BD";"2019";"10";318;77.9;9.17;12.43;3.26;""
"";"Vir";"";"12 38 17 -11 30 24";"STF 1664 CD";"2019";"14";258;30.0;11.52;12.43;0.91;""
"";"Vir";"157412";"12 38 28 -11 31 42";"STF 1664 EF";"2019";"14";112;92.7;8.58;8.91;0.33;""
"HD 109930";"Vir";"138884";"12 38 44 -05 19 40";"STF 1665";"2016";"38";102;8.6;9.06;9.71;0.65;""
"HD 110026";"Com";"100195";"12 39 10 +14 19 38";"STF 1666";"2017";"27";192;7.4;8.15;10.30;2.15;""
"";"Dra";"15860";"12 39 36 +64 40 27";"STF 1667 AB";"2017";"21";40;1.2;9.49;9.99;0.50;""
"";"Dra";"15860";"12 39 36 +64 40 27";"STF 1667 AC";"2015";"4";262;46.4;9.49;12.20;2.71;""
"HD 110280";"Vir";"119530";"12 40 54 +08 49 45";"STF 1668 AB";"2022";"97";185;1.0;7.78;8.10;0.32;""
"";"Vir";"119530";"12 40 54 +08 49 45";"STF 1668 AC";"2016";"3";98;14.8;7.78;16.20;8.42;""
"58 Crv";"Crv";"157448";"12 41 16 -13 00 54";"STF 1669 AB";"2020";"171";314;5.3;5.88;5.89;0.01;""
"";"Crv";"157448";"12 41 16 -13 00 54";"STF 1669 AC";"2016";"11";228;45.9;5.88;10.30;4.42;""
"";"Crv";"157447";"12 41 16 -13 00 50";"STF 1669 BC";"2015";"9";229;58.7;5.89;10.28;4.39;""
"Porrima";"Vir";"138917";"12 41 40 -01 26 58";"STF 1670 AB";"2024";"1631";352;3.4;3.48;3.53;0.05;"Y"
"";"Vir";"138917";"12 41 40 -01 26 58";"STF 1670 AC";"2015";"5";121;99.4;3.48;15.10;11.62;""
"";"Vir";"138917";"12 41 40 -01 26 58";"STF 1670 AD";"2015";"8";90;177.6;3.48;12.05;8.57;""
"";"Vir";"138917";"12 41 40 -01 26 58";"STF 1670 AE";"2016";"18";167;260.4;3.48;8.94;5.46;""
"";"Vir";"138917";"12 41 40 -01 26 58";"STF 1670 AF";"2015";"10";267;422.3;3.48;9.53;6.05;""
"";"Vir";"138917";"12 41 40 -01 26 58";"STF 1670 BD";"2015";"3";90;177.8;3.53;12.05;8.52;""
"";"Vir";"138917";"12 41 40 -01 26 58";"STF 1670 BE";"2015";"7";167;260.0;3.53;8.94;5.41;""
"";"Vir";"138917";"12 41 40 -01 26 58";"STF 1670 BF";"2015";"5";268;422.0;3.53;9.53;6.00;""
"";"Dra";"15868";"12 41 04 +68 30 58";"STF 1671 AB";"2016";"18";201;29.0;9.30;11.04;1.74;""
"";"Dra";"15868";"12 41 04 +68 30 58";"STF 1671 AC";"2015";"17";153;38.4;9.30;11.04;1.74;""
"HD 110534";"CVn";"63149";"12 42 40 +33 48 51";"STF 1672";"2019";"36";312;4.3;8.92;10.22;1.30;""
"HD 110536";"Vir";"138927";"12 42 56 -02 15 04";"STF 1673 AB";"2015";"17";92;53.6;9.16;10.90;1.74;""
"HD 110721";"Vir";"119557";"12 43 48 +07 33 30";"STF 1674";"2021";"54";173;2.3;8.77;9.32;0.55;""
"HD 110814";"CVn";"63170";"12 44 28 +34 24 58";"STF 1675";"2017";"32";4;29.5;9.62;10.22;0.60;""
"";"CVn";"63172";"12 44 31 +36 16 45";"STF 1676";"2019";"24";348;4.2;10.70;11.20;0.50;""
"HD 110886";"Vir";"138952";"12 45 17 -03 53 17";"STF 1677";"2022";"74";348;16.2;7.30;8.12;0.82;""
"HD 110932";"Com";"100236";"12 45 26 +14 22 25";"STF 1678";"2023";"144";170;38.8;7.16;7.68;0.52;""
"HD 111041";"CVn";"28509";"12 46 01 +49 49 23";"STF 1679 AB";"2017";"34";208;5.9;9.62;10.01;0.39;""
"";"CVn";"28509";"12 46 01 +49 49 23";"STF 1679 AC";"2015";"8";37;69.1;9.62;13.68;4.06;""
"";"Com";"138981";"12 49 13 +21 46 30";"STF 1680 Aa,Ab";"2015";"2";35;0.3;9.40;"";"";""
"";"Com";"82514";"12 49 13 +21 46 30";"STF 1680 AB";"2015";"23";335;2.9;9.40;11.60;2.20;""
"HD 111484";"Vir";"119612";"12 49 35 +03 49 06";"STF 1681";"2022";"63";18;9.0;8.87;8.89;0.02;""
"NSV5994";"Vir";"157550";"12 51 23 -10 20 18";"STF 1682 AB";"2018";"48";299;29.6;6.59;9.69;3.10;""
"";"Vir";"157550";"12 51 23 -10 20 18";"STF 1682 AC";"2015";"7";212;141.5;6.59;12.51;5.92;""
"";"Vir";"157549";"12 51 21 -10 20 04";"STF 1682 BC";"2015";"9";200;142.0;9.69;12.51;2.82;""
"HD 111767";"Vir";"139004";"12 51 40 -06 07 59";"STF 1683";"2016";"22";197;15.7;8.45;10.69;2.24;""
"HD 111842";"Com";"82539";"12 51 54 +25 40 29";"STF 1684";"2015";"11";269;30.7;7.71;12.17;4.46;""
"HD 111844";"Com";"100307";"12 51 55 +19 10 20";"STF 1685 AB";"2023";"106";202;16.0;7.31;7.78;0.47;""
"HD 111959";"Com";"100315";"12 52 58 +15 01 54";"STF 1686 AB";"2021";"72";187;5.7;8.58;8.72;0.14;""
"35 Com";"Com";"82550";"12 53 18 +21 14 42";"STF 1687 AB";"2023";"415";205;1.2;5.15;7.08;1.93;"Y"
"";"Com";"82550";"12 53 18 +21 14 42";"STF 1687 AC";"2023";"111";127;28.6;5.15;9.76;4.61;""
"HD 112083";"CVn";"252070";"12 53 35 +37 58 21";"STF 1688 AB";"2017";"25";344;14.1;9.24;11.06;1.82;""
"";"CVn";"252071";"12 53 35 +37 58 21";"STF 1688 AC";"2015";"10";355;79.7;9.24;13.44;4.20;""
"HD 112278";"Vir";"100337";"12 55 30 +11 29 46";"STF 1689";"2015";"62";223;30.2;7.11;9.13;2.02;""
"HD 112372";"Vir";"139049";"12 56 15 -04 51 50";"STF 1690";"2021";"52";147;5.7;7.18;8.95;1.77;""
"HD 112311";"UMa";"28561";"12 54 60 +58 09 38";"STF 1691 AB";"2017";"31";275;18.5;8.58;9.80;1.22;""
"";"UMa";"28561";"12 54 60 +58 09 38";"STF 1691 AC";"2015";"18";84;130.3;8.58;9.61;1.03;""
"Cor Caroli";"CVn";"63257";"12 56 02 +38 19 06";"STF 1692 AB";"2023";"174";229;19.2;2.85;5.52;2.67;""
"HD 112448";"Vir";"119680";"12 56 40 +07 01 12";"STF 1693";"2016";"37";332;8.7;9.88;10.51;0.63;""
"HD 112028";"Cam";"2102";"12 49 14 +83 24 46";"STF 1694 AB";"2017";"75";324;21.8;5.29;5.74;0.45;""
"HD 112486";"UMa";"28572";"12 56 18 +54 05 58";"STF 1695 AB";"2023";"126";280;3.7;6.04;7.75;1.71;""
"";"UMa";"28572";"12 56 18 +54 05 58";"STF 1695 AC";"2015";"9";139;131.7;6.04;12.32;6.28;""
"HD 112571";"Com";"63265";"12 57 24 +30 22 16";"STF 1696";"2021";"52";204;3.6;9.38;9.51;0.13;""
"";"CVn";"44397";"12 57 08 +42 23 28";"STF 1697";"2017";"17";217;28.3;9.64;10.94;1.30;""
"";"Dra";"7697";"12 54 48 +74 39 06";"STF 1698";"2022";"36";109;10.1;9.64;10.24;0.60;""
"HD 112753";"Com";"82592";"12 58 41 +27 28 28";"STF 1699";"2021";"94";9;1.7;8.74;8.77;0.03;""
"HD 112754";"Com";"82593";"12 58 43 +27 07 10";"STF 1700";"2017";"32";84;7.4;8.94;10.47;1.53;""
"HD 112815";"Vir";"119696";"12 59 20 +06 30 21";"STF 1701";"2015";"34";306;21.5;7.63;9.90;2.27;""
"HD 112733";"CVn";"";"12 58 32 +38 16 44";"STF 1702 AB";"2017";"39";83;35.9;8.72;9.41;0.69;""
"HD 112802";"Vir";"119692";"12 59 09 +07 54 03";"STF 1703";"2015";"44";259;8.2;8.06;11.38;3.32;""
"44 Vir";"Vir";"139086";"12 59 40 -03 48 43";"STF 1704 AB";"2017";"28";54;20.6;5.80;10.30;4.50;""
"HD 113039";"Com";"100368";"13 00 46 +14 22 38";"STF 1705";"2017";"35";188;26.7;9.03;10.28;1.25;""
"HD 112915";"Vir";"119706";"13 00 05 +00 18 27";"STF 1706";"2017";"17";179;28.1;7.76;12.10;4.34;""
"HD 113097";"Com";"100376";"13 01 14 +15 51 45";"STF 1707 AB";"2016";"37";41;8.3;9.70;11.50;1.80;""
"Eps Vir";"Vir";"119730";"13 02 08 +07 16 47";"STF 1708 AB";"2022";"36";294;11.5;9.23;10.36;1.13;""
"HD 113303";"Com";"82618";"13 02 31 +23 29 58";"STF 1709";"2018";"38";252;2.7;7.88;10.01;2.13;""
"HD 113350";"Vir";"100392";"13 02 57 +10 26 16";"STF 1710 AB";"2017";"27";252;2.5;9.50;10.47;0.97;""
"HD 113322";"Vir";"100391";"13 02 51 +13 28 24";"STF 1711";"2017";"101";331;0.3;9.27;9.36;0.09;"Y"
"";"Vir";"119745";"13 03 32 +09 28 08";"STF 1712";"2016";"43";332;9.1;10.24;10.57;0.33;""
"HD 113447";"Com";"82628";"13 03 29 +25 47 48";"STF 1713";"2016";"18";281;33.2;8.81;10.25;1.44;""
"";"Com";"";"13 03 40 +23 38 35";"STF 1714";"2020";"39";307;3.1;10.31;10.40;0.09;""
"HD 113527";"Com";"";"13 04 12 +19 23 50";"STF 1715";"2016";"41";231;7.3;9.98;10.55;0.57;""
"HD 113563";"Vir";"119754";"13 04 31 +08 39 12";"STF 1716 AB";"2016";"32";150;2.9;8.32;10.53;2.21;""
"HD 111162";"UMi";"";"12 28 28 +88 40 32";"STF 1717";"2021";"40";327;8.2;9.42;10.81;1.39;""
"";"CVn";"";"13 05 30 +50 59 11";"STF 1718 AB,C";"2015";"36";272;13.1;9.84;10.07;0.23;""
"";"Vir";"119774";"13 07 20 +00 35 07";"STF 1719 AB";"2022";"108";358;6.9;7.58;8.16;0.58;""
"HD 113467";"Cam";"2127";"12 59 13 +82 56 05";"STF 1720";"2017";"27";329;1.7;8.91;9.18;0.27;""
"HY Vir";"Vir";"119785";"13 08 33 +01 06 47";"STF 1721";"2016";"30";358;6.4;10.18;10.27;0.09;""
"HD 114131";"Com";"100432";"13 08 26 +15 29 30";"STF 1722";"2021";"127";337;2.7;8.38;9.26;0.88;""
"HD 114146";"CVn";"63362";"13 08 13 +38 44 20";"STF 1723";"2022";"45";12;6.3;8.67;10.08;1.41;""
"The Vir";"Vir";"139189";"13 09 57 -05 32 20";"STF 1724 AB";"2015";"80";342;7.0;4.40;9.39;4.99;""
"HD 114377";"CVn";"63375";"13 09 52 +31 22 00";"STF 1727";"2022";"32";333;7.5;9.81;10.99;1.18;""
"Diadem";"Com";"100443";"13 09 59 +17 31 46";"STF 1728 AB";"2021";"669";192;0.4;4.85;5.53;0.68;"Y"
"Alp Com";"Com";"100443";"13 09 59 +17 31 46";"STF 1728 AB,C";"2023";"15";353;82.9;4.43;11.45;7.02;""
"HD 114604";"Com";"63386";"13 11 13 +30 49 37";"STF 1729 AB,C";"2018";"22";275;8.6;9.61;11.06;1.45;""
"HD 114744";"CVn";"63398";"13 12 05 +36 54 31";"STF 1730";"2020";"33";338;2.0;9.23;10.43;1.20;""
"GZ Vir";"Vir";"139227";"13 13 14 -02 33 20";"STF 1731 AB";"2022";"36";304;9.6;7.74;10.10;2.36;""
"HD 114913";"UMa";"28673";"13 12 38 +58 26 57";"STF 1732 AB";"2017";"24";127;25.7;8.68;10.42;1.74;""
"HD 115320";"Com";"100486";"13 16 20 +17 15 23";"STF 1733";"2020";"43";128;4.9;8.99;10.37;1.38;""
"HD 115995";"Vir";"119889";"13 20 42 +02 56 32";"STF 1734";"2022";"201";173;1.1;6.77;7.29;0.52;"Y"
"HD 115924";"Vir";"119900";"13 21 47 +05 49 33";"STF 1735";"2017";"28";109;4.1;9.88;10.04;0.16;""
"HD 116206";"Com";"100534";"13 21 49 +17 45 56";"STF 1737";"2016";"34";219;15.3;7.85;10.31;2.46;""
"HD 116331";"Vir";"157905";"13 23 16 -14 55 37";"STF 1738";"2021";"52";277;3.7;8.64;8.73;0.09;""
"HD 116219";"CVn";"";"13 22 33 +30 30 56";"STF 1739";"2017";"18";125;14.9;11.05;11.80;0.75;""
"HD 116442";"Vir";"119909";"13 23 39 +02 43 24";"STF 1740";"2022";"102";74;26.3;7.13;7.39;0.26;""
"HD 116532";"Vir";"139317";"13 24 15 -02 06 26";"STF 1741";"2022";"34";263;24.9;8.36;9.78;1.42;""
"HD 116542";"Vir";"119913";"13 24 18 +01 23 59";"STF 1742";"2022";"119";0;1.0;7.82;8.20;0.38;""
"HD 116681";"Vir";"139332";"13 25 21 -07 35 03";"STF 1743";"2016";"31";78;6.1;8.77;9.70;0.93;""
"Mizar";"UMa";"28737";"13 23 55 +54 55 32";"STF 1744 AB";"2022";"501";153;14.4;2.23;3.88;1.65;""
"";"UMa";"28737";"13 23 55 +54 55 32";"STF 1744 AC";"2020";"15";73;715.5;2.23;4.01;1.78;""
"HD 116580";"Cam";"7801";"13 20 17 +79 26 13";"STF 1745";"2015";"11";182;19.3;8.92;11.60;2.68;""
"HD 117114";"Vir";"119941";"13 28 10 +09 27 40";"STF 1746";"2015";"47";246;22.8;7.73;10.72;2.99;""
"HD 117174";"CVn";"44617";"13 27 46 +47 45 32";"STF 1747";"2021";"41";345;14.9;9.31;10.22;0.91;""
"HD 117318";"Com";"82862";"13 29 06 +22 10 58";"STF 1748 AB";"2022";"30";184;6.0;8.26;10.85;2.59;""
"";"Com";"82862";"13 29 06 +22 10 58";"STF 1748 AC";"2019";"11";4;138.9;8.26;11.00;2.74;""
"HD 117348";"CVn";"63563";"13 29 11 +31 04 19";"STF 1749";"2017";"20";352;21.9;9.58;11.20;1.62;""
"72 Vir";"Vir";"139370";"13 30 26 -06 28 13";"STF 1750";"2016";"25";17;30.1;6.14;10.74;4.60;""
"HD 117498";"Vir";"119971";"13 30 39 +09 19 00";"STF 1751";"2016";"18";57;5.8;7.05;10.27;3.22;""
"HD 117433";"UMa";"16083";"13 28 50 +59 55 42";"STF 1752 AB";"2018";"40";106;1.0;8.19;9.90;1.71;"Y"
"HD 117587";"UMa";"16091";"13 29 59 +60 21 12";"STF 1754";"2017";"22";14;24.3;8.18;10.61;2.43;""
"HD 117846";"CVn";"63593";"13 32 22 +36 49 06";"STF 1755";"2018";"86";133;4.1;7.34;8.10;0.76;""
"";"Com";"82877";"13 33 19 +23 00 51";"STF 1756 AB";"2022";"43";177;14.4;9.87;10.36;0.49;""
"HD 118036";"Vir";"";"13 34 16 -00 18 50";"STF 1757 AB";"2022";"387";147;1.5;7.82;8.75;0.93;"Y"
"";"Vir";"";"13 34 16 -00 18 50";"STF 1757 AC";"2015";"14";135;55.8;7.82;12.51;4.69;""
"";"Vir";"";"13 34 16 -00 18 50";"STF 1757 AD";"2015";"6";75;146.0;7.82;11.90;4.08;""
"HD 117963";"CVn";"44650";"13 32 52 +49 08 24";"STF 1758";"2019";"111";290;3.4;8.70;8.95;0.25;""
"";"Com";"82880";"13 33 44 +27 27 00";"STF 1759";"2015";"27";155;10.4;9.87;11.22;1.35;""
"HD 118114";"Com";"82883";"13 34 24 +26 16 34";"STF 1760";"2018";"56";64;8.7;8.77;9.12;0.35;""
"";"UMi";"7837";"13 32 02 +71 43 01";"STF 1761";"2017";"33";72;20.1;9.30;10.10;0.80;""
"HD 118512";"Vir";"158048";"13 37 36 -10 48 13";"STF 1762 AB";"2022";"47";275;4.5;9.39;9.88;0.49;""
"81 Vir";"Vir";"139447";"13 37 35 -07 52 17";"STF 1763 AB";"2021";"91";39;2.7;7.79;8.08;0.29;""
"";"Vir";"139447";"13 37 35 -07 52 17";"STF 1763 AC";"2015";"4";327;138.9;7.79;12.28;4.49;""
"HD 118578";"Vir";"120042";"13 37 44 +02 22 56";"STF 1764 AB";"2022";"53";32;15.9;6.79;8.56;1.77;""
"";"Vir";"120042";"13 37 44 +02 22 56";"STF 1764 AC";"2015";"12";139;171.7;6.79;10.45;3.66;""
"";"Vir";"";"13 37 52 +02 20 48";"STF 1765";"2015";"21";161;37.9;10.45;10.67;0.22;""
"HD 118576";"CVn";"63646";"13 37 12 +30 05 06";"STF 1766";"2022";"39";67;20.3;9.38;10.79;1.41;""
"HD 118328";"Dra";"16111";"13 34 06 +67 46 08";"STF 1767";"2020";"82";344;4.1;9.26;9.56;0.30;"Y"
"25 CVn";"CVn";"63648";"13 37 28 +36 17 41";"STF 1768 AB";"2023";"516";94;1.7;4.98;6.95;1.97;"Y"
"";"CVn";"63648";"13 37 28 +36 17 41";"STF 1768 AC";"2023";"11";322;212.1;4.98;11.55;6.57;""
"HD 118742";"CVn";"63656";"13 38 02 +39 10 41";"STF 1769 AB";"2022";"61";47;1.5;7.91;10.42;2.51;"Y"
"";"CVn";"63656";"13 38 02 +39 10 41";"STF 1769 AC";"2022";"39";258;56.9;7.91;9.28;1.37;""
"";"CVn";"63656";"13 38 02 +39 10 41";"STF 1769 AD";"2015";"8";187;149.4;7.91;12.98;5.07;""
"";"CVn";"63654";"13 37 57 +39 10 30";"STF 1769 CD";"2015";"7";165;141.8;9.28;12.98;3.70;""
"HD 118741";"UMa";"28819";"13 37 43 +50 42 54";"STF 1770";"2018";"76";123;1.7;6.93;8.18;1.25;""
"HD 118258";"UMi";"7851";"13 36 42 +69 46 36";"STF 1771 AB";"2017";"43";83;1.8;8.77;9.37;0.60;""
"1 Boo";"Boo";"82942";"13 40 40 +19 57 20";"STF 1772 AB";"2019";"127";133;4.4;5.76;9.60;3.84;""
"";"Boo";"82942";"13 40 40 +19 57 20";"STF 1772 AC";"2020";"11";26;86.7;5.76;12.23;6.47;""
"";"Boo";"82942";"13 40 40 +19 57 20";"STF 1772 AD";"2020";"22";1;208.7;5.76;7.38;1.62;""
"HD 119181";"Boo";"120069";"13 41 38 +07 36 21";"STF 1773 AB";"2017";"32";209;30.6;9.95;10.00;0.05;""
"";"Boo";"120069";"13 41 38 +07 36 21";"STF 1773 AC";"2017";"29";101;56.7;9.95;10.63;0.68;""
"";"Boo";"120068";"13 41 37 +07 35 55";"STF 1773 BC";"2017";"26";78;72.0;10.00;10.63;0.63;""
"HD 119124";"UMa";"28836";"13 40 23 +50 31 09";"STF 1774";"2020";"29";135;17.3;6.34;10.51;4.17;""
"HD 119461";"Vir";"139507";"13 43 30 -04 16 28";"STF 1775 AB";"2016";"29";335;27.6;7.21;10.06;2.85;""
"";"Vir";"139507";"13 43 30 -04 16 28";"STF 1775 AC";"2000";"3";172;38.6;7.21;14.16;6.95;""
"HD 119348";"CVn";"44715";"13 41 48 +46 13 11";"STF 1776";"2016";"59";19;7.3;9.36;9.37;0.01;""
"84 Vir";"Vir";"120082";"13 43 04 +03 32 16";"STF 1777";"2021";"177";226;2.7;5.55;8.31;2.76;""
"HD 119515";"CVn";"63704";"13 43 06 +32 01 09";"STF 1778 AB";"2017";"17";203;25.7;9.42;11.96;2.54;""
"HD 119731";"Boo";"82979";"13 44 34 +23 40 06";"STF 1779";"2015";"30";145;3.8;9.26;10.37;1.11;""
"";"Vir";"158152";"13 45 56 -12 25 36";"STF 1780 AC";"2016";"20";163;26.9;5.66;11.90;6.24;""
"";"Vir";"44740";"13 45 57 -12 26 01";"STF 1780 CD";"2016";"14";268;2.2;11.90;13.10;1.20;""
"HT Vir";"Vir";"120102";"13 46 07 +05 06 56";"STF 1781 AB";"2023";"300";200;1.1;7.89;8.10;0.21;"Y"
"HD 119823";"Boo";"100688";"13 45 07 +18 22 04";"STF 1782 AB";"2018";"30";185;30.4;7.98;9.81;1.83;""
"HD 120022";"CVn";"44740";"13 46 03 +41 02 16";"STF 1783";"2020";"27";48;2.6;7.82;10.88;3.06;""
"HD 120032";"Dra";"16162";"13 44 25 +69 13 12";"STF 1784";"2015";"26";204;9.1;8.12;10.82;2.70;""
"HD 120476";"Boo";"83011";"13 49 04 +26 58 48";"STF 1785";"2024";"927";194;2.6;7.36;8.15;0.79;"Y"
"HD 120582";"CVn";"63771";"13 49 39 +34 59 18";"STF 1786 AB";"2022";"33";23;10.9;8.95;10.27;1.32;""
"";"Cam";"2259";"13 40 38 +81 10 51";"STF 1787";"2016";"15";335;2.0;9.59;11.00;1.41;""
"HD 121325";"Vir";"139618";"13 54 58 -08 03 32";"STF 1788 AB";"2019";"254";100;3.7;6.68;7.26;0.58;"Y"
"";"Vir";"139618";"13 54 58 -08 03 32";"STF 1788 AC";"2015";"17";298;112.3;6.68;10.80;4.12;""
"";"Vir";"139618";"13 54 58 -08 03 32";"STF 1788 AD";"2015";"16";211;143.5;6.68;11.69;5.01;""
"HD 121298";"CVn";"63816";"13 54 05 +32 49 35";"STF 1789";"2021";"69";328;6.7;8.63;8.97;0.34;"Y"
"HD 121537";"Vir";"139629";"13 56 06 -04 37 00";"STF 1790";"2021";"37";61;5.5;9.00;9.02;0.02;""
"HD 121712";"Boo";"100783";"13 56 49 +14 25 59";"STF 1791";"2016";"28";159;21.0;9.39;10.73;1.34;""
"";"Boo";"100784";"13 57 04 +12 27 04";"STF 1792";"2016";"35";291;2.3;9.98;10.89;0.91;""
"HD 122080";"Boo";"83108";"13 59 05 +25 48 58";"STF 1793";"2019";"88";243;4.8;7.46;8.39;0.93;""
"HD 122168";"Boo";"83118";"13 59 48 +19 52 58";"STF 1794";"2019";"51";125;1.8;9.48;9.65;0.17;""
"HD 122200";"UMa";"28955";"13 58 55 +53 06 23";"STF 1795";"2021";"37";2;8.0;6.91;9.83;2.92;""
"HD 122157";"CVn";"63880";"14 00 24 +36 58 09";"STF 1796";"2018";"26";190;2.5;9.81;10.57;0.76;""
"HD 122504";"Boo";"100821";"14 01 58 +19 25 49";"STF 1797";"2022";"38";158;20.7;9.61;9.98;0.37;""
"HD 122189";"UMi";"7912";"13 55 02 +78 23 59";"STF 1798";"2016";"34";11;7.5;7.67;9.65;1.98;""
"HD 122911";"Vir";"139718";"14 04 49 -06 33 09";"STF 1799";"2021";"51";297;4.2;8.17;9.04;0.87;""
"HD 122740";"UMa";"28984";"14 02 01 +57 13 29";"STF 1800 AB,C";"2015";"25";20;28.4;7.76;10.42;2.66;""
"";"Vir";"";"14 06 28 +05 57 25";"STF 1801";"2015";"22";73;21.6;10.30;11.65;1.35;""
"HD 123453";"Vir";"158372";"14 08 04 -12 55 42";"STF 1802";"2020";"53";276;6.0;8.05;9.02;0.97;""
"HD 123399";"CVn";"63933";"14 06 27 +38 25 03";"STF 1803";"2018";"38";43;17.8;8.10;10.35;2.25;""
"HD 123613";"Boo";"83189";"14 08 16 +21 11 35";"STF 1804";"2020";"83";14;4.8;8.17;9.28;1.11;""
"HD 123861";"Vir";"120319";"14 09 57 +04 00 56";"STF 1805";"2018";"80";34;4.9;8.96;9.19;0.23;""
"";"Boo";"44907";"14 08 45 +48 30 24";"STF 1806";"2022";"34";173;13.1;10.08;11.03;0.95;""
"HD 124054";"Vir";"139777";"14 11 21 -03 20 19";"STF 1807";"2018";"73";29;6.5;8.41;8.73;0.32;""
"HD 123963";"Boo";"83201";"14 10 08 +26 35 58";"STF 1808 AB";"2021";"127";90;2.7;8.83;9.63;0.80;""
"";"Boo";"83201";"14 10 08 +26 35 58";"STF 1808 AC";"2021";"13";108;64.9;8.83;11.80;2.97;""
"HD 123875";"Boo";"44908";"14 08 55 +46 08 03";"STF 1809";"2020";"30";196;4.3;9.42;11.98;2.56;""
"HD 124216";"Boo";"83213";"14 11 34 +28 02 12";"STF 1810";"2019";"56";183;2.4;8.98;9.60;0.62;""
"HD 124389";"Vir";"139795";"14 13 29 -08 59 53";"STF 1811 AB";"2015";"22";332;43.0;8.78;10.88;2.10;""
"HD 124346";"Boo";"83219";"14 12 27 +28 43 02";"STF 1812 AB,C";"2024";"64";108;14.1;7.88;9.45;1.57;""
"";"Boo";"83219";"14 12 27 +28 43 02";"STF 1812 AB,D";"2024";"12";153;72.7;7.88;12.10;4.22;""
"HD 124407";"Vir";"120349";"14 13 24 +05 24 03";"STF 1813";"2019";"102";193;4.6;8.45;8.63;0.18;""
"HD 124257";"Boo";"29032";"14 11 01 +50 15 08";"STF 1814";"2021";"37";256;11.3;9.25;9.83;0.58;""
"DQ Boo";"Boo";"44938";"14 12 36 +45 11 52";"STF 1815";"2021";"30";151;9.0;9.58;10.92;1.34;""
"HD 124587";"Boo";"83235";"14 13 55 +29 06 20";"STF 1816";"2022";"230";103;0.3;7.43;7.75;0.32;"Y"
"HD 124643";"Boo";"83239";"14 14 13 +26 41 44";"STF 1817";"2013";"75";322;0.1;8.98;8.77;0.21;"Y"
"HD 124697";"Boo";"64014";"14 14 16 +33 55 42";"STF 1818 AB";"2018";"30";330;5.4;9.01;10.24;1.23;""
"HD 124757";"Vir";"120370";"14 15 19 +03 07 53";"STF 1819 AB";"2024";"499";148;0.9;7.73;7.92;0.19;"Y"
"HD 124640";"UMa";"29044";"14 13 01 +55 19 31";"STF 1820";"2019";"225";123;2.8;9.06;9.42;0.36;"Y"
"Kap2 Boo";"Boo";"29046";"14 13 29 +51 47 24";"STF 1821 AB";"2023";"216";236;13.7;4.53;6.62;2.09;"Y"
"V869 Cen";"UMi";"7957";"14 09 38 +72 50 04";"STF 1822";"2017";"18";51;15.0;9.15;10.80;1.65;""
"HD 124864";"Boo";"100945";"14 15 51 +10 17 59";"STF 1823 AB,C";"2022";"61";148;3.8;9.19;9.77;0.58;""
"";"Boo";"100945";"14 15 51 +10 17 59";"STF 1823 AB,D";"2013";"7";251;65.4;9.19;13.09;3.90;""
"HD 124929";"Vir";"120375";"14 16 20 +06 04 52";"STF 1824";"2018";"30";280;5.5;7.89;10.11;2.22;""
"HD 125040";"Boo";"83259";"14 16 33 +20 07 19";"STF 1825";"2023";"191";153;4.3;6.47;8.42;1.95;"Y"
"HD 124952";"Boo";"44956";"14 15 12 +46 58 27";"STF 1826 AB";"2020";"58";310;4.5;8.94;9.69;0.75;""
"";"Boo";"44956";"14 15 12 +46 58 27";"STF 1826 AC";"2015";"10";173;43.5;8.94;12.60;3.66;""
"HD 124913";"UMa";"29055";"14 14 12 +59 14 34";"STF 1827 AB";"2021";"37";209;11.3;9.62;9.91;0.29;""
"";"Boo";"83269";"14 16 58 +24 11 33";"STF 1828";"2018";"38";159;2.1;10.40;10.75;0.35;""
"HD 125020";"Boo";"29061";"14 15 28 +50 26 25";"STF 1829";"2019";"50";151;5.6;8.10;8.63;0.53;""
"";"UMa";"29070";"14 15 60 +56 41 21";"STF 1830 CE";"2020";"43";245;138.2;6.73;9.33;2.60;""
"";"UMa";"29064";"14 15 45 +56 40 20";"STF 1830 EF";"2017";"101";312;10.6;9.33;10.28;0.95;""
"";"UMa";"29064";"14 15 45 +56 40 20";"STF 1830 EG";"2017";"28";81;35.2;9.33;12.17;2.84;""
"HD 125229";"UMa";"29074";"14 16 08 +56 42 46";"STF 1831 AB";"2021";"65";138;5.7;7.16;9.56;2.40;""
"";"UMa";"29074";"14 16 08 +56 42 46";"STF 1831 AC";"2017";"42";219;112.2;7.16;6.73;0.43;""
"";"UMa";"29070";"14 15 60 +56 41 21";"STF 1831 CD";"2016";"10";116;112.1;6.73;13.08;6.35;""
"HD 125377";"Vir";"120392";"14 18 53 +03 53 33";"STF 1832 AB";"2017";"57";161;0.4;9.37;9.69;0.32;""
"HD 125906";"Vir";"139897";"14 22 39 -07 46 04";"STF 1833 AB";"2023";"122";176;6.0;7.51;7.52;0.01;""
"";"Vir";"139898";"14 22 39 -07 46 11";"STF 1833 BC";"2016";"4";200;90.7;7.52;12.90;5.38;""
"HD 125796";"Boo";"45000";"14 20 18 +48 30 25";"STF 1834";"2023";"259";101;1.7;8.09;8.29;0.20;"Y"
"HD 126128";"Boo";"120426";"14 23 23 +08 26 48";"STF 1835 A,BC";"2020";"196";197;6.4;5.03;6.78;1.75;""
"";"UMi";"16331";"14 17 49 +69 18 49";"STF 1836";"2017";"19";109;21.4;10.74;11.25;0.51;""
"HD 126251";"Lib";"158550";"14 24 41 -11 40 11";"STF 1837";"2023";"118";268;1.1;6.87;7.94;1.07;"Y"
"HD 126246";"Boo";"101009";"14 24 06 +11 14 49";"STF 1838";"2023";"109";335;9.6;7.47;7.73;0.26;""
"HD 126049";"Boo";"29115";"14 21 27 +53 53 51";"STF 1839";"2021";"52";81;14.5;8.84;8.92;0.08;""
"HD 126028";"UMi";"16342";"14 19 55 +67 46 57";"STF 1840 AB";"2017";"36";221;27.2;6.95;10.05;3.10;""
"HD 126228";"UMi";"16352";"14 21 08 +67 48 10";"STF 1841 AB";"2017";"12";264;34.7;7.32;11.07;3.75;""
"HD 126698";"Vir";"120466";"14 26 58 +03 41 16";"STF 1842";"2018";"66";198;2.7;9.22;9.24;0.02;""
"HD 126531";"Boo";"45045";"14 24 39 +47 49 50";"STF 1843 AB";"2024";"48";186;19.5;7.68;9.23;1.55;""
"";"Boo";"45045";"14 24 39 +47 49 50";"STF 1843 AC";"2024";"21";63;100.3;7.68;9.72;2.04;""
"";"UMi";"7987";"14 17 44 +76 47 47";"STF 1844";"2016";"18";209;1.9;9.77;10.89;1.12;""
"HD 126551";"UMa";"16365";"14 23 43 +61 56 14";"STF 1845";"2015";"38";311;44.1;8.34;12.04;3.70;""
"Elgafar";"Vir";"139951";"14 28 12 -02 13 41";"STF 1846 AB";"2016";"70";111;5.2;4.92;10.02;5.10;""
"";"Vir";"139951";"14 28 12 -02 13 41";"STF 1846 AC";"2016";"5";201;90.2;4.92;13.73;8.81;""
"HD 126916";"Lib";"139956";"14 28 40 -10 12 19";"STF 1847";"2017";"51";271;37.5;9.01;10.00;0.99;""
"HD 126944";"Boo";"64149";"14 27 45 +32 57 03";"STF 1848";"2019";"28";356;3.1;8.67;11.69;3.02;""
"HD 126408";"UMi";"7994";"14 19 49 +76 42 02";"STF 1849";"2016";"23";10;0.9;9.70;10.09;0.39;""
"HD 127067";"Boo";"83374";"14 28 33 +28 17 26";"STF 1850";"2023";"111";262;25.3;7.11;7.56;0.45;""
"";"Cam";"2361";"14 17 11 +79 51 38";"STF 1851";"2015";"17";329;10.5;9.78;12.30;2.52;""
"HD 127168";"Vir";"139969";"14 30 00 -04 14 50";"STF 1852";"2017";"25";267;24.9;7.09;10.60;3.51;""
"HD 127228";"Vir";"120500";"14 30 06 +06 17 12";"STF 1853";"2019";"28";83;2.7;9.20;9.80;0.60;""
"HD 127304";"Boo";"64178";"14 29 50 +31 47 28";"STF 1854 AB";"2017";"25";255;26.7;6.05;10.62;4.57;""
"HD 127930";"Boo";"64206";"14 32 23 +31 38 12";"STF 1855 AB";"2021";"42";247;15.7;9.24;9.94;0.70;""
"";"Boo";"";"14 32 22 +31 38 06";"STF 1855 BC";"2015";"10";261;17.6;9.94;14.50;4.56;""
"";"Boo";"101085";"14 34 40 +10 10 18";"STF 1857";"2015";"14";354;16.8;10.02;12.49;2.47;""
"HD 128041";"Boo";"64213";"14 33 36 +35 35 08";"STF 1858 AB";"2020";"117";38;3.1;8.13;8.98;0.85;"Y"
"";"Boo";"64213";"14 33 36 +35 35 08";"STF 1858 AC";"2016";"9";336;19.6;8.13;14.30;6.17;""
"";"Boo";"64213";"14 33 36 +35 35 08";"STF 1858 AD";"2016";"7";326;39.2;8.13;14.70;6.57;""
"HD 126916";"UMi";"8027";"14 28 32 +73 03 18";"STF 1859";"2017";"24";233;19.8;8.63;10.12;1.49;""
"HD 128230";"Dra";"29198";"14 33 52 +55 14 10";"STF 1860";"2021";"42";113;1.0;7.99;8.97;0.98;""
"HD 128460";"Boo";"101103";"14 36 42 +12 10 10";"STF 1861 AB";"2017";"43";174;13.9;9.73;10.28;0.55;""
"";"Boo";"101103";"14 36 42 +12 10 10";"STF 1861 AC";"2015";"9";300;43.3;9.73;14.19;4.46;""
"";"Boo";"101116";"14 37 49 +14 54 10";"STF 1862";"2017";"31";125;14.9;9.31;10.51;1.20;""
"HD 128941";"Boo";"29224";"14 38 01 +51 34 42";"STF 1863";"2023";"214";59;0.7;7.71;7.80;0.09;"Y"
"Pi1 Boo";"Boo";"101138";"14 40 44 +16 25 06";"STF 1864 AB";"2023";"416";114;5.4;4.88;5.79;0.91;""
"";"Boo";"101138";"14 40 44 +16 25 06";"STF 1864 AC";"2023";"26";165;127.8;4.88;10.63;5.75;""
"";"Boo";"101145";"14 41 09 +13 43 42";"STF 1865 AB";"2023";"764";240;0.1;4.46;4.55;0.09;"Y"
"HD 129337";"Boo";"120604";"14 41 45 +09 31 39";"STF 1866";"2021";"82";204;0.7;8.48;8.65;0.17;""
"HD 129260";"Boo";"64268";"14 40 44 +31 17 24";"STF 1867";"2018";"147";352;0.7;8.36;8.83;0.47;"Y"
"HD 129431";"Vir";"140087";"14 42 40 -05 57 52";"STF 1869";"2015";"31";131;25.9;8.43;9.52;1.09;""
"HD 129538";"Boo";"120618";"14 42 55 +08 04 34";"STF 1870";"2021";"28";228;4.8;7.46;9.98;2.52;""
"HD 129600";"Boo";"29246";"14 41 36 +51 23 51";"STF 1871";"2019";"173";313;1.8;8.02;8.07;0.05;"Y"
"HD 129580";"Dra";"29244";"14 41 01 +57 57 28";"STF 1872 AB";"2021";"117";50;7.6;7.53;8.32;0.79;"Y"
"";"Dra";"29244";"14 41 01 +57 57 28";"STF 1872 AC";"2015";"16";42;75.7;7.53;10.61;3.08;""
"HD 129868";"Boo";"120635";"14 44 48 +07 42 04";"STF 1873";"2023";"59";94;6.7;7.96;8.35;0.39;""
"HD 129664";"Boo";"45180";"14 42 10 +49 07 27";"STF 1874";"2015";"29";289;27.2;8.82;10.17;1.35;""
"";"Boo";"64296";"14 43 39 +37 44 58";"STF 1875";"2019";"48";128;3.1;10.22;10.24;0.02;""
"HD 130089";"Vir";"140128";"14 46 22 -07 22 49";"STF 1876 AB";"2018";"98";114;1.2;8.46;8.62;0.16;"Y"
"";"Vir";"140128";"14 46 22 -07 22 49";"STF 1876 AC";"2018";"15";292;50.0;8.46;12.87;4.41;""
"Izar";"Boo";"83500";"14 44 59 +27 04 30";"STF 1877 AB";"2023";"478";347;3.0;2.58;4.81;2.23;""
"";"Boo";"83500";"14 44 59 +27 04 30";"STF 1877 AC";"2020";"7";254;174.1;2.58;12.58;10.00;""
"DL Dra";"Dra";"16466";"14 42 03 +61 15 43";"STF 1878";"2023";"57";313;4.0;6.33;9.16;2.83;"Y"
"";"Boo";"120651";"14 46 16 +09 38 48";"STF 1879 AB";"2023";"326";80;1.7;7.79;8.45;0.66;"Y"
"HD 130145";"Boo";"120651";"14 46 16 +09 38 48";"STF 1879 AB,C";"2016";"8";232;38.9;7.32;12.10;4.78;""
"";"Boo";"120651";"14 46 16 +09 38 48";"STF 1879 AB,D";"2023";"10";232;118.7;7.32;10.80;3.48;""
"HD 127645";"UMi";"205687";"14 33 15 +79 46 26";"STF 1880";"2017";"26";253;26.1;10.42;11.73;1.31;""
"HD 130256";"Vir";"120657";"14 47 05 +00 58 15";"STF 1881";"2017";"42";0;3.5;6.74;8.81;2.07;""
"HD 130173";"Dra";"16478";"14 44 04 +61 05 54";"STF 1882 AB";"2020";"53";0;11.3;6.92;9.23;2.31;""
"";"Dra";"16478";"14 44 04 +61 05 54";"STF 1882 AC";"2015";"6";37;7.2;6.92;10.50;3.58;""
"HD 130604";"Vir";"120673";"14 48 53 +05 57 16";"STF 1883";"2023";"349";277;1.1;7.02;8.95;1.93;"Y"
"HD 130603";"Boo";"83535";"14 48 23 +24 22 01";"STF 1884";"2023";"173";55;2.4;6.58;7.48;0.90;"Y"
"";"Vir";"";"14 50 33 -00 01 27";"STF 1885";"2017";"52";145;4.1;8.78;9.11;0.33;""
"HD 131023";"Boo";"120697";"14 51 02 +09 43 25";"STF 1886 AB";"2024";"42";226;7.3;7.61;9.73;2.12;""
"HD 126047";"UMi";"2326";"13 54 57 +87 23 44";"STF 1887";"2016";"14";227;3.6;9.18;11.20;2.02;""
"Xi Boo";"Boo";"101250";"14 51 23 +19 06 02";"STF 1888 AB";"2023";"1473";292;5.0;4.76;6.95;2.19;"Y"
"";"Boo";"101250";"14 51 23 +19 06 02";"STF 1888 AC";"2015";"25";340;71.3;4.76;13.83;9.07;""
"";"Boo";"101250";"14 51 23 +19 06 02";"STF 1888 AD";"2015";"24";286;160.8;4.76;11.73;6.97;""
"";"Boo";"101250";"14 51 23 +19 06 07";"STF 1888 BC";"2016";"9";343;67.0;6.95;13.83;6.88;""
"";"Boo";"101250";"14 51 23 +19 06 07";"STF 1888 BE";"2016";"15";99;273.1;6.95;8.65;1.70;""
"HD 131040";"Boo";"29296";"14 49 32 +51 22 28";"STF 1889 AB";"2020";"29";93;15.1;6.53;9.64;3.11;""
"39 Boo";"Boo";"45231";"14 49 41 +48 43 16";"STF 1890";"2023";"196";46;2.9;6.31;6.67;0.36;"Y"
"HD 131763";"Boo";"64392";"14 54 30 +34 05 15";"STF 1891";"2019";"54";246;3.5;8.69;10.07;1.38;""
"HD 238401";"Dra";"29318";"14 52 37 +59 03 04";"STF 1892";"2019";"22";236;3.1;9.68;10.48;0.80;""
"HD 132049";"Boo";"83588";"14 56 15 +29 28 28";"STF 1893";"2019";"84";207;22.8;9.28;11.18;1.90;""
"18 Lib";"Lib";"158946";"14 58 54 -11 08 38";"STF 1894 AB";"2022";"35";38;19.9;6.00;9.83;3.83;""
"";"Lib";"158946";"14 58 54 -11 08 38";"STF 1894 AC";"2016";"14";42;175.1;6.00;11.41;5.41;""
"HD 132357";"Boo";"45298";"14 57 28 +40 09 42";"STF 1895";"2017";"47";42;12.7;8.27;8.88;0.61;""
"HD 132563";"Boo";"45312";"14 58 22 +44 02 36";"STF 1896 AB";"2020";"53";276;4.1;8.97;9.47;0.50;""
"";"Boo";"45312";"14 58 22 +44 02 36";"STF 1896 AC";"2015";"9";342;65.7;8.99;10.93;1.94;""
"HD 132188";"UMi";"16544";"14 53 35 +69 45 46";"STF 1897";"2017";"20";318;36.0;7.61;10.99;3.38;""
"HD 132422";"Dra";"29346";"14 56 30 +59 22 48";"STF 1898 AB";"2019";"36";217;2.9;8.26;10.32;2.06;""
"HD 132883";"Lib";"140278";"15 01 35 -03 09 50";"STF 1899";"2020";"32";67;28.6;6.69;10.15;3.46;""
"HD 132971";"Boo";"64464";"15 00 58 +31 22 38";"STF 1901";"2017";"61";183;18.7;8.71;10.55;1.84;""
"HD 133031";"Boo";"101334";"15 01 52 +15 47 18";"STF 1902";"2021";"37";191;26.2;8.99;9.61;0.62;""
"HD 133292";"Vir";"";"15 03 05 +02 02 26";"STF 1903";"2015";"13";328;47.0;10.46;10.69;0.23;""
"HD 133408";"Vir";"120822";"15 04 06 +05 29 34";"STF 1904";"2018";"80";348;10.1;7.19;7.37;0.18;""
"HD 132844";"UMi";"8125";"14 56 48 +70 49 58";"STF 1905";"2020";"49";163;3.0;9.05;9.43;0.38;""
"HD 133141";"UMi";"8134";"14 58 22 +71 08 27";"STF 1906 AB";"2017";"19";203;16.9;8.48;10.18;1.70;""
"";"UMi";"8134";"14 58 22 +71 08 27";"STF 1906 AC";"2017";"23";262;72.1;8.48;11.47;2.99;""
"HD 133708";"Boo";"101368";"15 05 33 +11 37 53";"STF 1907";"2018";"72";348;0.9;9.13;9.13;0.00;""
"Pi Boo";"Boo";"64492";"15 04 56 +34 28 03";"STF 1908 AB";"2017";"68";152;1.3;9.23;10.31;1.08;""
"";"Boo";"64492";"15 04 56 +34 28 03";"STF 1908 AC";"2015";"4";106;60.7;9.23;13.19;3.96;""
"44 Boo";"Boo";"45357";"15 03 47 +47 39 15";"STF 1909";"2024";"867";216;0.7;5.20;6.10;0.90;"Y"
"HD 134066";"Boo";"120851";"15 07 33 +09 13 34";"STF 1910";"2023";"200";212;3.9;7.35;7.54;0.19;""
"";"Boo";"101384";"15 07 41 +11 58 15";"STF 1911";"2018";"35";292;2.0;10.04;10.41;0.37;""
"HD 133740";"Vir";"120864";"15 09 03 +05 12 12";"STF 1912";"2018";"41";153;7.0;9.01;9.73;0.72;""
"HD 134755";"Lib";"140372";"15 11 45 -05 28 58";"STF 1914";"2017";"35";334;30.8;8.33;9.59;1.26;""
"HD 131616";"UMi";"2433";"14 33 18 +85 56 18";"STF 1915";"2016";"13";319;2.4;7.33;9.69;2.36;""
"HD 134679";"Boo";"64528";"15 09 54 +38 58 33";"STF 1916";"2018";"32";332;9.8;8.40;10.60;2.20;""
"HD 135022";"Ser";"101431";"15 12 33 +15 22 34";"STF 1917";"2019";"53";232;2.5;9.84;9.91;0.07;""
"PX Dra";"Dra";"16606";"15 07 50 +63 07 02";"STF 1918";"2020";"24";20;17.8;6.89;10.29;3.40;""
"HD 135101";"Ser";"101437";"15 12 43 +19 17 10";"STF 1919";"2020";"136";11;23.2;6.71;7.38;0.67;""
"HD 134942";"Boo";"45415";"15 10 48 +46 51 01";"STF 1920";"2021";"33";109;18.7;9.92;9.98;0.06;""
"HD 135076";"Boo";"64551";"15 12 00 +38 40 12";"STF 1921 AB";"2017";"55";283;30.3;8.56;8.74;0.18;""
"HD 135264";"Ser";"101451";"15 13 47 +14 26 54";"STF 1923 AB";"2018";"45";11;4.8;9.07;10.14;1.07;""
"";"Boo";"83724";"15 14 07 +25 45 26";"STF 1924";"2020";"25";306;15.2;9.71;10.88;1.17;""
"HD 135725";"Lib";"140428";"15 16 53 -08 17 08";"STF 1925 AB";"2016";"74";17;6.3;8.14;9.85;1.71;""
"";"Lib";"140428";"15 16 53 -08 17 08";"STF 1925 AC";"2015";"8";293;63.0;8.14;14.42;6.28;""
"";"Lib";"140428";"15 16 53 -08 17 08";"STF 1925 AD";"2015";"7";285;118.4;8.14;14.39;6.25;""
"";"Lib";"140428";"15 16 53 -08 17 08";"STF 1925 AE";"2015";"6";275;209.3;8.14;12.30;4.16;""
"HD 135631";"Boo";"64585";"15 14 57 +38 18 04";"STF 1926 AB";"2016";"95";222;0.3;7.35;9.01;1.66;""
"BV Dra";"Dra";"16636";"15 11 50 +61 51 25";"STF 1927 AB";"2017";"53";353;16.1;8.12;8.81;0.69;""
"HD 135319";"UMi";"8177";"15 09 17 +72 27 16";"STF 1928";"2017";"30";275;6.5;9.56;10.24;0.68;""
"";"Boo";"64606";"15 16 39 +33 39 07";"STF 1929";"2017";"24";8;6.5;9.79;11.80;2.01;""
"5 Ser";"Ser";"120946";"15 19 19 +01 45 56";"STF 1930 AB";"2023";"58";35;11.4;5.06;10.11;5.05;""
"";"Ser";"120946";"15 19 19 +01 45 56";"STF 1930 AC";"2020";"10";17;152.2;5.06;13.09;8.03;""
"";"Ser";"120946";"15 19 19 +01 45 56";"STF 1930 AD";"2016";"11";272;718.8;5.06;10.35;5.29;""
"HD 136160";"Ser";"101480";"15 18 42 +10 25 40";"STF 1931 AB";"2018";"110";166;13.4;7.20;8.07;0.87;""
"";"Ser";"101480";"15 18 42 +10 25 40";"STF 1931 AC";"2015";"10";93;172.9;7.20;12.69;5.49;""
"HD 136176";"CrB";"83756";"15 18 20 +26 50 25";"STF 1932 AB";"2023";"610";268;1.6;7.32;7.41;0.09;"Y"
"";"UMi";"8168";"15 05 14 +79 03 34";"STF 1933";"2017";"16";275;24.0;9.43;11.75;2.32;""
"HD 136136";"Boo";"45471";"15 17 22 +43 47 37";"STF 1934 AB";"2017";"151";13;9.8;9.46;9.63;0.17;""
"";"Boo";"45471";"15 17 22 +43 47 37";"STF 1934 AC";"2015";"19";217;138.9;9.46;11.55;2.09;""
"HD 136526";"CrB";"64641";"15 20 13 +30 41 44";"STF 1935";"2021";"46";289;8.6;9.91;10.19;0.28;""
"";"CrB";"";"15 21 08 +27 02 23";"STF 1936";"2015";"25";231;19.8;9.92;10.09;0.17;""
"";"CrB";"64673";"15 23 12 +30 17 18";"STF 1937 AB";"2024";"1112";356;0.7;5.64;5.95;0.31;"Y"
"";"CrB";"64673";"15 23 12 +30 17 18";"STF 1937 AB,C";"2023";"13";357;76.8;4.98;13.35;8.37;""
"Eta CrB";"CrB";"64673";"15 23 12 +30 17 18";"STF 1937 AB,D";"2023";"11";40;218.1;4.98;11.00;6.02;""
"";"Boo";"64687";"15 24 31 +37 20 52";"STF 1938 Ba,Bb";"2023";"770";2;2.3;7.09;7.63;0.54;"Y"
"HD 137631";"Lib";"159271";"15 27 30 -10 57 45";"STF 1939";"2016";"40";130;9.7;8.22;9.32;1.10;""
"HD 137557";"Ser";"101554";"15 26 09 +18 10 16";"STF 1940";"2018";"73";331;0.3;8.46;8.88;0.42;""
"HD 137529";"CrB";"83814";"15 25 43 +26 37 40";"STF 1941";"2017";"69";212;1.4;9.65;9.77;0.12;""
"HD 137556";"Ser";"83816";"15 26 03 +21 27 36";"STF 1942";"2019";"39";91;9.7;9.49;10.68;1.19;""
"HD 137762";"Ser";"121012";"15 27 38 +05 22 06";"STF 1943";"2019";"52";148;5.1;9.29;9.58;0.29;""
"HD 137761";"Ser";"121013";"15 27 42 +06 06 04";"STF 1944";"2022";"136";289;0.7;8.32;8.79;0.47;"Y"
"";"Ser";"";"15 28 01 +14 41 57";"STF 1945 AB";"2022";"50";314;41.9;10.12;10.62;0.50;""
"";"Ser";"";"15 28 01 +14 41 57";"STF 1945 AC";"2017";"35";309;49.2;10.12;10.62;0.50;""
"";"Ser";"";"15 28 01 +14 41 57";"STF 1945 AD";"2015";"9";18;23.4;10.12;15.80;5.68;""
"";"Ser";"";"15 28 01 +14 41 57";"STF 1945 AE";"2015";"15";53;146.5;10.12;11.98;1.86;""
"";"Ser";"";"15 27 59 +14 42 23";"STF 1945 BC";"2022";"46";281;9.4;10.62;10.62;0.00;""
"";"Boo";"64711";"15 27 09 +39 29 36";"STF 1946";"2021";"29";344;7.5;9.34;10.87;1.53;""
"FL Boo";"Boo";"64715";"15 28 10 +38 21 38";"STF 1947";"2021";"43";26;6.8;9.98;10.39;0.41;""
"HD 137972";"Dra";"29528";"15 26 35 +54 53 56";"STF 1948";"2017";"34";47;12.8;8.71;9.65;0.94;""
"";"Ser";"101588";"15 30 38 +13 03 23";"STF 1949";"2017";"28";213;16.5;10.16;10.25;0.09;""
"HD 138232";"Ser";"83852";"15 29 58 +25 30 31";"STF 1950";"2020";"87";91;3.3;8.07;9.23;1.16;""
"HD 138305";"CrB";"83857";"15 30 20 +27 39 30";"STF 1951";"2023";"33";294;17.6;7.89;11.88;3.99;""
"HD 138455";"Ser";"121047";"15 31 55 +09 39 39";"STF 1952 AB,C";"2019";"41";220;16.1;8.70;10.12;1.42;""
"HD 138596";"Ser";"121056";"15 32 57 +05 30 32";"STF 1953";"2018";"32";252;6.7;9.65;10.58;0.93;""
"Del Ser";"Ser";"101624";"15 34 48 +10 32 20";"STF 1954 AB";"2022";"523";171;4.0;4.17;5.16;0.99;"Y"
"";"Ser";"101624";"15 34 48 +10 32 20";"STF 1954 AC";"2016";"8";19;66.1;4.17;13.90;9.73;""
"";"Ser";"225921";"15 34 49 +10 33 23";"STF 1954 CD";"2018";"10";341;4.0;13.90;14.60;0.70;""
"";"CrB";"83885";"15 33 51 +26 42 30";"STF 1955 AB";"2017";"44";237;7.8;9.84;10.32;0.48;""
"HD 138884";"Boo";"45606";"15 33 16 +41 48 34";"STF 1956";"2019";"68";225;0.3;8.57;9.85;1.28;""
"HD 139086";"Ser";"101633";"15 35 51 +12 54 59";"STF 1957";"2013";"94";132;0.3;7.96;9.43;1.47;"Y"
"HD 138684";"UMi";"16749";"15 29 24 +67 12 16";"STF 1958";"2016";"24";337;29.6;9.63;9.97;0.34;""
"";"CrB";"64786";"15 34 44 +34 43 23";"STF 1959";"2018";"24";244;2.2;9.79;10.81;1.02;""
"";"Ser";"121092";"15 36 36 +09 14 45";"STF 1960";"2019";"27";320;12.1;9.96;10.52;0.56;""
"";"Boo";"";"15 34 35 +43 31 29";"STF 1961 AB";"2015";"45";20;28.6;10.07;10.17;0.10;""
"";"Boo";"";"15 34 35 +43 31 29";"STF 1961 AC";"2020";"11";326;56.1;10.07;13.38;3.31;""
"178 Lib";"Lib";"140672";"15 38 40 -08 47 29";"STF 1962";"2019";"112";188;11.7;6.44;6.49;0.05;""
"HD 139569";"CrB";"64818";"15 37 54 +30 06 10";"STF 1963 AB";"2019";"131";298;5.2;8.54;8.85;0.31;""
"";"CrB";"64818";"15 37 54 +30 06 10";"STF 1963 AC";"2017";"9";116;32.4;8.54;13.58;5.04;""
"";"CrB";"64821";"15 38 13 +36 14 49";"STF 1964 AC";"2021";"83";86;15.0;8.07;8.06;0.01;""
"";"CrB";"64821";"15 38 13 +36 14 49";"STF 1964 AD";"2021";"20";80;15.8;8.07;9.02;0.95;""
"";"CrB";"64821";"15 38 14 +36 14 50";"STF 1964 CD";"2019";"72";21;1.5;8.06;9.02;0.96;"Y"
"Zet1 CrB";"CrB";"64834";"15 39 23 +36 38 09";"STF 1965";"2024";"346";306;6.3;4.96;5.91;0.95;""
"HD 140069";"Lib";"159446";"15 41 60 -11 08 28";"STF 1966";"2015";"31";52;23.1;9.26;9.40;0.14;""
"Gam CrB";"CrB";"83958";"15 42 45 +26 17 44";"STF 1967";"2021";"493";121;0.6;4.04;5.60;1.56;"Y"
"HD 140731";"Ser";"140735";"15 45 23 -01 23 29";"STF 1968";"2017";"27";93;14.4;9.49;10.49;1.00;""
"HD 140590";"Dra";"16813";"15 41 16 +59 59 17";"STF 1969";"2017";"79";30;1.1;9.14;9.50;0.36;"Y"
"Chow";"Ser";"101725";"15 46 11 +15 25 19";"STF 1970 AB";"2023";"57";264;30.3;3.66;9.96;6.30;""
"";"Ser";"101725";"15 46 11 +15 25 19";"STF 1970 AC";"2015";"13";211;201.7;3.65;10.98;7.33;""
"";"UMi";"8288";"15 35 13 +75 20 16";"STF 1971";"2017";"16";315;14.9;9.64;11.99;2.35;""
"Pi1 UMi";"UMi";"2556";"15 29 11 +80 26 55";"STF 1972 AB";"2018";"107";79;31.6;6.64;7.30;0.66;""
"";"UMi";"2556";"15 29 11 +80 26 55";"STF 1972 AC";"2020";"9";101;188.1;6.64;11.40;4.76;""
"HD 141186";"CrB";"64893";"15 46 24 +36 26 46";"STF 1973";"2021";"48";321;30.6;7.60;8.79;1.19;""
"HD 141423";"Ser";"140780";"15 49 12 -03 14 01";"STF 1974";"2018";"55";158;2.5;8.95;9.12;0.17;""
"HD 141060";"Dra";"16827";"15 42 42 +67 03 60";"STF 1975";"2015";"12";43;18.9;8.09;11.80;3.71;""
"HD 141242";"Dra";"29644";"15 44 55 +59 25 43";"STF 1976 AB";"2016";"33";71;19.3;9.66;9.92;0.26;""
"";"Dra";"29644";"15 44 55 +59 25 43";"STF 1976 AC";"2015";"13";214;132.7;9.66;11.58;1.92;""
"";"Dra";"29644";"15 44 55 +59 25 43";"STF 1976 AD";"2015";"9";336;16.5;9.66;14.50;4.84;""
"QX Ser";"Ser";"84018";"15 49 33 +25 27 37";"STF 1977 AB";"2019";"32";356;13.9;8.76;10.95;2.19;""
"";"Ser";"101772";"15 50 55 +14 40 43";"STF 1978";"2019";"35";233;14.8;9.19;10.13;0.94;""
"";"Ser";"84031";"15 50 39 +22 28 35";"STF 1979";"2019";"35";246;9.3;9.58;10.14;0.56;""
"";"UMi";"2568";"15 32 27 +81 03 10";"STF 1980";"2021";"28";48;10.2;9.15;9.52;0.37;""
"HD 141812";"Ser";"84039";"15 51 16 +25 08 39";"STF 1981";"2018";"21";4;12.1;9.37;10.86;1.49;""
"HD 141892";"Her";"45751";"15 49 51 +42 47 20";"STF 1982";"2019";"46";299;4.8;9.95;10.12;0.17;""
"NSV7301";"CrB";"257325";"15 51 58 +35 27 39";"STF 1983";"2015";"34";64;14.1;10.19;11.74;1.55;""
"HD 142282";"Dra";"29691";"15 51 10 +52 54 25";"STF 1984 AB";"2019";"78";279;6.4;6.89;8.94;2.05;""
"";"Dra";"29691";"15 51 10 +52 54 25";"STF 1984 AC";"2020";"8";97;173.5;6.89;13.37;6.48;""
"HD 142661";"Ser";"140842";"15 55 55 -02 09 51";"STF 1985";"2023";"194";355;6.0;7.03;8.65;1.62;"Y"
"HD 142658";"Ser";"101817";"15 55 30 +10 06 17";"STF 1986";"2017";"38";93;14.7;8.86;9.85;0.99;""
"HD 142930";"Ser";"121277";"15 57 15 +03 24 19";"STF 1987";"2017";"63";321;10.6;7.31;8.71;1.40;""
"HD 142910";"Ser";"101829";"15 56 46 +12 28 41";"STF 1988";"2023";"148";248;1.7;7.59;7.84;0.25;""
"Pi2 UMi";"UMi";"2588";"15 39 39 +79 58 60";"STF 1989";"2023";"125";21;0.6;7.32;8.15;0.83;"Y"
"HD 143314";"Ser";"84115";"15 58 53 +21 47 28";"STF 1990 AB";"2017";"36";61;56.6;8.63;9.25;0.62;""
"";"Ser";"84115";"15 58 53 +21 47 28";"STF 1990 AC";"2017";"29";60;58.5;8.63;9.29;0.66;""
"";"Ser";"84118";"15 58 57 +21 47 55";"STF 1990 BC";"2019";"50";26;4.0;9.25;9.29;0.04;""
"HD 143208";"Her";"45802";"15 57 27 +41 39 43";"STF 1991 AB";"2019";"42";195;3.0;9.45;10.41;0.96;""
"";"Her";"45802";"15 57 27 +41 39 43";"STF 1991 AC";"2015";"15";87;95.0;9.45;8.82;0.63;""
"HD 143480";"Ser";"101864";"16 00 16 +11 40 13";"STF 1992 AB,C";"2019";"64";326;6.9;9.46;9.72;0.26;""
"HD 143456";"Ser";"101858";"15 59 47 +17 22 35";"STF 1993 AB";"2018";"84";43;20.1;8.59;8.88;0.29;""
"";"Ser";"101858";"15 59 47 +17 22 35";"STF 1993 AC";"2017";"15";179;239.3;8.59;10.03;1.44;""
"";"Ser";"";"15 59 47 +17 18 35";"STF 1994 CD";"2017";"16";337;17.1;10.03;12.48;2.45;""
"HD 143552";"Ser";"101870";"16 00 27 +14 39 09";"STF 1995";"2018";"27";319;14.3;9.28;10.10;0.82;""
"HD 238521";"Dra";"29725";"15 56 31 +57 16 58";"STF 1996 AB";"2016";"30";108;19.4;10.22;10.65;0.43;""
"";"Dra";"29725";"15 56 31 +57 16 58";"STF 1996 AC";"2015";"16";141;162.0;10.22;10.59;0.37;""
"HD 141146";"UMi";"8348";"15 47 53 +77 46 09";"STF 1997";"2017";"13";339;18.3;9.31;12.16;2.85;""
"Xi Sco";"Sco";"159665";"16 04 22 -11 22 23";"STF 1998 AB";"2023";"644";17;1.1;4.84;4.86;0.02;"Y"
"";"Sco";"159665";"16 04 22 -11 22 23";"STF 1998 AC";"2023";"394";42;8.0;4.84;7.30;2.46;"Y"
"";"Sco";"159665";"16 04 22 -11 22 20";"STF 1998 BC";"2023";"80";45;7.1;4.86;7.30;2.44;""
"HD 144087";"Sco";"159668";"16 04 26 -11 26 58";"STF 1999 AB";"2020";"175";98;11.9;7.43;7.99;0.56;""
"";"Sco";"159668";"16 04 26 -11 26 58";"STF 1999 AC";"2015";"12";85;84.5;7.43;11.41;3.98;""
"";"Sco";"159668";"16 04 26 -11 26 58";"STF 1999 AD";"2015";"28";349;279.7;7.43;4.10;3.33;""
"";"Sco";"159670";"16 04 27 -11 26 60";"STF 1999 BC";"2015";"10";82;73.0;7.99;11.41;3.42;""
"HD 143993";"Ser";"101894";"16 03 02 +13 59 29";"STF 2000 AB";"2020";"59";226;2.6;8.42;9.22;0.80;""
"HD 143874";"Her";"45842";"16 01 13 +41 50 02";"STF 2001 AB";"2017";"23";168;11.5;10.01;10.98;0.97;""
"HD 144060";"UMi";"2619";"15 47 36 +83 16 26";"STF 2002";"2017";"17";312;42.2;8.81;10.61;1.80;""
"43 Ser";"Ser";"101898";"16 03 40 +11 26 01";"STF 2003";"2022";"29";170;14.3;7.27;10.47;3.20;""
"HD 144111";"CrB";"84167";"16 03 12 +28 51 06";"STF 2004";"2017";"38";278;1.8;9.52;10.33;0.81;""
"";"Oph";"140945";"16 05 45 -06 17 28";"STF 2005 AC";"2019";"18";233;28.6;6.46;11.31;4.85;""
"";"Oph";"140945";"16 05 45 -06 17 28";"STF 2005 AD";"2015";"12";202;55.3;6.46;11.87;5.41;""
"";"Oph";"140945";"16 05 43 -06 17 46";"STF 2005 CD";"2015";"18";176;34.2;11.31;11.87;0.56;""
"HD 143988";"Dra";"29752";"16 00 18 +58 56 03";"STF 2006 AB";"2022";"52";180;1.5;8.48;9.96;1.48;""
"";"Dra";"29752";"16 00 18 +58 56 03";"STF 2006 AC";"2015";"41";211;48.0;8.48;9.74;1.26;""
"HD 144563";"Ser";"101922";"16 06 03 +13 19 16";"STF 2007 AB";"2019";"96";322;37.7;6.89;7.98;1.09;""
"";"Ser";"101922";"16 06 03 +13 19 16";"STF 2007 AC";"2020";"15";137;162.7;6.89;10.81;3.92;""
"HD 144764";"Ser";"140971";"16 07 36 -02 39 01";"STF 2008";"2021";"33";57;9.1;9.28;10.07;0.79;""
"HD 144328";"Dra";"16930";"16 01 59 +60 28 57";"STF 2009 AB";"2020";"36";301;17.0;9.42;10.71;1.29;""
"Marsic";"Her";"101951";"16 08 05 +17 02 49";"STF 2010 AB";"2023";"220";14;27.1;5.10;6.21;1.11;""
"";"Her";"101951";"16 08 05 +17 02 49";"STF 2010 AC";"2016";"7";212;62.7;5.10;13.40;8.30;""
"HD 144999";"CrB";"84205";"16 07 38 +28 59 44";"STF 2011 AB";"2017";"39";67;2.6;7.93;10.23;2.30;""
"HD 145207";"Oph";"141002";"16 09 60 -08 15 06";"STF 2012";"2015";"17";213;24.3;8.79;11.74;2.95;""
"";"UMi";"8383";"15 57 15 +76 28 44";"STF 2013";"2017";"42";274;20.5;10.02;11.01;0.99;""
"HD 145312";"Her";"45908";"16 08 38 +40 03 11";"STF 2014 AB";"2018";"28";91;8.4;8.62;10.41;1.79;""
"HD 145424";"Her";"45912";"16 08 55 +45 21 12";"STF 2015 AB";"2019";"61";159;3.0;8.24;9.52;1.28;""
"";"Her";"45912";"16 08 55 +45 21 12";"STF 2015 AC";"2015";"8";102;8.9;8.24;13.80;5.56;""
"";"Her";"45912";"16 08 55 +45 21 09";"STF 2015 BC";"2016";"6";83;7.6;9.52;13.80;4.28;""
"HD 145730";"Her";"101998";"16 12 07 +11 54 39";"STF 2016";"2019";"43";147;7.5;8.49;9.60;1.11;""
"12 Sco";"Her";"102001";"16 12 08 +14 32 56";"STF 2017";"2022";"62";258;29.8;8.60;9.13;0.53;""
"HD 145915";"Oph";"141042";"16 13 46 -07 38 44";"STF 2018";"2016";"17";355;19.6;9.29;11.00;1.71;""
"HD 145996";"Sco";"159803";"16 14 17 -10 24 52";"STF 2019 AB,C";"2018";"22";153;22.3;7.38;9.84;2.46;""
"";"UMi";"";"16 00 00 +76 15 23";"STF 2020 AB";"2018";"25";244;26.6;9.86;10.80;0.94;""
"49 Ser";"Her";"102018";"16 13 18 +13 31 37";"STF 2021 AB";"2021";"431";0;4.0;7.43;7.48;0.05;"Y"
"";"Her";"102018";"16 13 18 +13 31 37";"STF 2021 AC";"2001";"13";118;206.2;7.43;11.28;3.85;""
"HD 145976";"CrB";"84247";"16 12 45 +26 40 14";"STF 2022";"2018";"79";153;2.5;6.54;10.03;3.49;""
"HD 146136";"Her";"121448";"16 14 31 +05 31 21";"STF 2023";"2019";"88";222;1.8;8.70;9.38;0.68;""
"14 Sco";"Her";"45957";"16 11 48 +42 22 28";"STF 2024";"2023";"24";44;23.2;5.86;10.73;4.87;""
"HD 145873";"Her";"45953";"16 11 12 +47 33 36";"STF 2025";"2021";"23";163;2.5;8.03;9.75;1.72;""
"HD 146413";"Her";"121460";"16 15 57 +07 21 25";"STF 2026 AB";"2019";"328";16;3.5;9.48;9.86;0.38;"Y"
"HD 146265";"Her";"121453";"16 15 17 +04 15 47";"STF 2027";"2019";"68";80;1.9;8.77;8.86;0.09;""
"HD 146100";"CrB";"65149";"16 12 48 +39 21 36";"STF 2028";"2022";"61";145;0.5;9.88;9.14;0.74;"Y"
"HD 146168";"CrB";"84258";"16 13 48 +28 43 56";"STF 2029";"2018";"52";187;6.0;7.95;9.62;1.67;""
"HD 146080";"Her";"45965";"16 12 43 +40 46 54";"STF 2030";"2018";"28";239;5.7;7.91;10.16;2.25;""
"HD 146433";"Ser";"141069";"16 16 20 -01 38 54";"STF 2031 AB";"2017";"28";229;20.9;7.18;11.00;3.82;""
"";"Ser";"141069";"16 16 20 -01 38 54";"STF 2031 AC";"2017";"7";26;92.9;7.13;12.96;5.83;""
"Sig CrB";"CrB";"65165";"16 14 41 +33 51 31";"STF 2032 AB";"2024";"1137";240;7.3;5.62;6.49;0.87;"Y"
"";"CrB";"65165";"16 14 41 +33 51 31";"STF 2032 AC";"2021";"19";91;27.7;5.62;13.10;7.48;""
"";"CrB";"65165";"16 14 41 +33 51 31";"STF 2032 AD";"2024";"121";82;96.2;5.62;10.78;5.16;""
"";"CrB";"65165";"16 14 41 +33 51 31";"STF 2032 AE";"2021";"17";241;635.1;5.62;12.31;6.69;""
"";"CrB";"65165";"16 14 40 +33 51 27";"STF 2032 BD";"2021";"72";81;102.0;6.49;10.78;4.29;""
"HD 146773";"Ser";"141085";"16 18 11 -02 16 14";"STF 2033";"2017";"46";174;10.6;9.12;9.17;0.05;""
"HD 144463";"UMi";"2625";"15 48 43 +83 37 10";"STF 2034";"2023";"61";109;1.1;7.68;7.95;0.27;""
"";"Her";"84292";"16 18 09 +25 51 41";"STF 2035";"2020";"25";36;2.7;9.71;10.90;1.19;""
"";"UMi";"8438";"16 09 02 +72 33 33";"STF 2036 AB";"2018";"18";238;2.2;9.97;11.11;1.14;""
"";"Her";"102080";"16 18 49 +17 23 58";"STF 2037";"2017";"45";256;1.1;9.82;9.86;0.04;""
"HD 147737";"Oph";"121562";"16 23 31 +02 12 52";"STF 2038";"2015";"15";213;17.6;9.10;11.30;2.20;""
"HD 147665";"Her";"84331";"16 22 17 +24 44 32";"STF 2039";"2015";"13";344;11.6;8.80;12.23;3.43;""
"HD 147735";"Her";"102116";"16 23 06 +13 50 23";"STF 2040";"2018";"34";313;7.0;8.11;10.14;2.03;""
"HD 147411";"Ser";"121534";"16 21 48 +01 12 56";"STF 2041";"2016";"35";357;2.5;7.51;10.54;3.03;""
"HD 147812";"Her";"121590";"16 25 51 +05 42 07";"STF 2042";"2017";"23";134;9.7;8.59;11.40;2.81;""
"HD 148147";"Her";"102154";"16 25 27 +17 18 11";"STF 2043";"2018";"26";85;10.0;8.03;11.44;3.41;""
"HD 148086";"CrB";"65276";"16 24 10 +37 02 12";"STF 2044";"2024";"124";340;8.1;8.43;8.79;0.36;""
"HD 147803";"Dra";"17046";"16 20 18 +61 29 46";"STF 2045";"2018";"27";186;2.2;8.80;10.18;1.38;""
"20 Sco";"Dra";"17053";"16 20 54 +64 21 46";"STF 2046 AB";"2018";"34";221;8.0;9.73;10.30;0.57;""
"HD 148033";"Her";"46059";"16 23 09 +47 37 48";"STF 2047";"2019";"60";325;1.8;8.54;8.65;0.11;""
"HD 148515";"Oph";"141195";"16 28 49 -08 07 43";"STF 2048 AB";"2016";"56";297;5.6;6.58;9.74;3.16;""
"";"Oph";"141195";"16 28 49 -08 07 43";"STF 2048 AC";"2015";"7";302;130.6;6.58;12.70;6.12;""
"HD 148554";"Her";"84393";"16 27 55 +25 59 03";"STF 2049";"2021";"173";194;1.1;7.33;8.10;0.77;""
"HD 148759";"Oph";"159961";"16 30 50 -13 07 58";"STF 2050 AB";"2019";"22";218;5.7;8.27;9.72;1.45;""
"";"Oph";"159961";"16 30 50 -13 07 58";"STF 2050 AC";"2016";"16";295;140.7;8.27;9.32;1.05;""
"HD 148683";"Her";"102204";"16 29 25 +10 35 31";"STF 2051";"2019";"56";19;13.8;7.68;9.42;1.74;""
"HD 148653";"Her";"102200";"16 28 53 +18 24 51";"STF 2052 AB";"2022";"575";117;2.5;7.69;7.91;0.22;"Y"
"";"Her";"102200";"16 28 53 +18 24 51";"STF 2052 AC";"2016";"6";44;136.4;7.69;11.80;4.11;""
"";"Her";"65322";"16 28 21 +31 08 09";"STF 2053 AB";"2021";"22";351;21.6;9.95;10.84;0.89;""
"HD 148374";"Dra";"17073";"16 23 47 +61 41 47";"STF 2054 AB";"2023";"142";349;0.9;6.15;7.09;0.94;""
"Marfik";"Oph";"121658";"16 30 55 +01 59 03";"STF 2055 AB";"2023";"817";46;1.3;4.15;5.15;1.00;"Y"
"Lam Oph";"Oph";"121658";"16 30 55 +01 59 03";"STF 2055 AB,C";"2013";"10";169;119.6;3.82;11.84;8.02;""
"Marfik";"Oph";"121658";"16 30 55 +01 59 03";"STF 2055 AD";"2020";"9";247;308.1;4.15;10.93;6.78;""
"HD 148980";"Her";"121667";"16 31 39 +05 26 01";"STF 2056 AB";"2020";"45";313;6.9;7.76;9.22;1.46;""
"";"Her";"";"16 31 34 +19 16 38";"STF 2057 AB";"2019";"54";269;4.9;10.49;10.63;0.14;""
"";"Her";"";"16 31 34 +19 16 38";"STF 2057 AC";"2016";"11";47;174.5;10.49;10.55;0.06;""
"";"Her";"102226";"16 31 43 +19 18 36";"STF 2058 AB";"2018";"36";352;1.8;10.37;10.55;0.18;""
"";"Her";"102226";"16 31 43 +19 18 36";"STF 2058 AC";"2015";"16";141;15.3;10.37;12.30;1.93;""
"HD 149083";"Her";"65355";"16 30 56 +38 03 53";"STF 2059";"2018";"78";177;0.2;8.75;8.79;0.04;"Y"
"HD 148962";"Dra";"29959";"16 28 32 +56 44 08";"STF 2060";"2020";"37";247;3.8;10.19;10.26;0.07;""
"HD 149394";"Her";"65376";"16 33 12 +30 54 27";"STF 2061";"2018";"41";30;2.4;7.92;10.44;2.52;""
"HD 149414";"Her";"121705";"16 34 44 +08 45 54";"STF 2062";"2020";"26";109;2.5;9.07;10.61;1.54;""
"HD 149303";"Her";"46147";"16 31 47 +45 35 54";"STF 2063";"2020";"67";195;16.3;5.69;8.70;3.01;""
"";"Her";"";"16 34 35 +16 12 02";"STF 2064";"2015";"12";312;70.5;10.76;11.21;0.45;""
"";"Her";"46153";"16 32 41 +39 59 14";"STF 2065 AB";"2017";"29";215;32.0;9.16;9.68;0.52;""
"";"Her";"46153";"16 32 41 +39 59 14";"STF 2065 AC";"2015";"8";24;79.5;9.16;13.55;4.39;""
"";"UMi";"8501";"16 21 35 +76 20 03";"STF 2066";"2018";"24";56;5.3;9.98;10.17;0.19;""
"";"Her";"65381";"16 33 17 +38 55 21";"STF 2067";"2020";"28";297;2.9;9.88;10.92;1.04;""
"HD 149651";"Her";"46160";"16 33 55 +47 16 18";"STF 2068";"2020";"64";250;5.0;9.00;9.08;0.08;""
"HD 149930";"Her";"65427";"16 36 22 +33 49 18";"STF 2069";"2017";"18";82;35.7;7.07;11.03;3.96;""
"HD 150048";"Her";"102279";"16 37 44 +19 33 25";"STF 2070";"2015";"20";142;28.5;7.85;10.44;2.59;""
"HD 150236";"Her";"102290";"16 38 48 +13 40 50";"STF 2071";"2015";"28";310;24.9;9.80;10.29;0.49;""
"";"Her";"46178";"16 35 33 +47 40 59";"STF 2072";"2020";"40";179;5.1;9.80;10.59;0.79;""
"HD 150175";"Her";"102288";"16 38 43 +16 13 04";"STF 2073";"2015";"18";75;30.2;8.60;10.88;2.28;""
"";"Her";"121774";"16 40 35 +04 12 26";"STF 2074 BC";"2020";"16";316;25.7;6.92;11.40;4.48;""
"";"UMi";"2700";"16 20 14 +80 02 33";"STF 2075";"2015";"16";326;1.4;9.23;10.84;1.61;""
"";"Oph";"";"16 40 42 -00 09 15";"STF 2076 AB";"2019";"34";323;9.4;9.60;10.70;1.10;""
"";"Oph";"253651";"16 40 42 -00 09 15";"STF 2076 AC";"2015";"7";339;47.0;9.60;13.64;4.04;""
"";"UMi";"8524";"16 26 20 +76 29 18";"STF 2077";"2017";"17";308;17.4;9.27;10.67;1.40;""
"17 Dra";"Dra";"30013";"16 36 14 +52 55 28";"STF 2078 AB";"2022";"202";104;3.0;5.38;6.42;1.04;""
"HD 150340";"Her";"84521";"16 39 36 +23 00 06";"STF 2079";"2024";"80";91;16.8;7.56;8.13;0.57;""
"";"Her";"65455";"16 38 36 +38 19 35";"STF 2080 AB";"2021";"31";232;1.1;8.96;12.70;3.74;""
"";"Her";"65455";"16 38 36 +38 19 35";"STF 2080 AC";"2015";"8";221;107.4;8.96;11.98;3.02;""
"";"Her";"65455";"16 38 36 +38 19 35";"STF 2080 AD";"2007";"13";80;398.0;8.96;7.43;1.53;""
"HD 150764";"Oph";"121807";"16 43 03 +03 27 16";"STF 2081 AB";"2019";"18";322;20.1;7.44;10.50;3.06;""
"42 Her";"Her";"46210";"16 38 45 +48 55 42";"STF 2082";"2020";"31";92;28.1;4.90;11.80;6.90;""
"HD 150782";"Her";"121805";"16 42 44 +13 36 29";"STF 2083 AB";"2017";"43";334;12.7;9.13;9.56;0.43;""
"";"Her";"121805";"16 42 44 +13 36 29";"STF 2083 AC";"2015";"10";191;119.1;9.13;11.38;2.25;""
"Zet Her";"Her";"65485";"16 41 17 +31 36 10";"STF 2084";"2023";"863";88;1.5;2.95;5.40;2.45;"Y"
"HD 150781";"Her";"84550";"16 42 26 +21 35 34";"STF 2085 AB";"2020";"54";310;6.1;7.38;9.17;1.79;""
"HD 150935";"Oph";"";"16 44 18 -00 33 24";"STF 2086";"2017";"28";157;13.9;7.43;10.22;2.79;""
"HD 150828";"Her";"84552";"16 42 35 +23 40 02";"STF 2087 AB";"2022";"94";288;5.2;8.84;8.90;0.06;""
"";"Her";"84552";"16 42 35 +23 40 02";"STF 2087 AC";"2015";"6";355;118.9;8.84;12.52;3.68;""
"HD 151029";"Oph";"121826";"16 44 42 +02 19 59";"STF 2088 AB";"2017";"15";329;21.7;7.49;12.00;4.51;""
"";"Oph";"121826";"16 44 42 +02 19 59";"STF 2088 AC";"2017";"12";352;16.4;8.87;11.68;2.81;""
"";"Oph";"244106";"16 44 42 +02 20 17";"STF 2088 BC";"2016";"14";105;8.3;12.00;13.40;1.40;""
"HD 150945";"Her";"84561";"16 43 20 +25 08 29";"STF 2089";"2021";"30";60;2.7;8.66;9.96;1.30;""
"";"Her";"102359";"16 44 52 +09 57 06";"STF 2090 AB";"2015";"10";158;17.6;8.06;13.50;5.44;""
"HD 151088";"Her";"102359";"16 44 52 +09 57 06";"STF 2090 AC";"2015";"21";25;69.1;8.06;10.74;2.68;""
"";"Her";"102359";"16 44 52 +09 57 06";"STF 2090 AD";"2015";"22";28;90.2;8.06;10.16;2.10;""
"";"Her";"";"16 44 54 +09 58 09";"STF 2090 CD";"2015";"27";38;21.6;10.74;10.16;0.58;""
"HD 150903";"Her";"46234";"16 42 10 +41 11 43";"STF 2091";"2021";"116";337;0.3;8.44;9.29;0.85;"Y"
"WW Dra";"Dra";"17176";"16 39 04 +60 41 59";"STF 2092";"2020";"43";5;8.2;8.69;9.64;0.95;""
"Eta Her";"Her";"65504";"16 42 54 +38 55 20";"STF 2093 AB";"2020";"16";266;116.4;3.58;11.72;8.14;""
"HD 151070";"Her";"84572";"16 44 11 +23 31 03";"STF 2094 AB";"2022";"193";75;1.0;7.48;7.87;0.39;""
"";"Her";"84572";"16 44 11 +23 31 03";"STF 2094 AC";"2016";"27";312;24.9;7.48;11.70;4.22;""
"46 Her";"Her";"84577";"16 45 05 +28 21 29";"STF 2095";"2021";"67";160;5.3;7.36;9.16;1.80;""
"19 Oph";"Oph";"121859";"16 47 10 +02 03 52";"STF 2096 AB";"2024";"60";88;24.0;6.09;9.68;3.59;""
"";"Oph";"121859";"16 47 10 +02 03 52";"STF 2096 AC";"2020";"10";193;214.3;6.09;11.43;5.34;""
"HD 151254";"Her";"65522";"16 44 47 +35 44 17";"STF 2097 AB";"2020";"89";80;1.9;9.37;9.55;0.18;""
"";"Her";"65522";"16 44 47 +35 44 17";"STF 2097 AC";"2016";"9";183;45.1;9.37;13.88;4.51;""
"HD 151168";"Her";"65531";"16 45 43 +30 00 17";"STF 2098 AB";"2017";"53";145;14.2;8.77;9.61;0.84;""
"";"Her";"65531";"16 45 43 +30 00 17";"STF 2098 AC";"2017";"41";128;65.6;8.77;8.81;0.04;""
"";"Her";"65531";"16 45 43 +30 00 17";"STF 2098 AD";"2016";"23";18;67.3;8.77;11.00;2.23;""
"";"Her";"141350";"16 45 44 +30 00 06";"STF 2098 BC";"2016";"33";124;52.3;9.61;8.81;0.80;""
"";"Her";"141351";"16 45 45 +30 01 20";"STF 2098 DE";"2016";"12";268;5.8;10.96;13.70;2.74;""
"";"Dra";"8579";"16 38 21 +70 20 18";"STF 2099";"2018";"26";215;9.8;9.45;10.90;1.45;""
"HD 234341";"Her";"30065";"16 43 42 +50 39 58";"STF 2100 AB";"2018";"22";294;23.2;9.11;10.88;1.77;""
"HD 151428";"Her";"65537";"16 45 48 +35 37 50";"STF 2101 AB";"2021";"90";47;4.1;7.51;9.39;1.88;""
"HD 151750";"Her";"84617";"16 48 34 +21 23 25";"STF 2102 AB";"2017";"25";274;14.2;8.43;11.29;2.86;""
"HD 151862";"Her";"102410";"16 49 35 +13 15 40";"STF 2103 AB";"2018";"30";43;4.9;5.93;10.00;4.07;""
"";"Her";"102410";"16 49 35 +13 15 40";"STF 2103 AC";"2020";"10";244;13.9;5.93;14.20;8.27;""
"";"Her";"102410";"16 49 35 +13 15 40";"STF 2103 AD";"2015";"6";137;40.4;5.93;13.40;7.47;""
"HD 151878";"Her";"65569";"16 48 41 +35 55 19";"STF 2104 AB";"2020";"79";18;5.7;7.49;8.78;1.29;""
"HD 152380";"Oph";"121910";"16 51 23 +01 09 05";"STF 2105";"2015";"26";129;29.0;9.16;10.45;1.29;""
"HD 152113";"Oph";"121908";"16 51 07 +09 24 16";"STF 2106 AB";"2020";"207";171;0.8;7.07;8.20;1.13;"Y"
"HD 152380";"Her";"84655";"16 51 50 +28 39 59";"STF 2107 AB";"2022";"449";109;1.5;6.90;8.50;1.60;"Y"
"";"Her";"84655";"16 51 50 +28 39 59";"STF 2107 AC";"2015";"9";309;82.1;6.90;11.51;4.61;""
"HD 152125";"Dra";"30108";"16 48 36 +55 07 46";"STF 2108";"2016";"31";350;26.6;8.97;11.24;2.27;""
"HD 152629";"Her";"84674";"16 53 46 +21 10 23";"STF 2109";"2018";"39";312;5.9;7.52;10.30;2.78;""
"56 Her";"Her";"84692";"16 55 02 +25 43 51";"STF 2110";"2020";"31";92;18.0;6.10;10.80;4.70;""
"";"Oph";"121982";"16 59 31 +09 40 59";"STF 2111 CD";"2015";"12";164;25.8;8.74;11.43;2.69;""
"";"Her";"65682";"16 58 15 +31 47 28";"STF 2112";"2020";"39";263;2.3;9.68;10.29;0.61;""
"HD 153930";"Oph";"122025";"17 02 08 +07 12 49";"STF 2113";"2020";"35";117;5.3;8.43;10.42;1.99;""
"HD 153914";"Oph";"122023";"17 01 59 +08 27 02";"STF 2114";"2023";"302";198;1.4;6.72;7.61;0.89;""
"HD 153397";"Dra";"17276";"16 55 13 +63 31 42";"STF 2116";"2017";"28";3;19.1;9.40;10.12;0.72;""
"HD 153666";"Dra";"30180";"16 58 06 +51 47 40";"STF 2117";"2017";"34";91;1.4;9.17;10.61;1.44;""
"20 Dra";"Dra";"17285";"16 56 25 +65 02 21";"STF 2118 AB";"2023";"293";65;0.9;7.07;7.30;0.23;"Y"
"HD 154520";"Oph";"160280";"17 06 29 -13 56 06";"STF 2119";"2020";"63";184;2.4;8.21;8.31;0.10;""
"HD 154510";"Her";"84810";"17 04 46 +28 05 28";"STF 2120 AB";"2017";"228";231;24.7;7.37;9.25;1.88;""
"";"Her";"84810";"17 04 46 +28 05 28";"STF 2120 AC";"2015";"15";174;144.8;7.37;10.36;2.99;""
"HD 154393";"Her";"46459";"17 03 17 +41 53 51";"STF 2121";"2018";"22";153;2.6;8.11;10.55;2.44;""
"HD 154660";"Oph";"141522";"17 06 53 -01 39 22";"STF 2122";"2016";"52";279;20.3;6.38;9.73;3.35;""
"HD 154734";"Oph";"";"17 06 58 +06 48 03";"STF 2123";"2022";"50";216;18.1;9.82;9.98;0.16;""
"";"Dra";"17303";"16 59 20 +65 12 35";"STF 2124";"2017";"28";87;14.7;9.26;10.00;0.74;""
"HD 150365";"UMi";"2757";"16 40 57 +82 21 53";"STF 2125";"2017";"24";178;12.2;9.00;10.53;1.53;""
"";"Dra";"8675";"16 58 48 +71 05 52";"STF 2126";"2021";"16";133;23.0;9.61;11.23;1.62;""
"HD 154917";"Her";"65797";"17 07 04 +31 05 35";"STF 2127";"2015";"26";281;15.1;8.70;12.30;3.60;""
"HD 154712";"Dra";"30220";"17 03 19 +59 35 07";"STF 2128";"2019";"72";42;12.2;8.76;10.34;1.58;"Y"
"";"Dra";"17369";"17 08 52 +69 25 10";"STF 2129 AB";"2021";"13";206;9.2;9.99;10.61;0.62;""
"Alrakis";"Dra";"30239";"17 05 20 +54 28 14";"STF 2130 AB";"2023";"837";356;2.6;5.66;5.69;0.03;"Y"
"HD 155329";"Her";"65835";"17 09 43 +30 21 15";"STF 2131 AB";"2015";"39";178;24.3;8.39;9.80;1.41;""
"HD 155595";"Oph";"141557";"17 12 45 -04 03 11";"STF 2132";"2017";"37";114;1.9;8.89;9.66;0.77;""
"";"Her";"46516";"17 08 42 +49 45 19";"STF 2133";"2019";"28";198;3.4;9.66;10.67;1.01;""
"";"UMi";"8679";"16 58 44 +76 06 33";"STF 2134";"2017";"30";143;45.9;9.43;10.22;0.79;""
"HD 155642";"Her";"84910";"17 12 06 +21 13 44";"STF 2135 AB";"2024";"174";195;8.6;7.59;8.88;1.29;"Y"
"";"Her";"84910";"17 12 06 +21 13 44";"STF 2135 AC";"2015";"7";208;162.1;7.59;12.91;5.32;""
"HD 155727";"Her";"65857";"17 11 35 +39 15 31";"STF 2136 AB,C";"2020";"24";112;15.3;8.47;10.48;2.01;""
"V655 Her";"Her";"102666";"17 13 54 +15 57 03";"STF 2137";"2017";"48";144;4.1;9.15;10.03;0.88;""
"HD 155674";"Dra";"30274";"17 10 11 +54 29 40";"STF 2138 AB";"2023";"68";134;22.3;8.99;9.36;0.37;"Y"
"Alp1 Her";"Her";"102673";"17 14 10 +19 18 43";"STF 2139";"2015";"9";335;8.3;9.60;11.70;2.10;""
"Rasalgethi";"Her";"102680";"17 14 39 +14 23 25";"STF 2140 AB";"2023";"513";102;4.8;3.48;5.40;1.92;"Y"
"";"Her";"102680";"17 14 39 +14 23 25";"STF 2140 AD";"2023";"15";39;78.1;3.48;11.10;7.62;""
"HD 156287";"Oph";"122229";"17 16 37 +03 24 30";"STF 2141 AB";"2015";"28";123;39.8;8.32;10.72;2.40;""
"NSV8327";"Her";"46561";"17 11 40 +49 44 47";"STF 2142 AB";"2018";"33";110;4.9;6.18;9.35;3.17;""
"HD 156018";"Oph";"102683";"17 14 50 +09 59 37";"STF 2143";"2015";"20";120;28.5;9.11;10.89;1.78;""
"HD 156344";"Oph";"141591";"17 17 23 -07 52 09";"STF 2144";"2015";"18";178;25.9;8.43;10.53;2.10;""
"HD 156454";"Her";"84967";"17 16 37 +26 34 47";"STF 2145 AB,C";"2019";"65";184;19.0;8.87;10.55;1.68;""
"";"Dra";"30299";"17 13 06 +54 08 21";"STF 2146 AB";"2022";"2";224;2.5;8.71;10.56;1.85;""
"";"Dra";"30299";"17 13 06 +54 08 21";"STF 2146 AC";"2016";"26";234;89.3;8.36;8.87;0.51;""
"";"Dra";"30297";"17 12 58 +54 07 28";"STF 2146 CD";"2018";"33";225;2.8;8.87;10.50;1.63;""
"HD 156652";"Her";"84983";"17 17 35 +28 54 48";"STF 2147";"2022";"28";94;6.5;7.10;11.00;3.90;""
"HD 156759";"Ser";"160466";"17 19 52 -11 21 06";"STF 2148";"2018";"31";220;5.6;9.18;9.88;0.70;""
"HD 156827";"Oph";"141609";"17 19 58 -06 25 44";"STF 2149";"2017";"37";23;7.3;10.06;10.30;0.24;""
"";"Oph";"227852";"17 21 05 +01 31 53";"STF 2150 AB";"2015";"33";214;11.7;11.02;11.15;0.13;""
"";"Oph";"227852";"17 21 05 +01 31 53";"STF 2150 AC";"2015";"21";56;160.8;11.02;8.10;2.92;""
"";"Dra";"17386";"17 11 17 +69 30 10";"STF 2151";"2016";"17";350;2.5;9.83;10.49;0.66;""
"HD 156857";"Her";"46618";"17 17 46 +45 35 00";"STF 2152";"2017";"39";237;2.0;9.79;9.89;0.10;""
"HD 156963";"Her";"46619";"17 17 53 +49 18 18";"STF 2153";"2020";"91";244;1.6;9.36;9.70;0.34;"Y"
"HD 157046";"Her";"46631";"17 18 59 +44 07 55";"STF 2154 AB";"2016";"31";253;2.0;9.05;10.03;0.98;""
"HD 156890";"Dra";"17410";"17 16 05 +60 42 50";"STF 2155 AB";"2018";"33";113;10.0;6.93;9.97;3.04;""
"HD 157544";"Oph";"227910";"17 23 57 -00 50 07";"STF 2156";"2020";"57";36;3.8;8.95;9.50;0.55;""
"HD 157483";"Her";"102783";"17 22 53 +16 27 41";"STF 2157 AB,C";"2018";"46";208;3.4;8.92;10.17;1.25;""
"HD 157583";"Oph";"122345";"17 24 03 +03 04 03";"STF 2158";"2015";"26";77;23.4;9.04;10.49;1.45;""
"HD 157789";"Oph";"141655";"17 24 55 +13 19 42";"STF 2159";"2024";"52";325;26.4;8.53;9.44;0.91;""
"HD 157741";"Her";"102806";"17 24 34 +15 36 22";"STF 2160 AB";"2017";"53";66;3.9;6.40;9.28;2.88;""
"Rho Her";"Her";"66001";"17 23 41 +37 08 45";"STF 2161 AB";"2023";"420";320;3.9;4.50;5.40;0.90;""
"";"Her";"66001";"17 23 41 +37 08 45";"STF 2161 AC";"2020";"6";221;118.4;4.50;13.53;9.03;""
"HD 157807";"Her";"66003";"17 23 55 +36 27 28";"STF 2162";"2016";"41";285;1.3;9.39;9.57;0.18;""
"";"Her";"46683";"17 23 21 +42 09 03";"STF 2163";"2016";"53";76;1.4;10.25;10.49;0.24;""
"HD 157906";"Her";"46691";"17 23 45 +47 16 14";"STF 2164 AB";"2024";"36";13;9.2;8.16;9.81;1.65;""
"HD 158116";"Her";"85089";"17 26 14 +29 27 20";"STF 2165 AB";"2019";"141";62;10.4;7.74;9.55;1.81;""
"";"Her";"85089";"17 26 14 +29 27 20";"STF 2165 AC";"2017";"22";251;94.8;7.74;10.75;3.01;""
"";"Her";"";"17 26 07 +29 26 50";"STF 2165 CD";"2017";"12";180;52.3;10.75;12.93;2.18;""
"HD 158263";"Oph";"102835";"17 27 52 +11 23 26";"STF 2166";"2017";"77";282;27.0;7.15;8.58;1.43;""
"HD 158033";"Her";"46697";"17 24 24 +49 31 28";"STF 2167";"2017";"23";207;21.5;8.12;10.67;2.55;""
"HD 158249";"Her";"66053";"17 26 40 +35 45 55";"STF 2168";"2020";"77";203;2.3;8.80;9.08;0.28;""
"HD 158494";"Oph";"141694";"17 30 00 -08 24 52";"STF 2169";"2017";"25";111;15.5;8.93;10.38;1.45;""
"";"Oph";"102845";"17 28 44 +10 29 04";"STF 2170 AB";"2017";"54";58;3.3;9.38;10.01;0.63;""
"HD 158373";"Oph";"141684";"17 29 17 -09 59 26";"STF 2171";"2019";"81";59;1.4;8.33;8.50;0.17;""
"HD 158523";"Oph";"141697";"17 29 56 -01 18 23";"STF 2172";"2015";"26";171;11.4;8.55;11.46;2.91;""
"";"Oph";"141702";"17 30 24 -01 03 46";"STF 2173 AB";"2024";"699";10;0.3;6.06;6.17;0.11;"Y"
"";"Her";"";"17 29 25 +32 45 52";"STF 2174";"2019";"24";331;5.4;11.13;12.40;1.27;""
"HD 158734";"Her";"66083";"17 29 27 +32 42 34";"STF 2175";"2019";"28";9;13.3;8.79;10.64;1.85;""
"HD 158468";"Oph";"102878";"17 31 06 +10 26 58";"STF 2176 AB";"2015";"31";17;16.8;9.53;10.32;0.79;""
"HD 158570";"Her";"46736";"17 27 48 +46 25 16";"STF 2177";"2019";"30";133;3.6;9.20;10.70;1.50;""
"HD 158756";"Her";"66085";"17 29 28 +34 56 19";"STF 2178 AB";"2024";"53";128;10.6;7.29;9.05;1.76;""
"HD 158044";"Dra";"253873";"17 20 00 +72 35 02";"STF 2179";"2018";"33";210;5.2;9.13;9.45;0.32;""
"HD 158286";"Dra";"30413";"17 28 58 +50 52 13";"STF 2180";"2018";"138";260;3.0;7.79;8.06;0.27;""
"HD 159118";"Her";"66109";"17 31 43 +30 19 05";"STF 2181 AB";"2015";"31";328;33.0;7.04;10.54;3.50;""
"";"Her";"66109";"17 31 43 +30 19 05";"STF 2181 AC";"2015";"19";218;37.7;7.04;12.55;5.51;""
"";"Her";"85187";"17 32 28 +23 52 04";"STF 2182 AB";"2019";"38";1;5.3;9.06;9.96;0.90;""
"HD 159525";"Oph";"141746";"17 35 30 -05 55 54";"STF 2183 AB";"2015";"11";165;29.6;8.17;12.42;4.25;""
"";"Oph";"141746";"17 35 30 -05 55 54";"STF 2183 AC";"2015";"21";13;28.5;8.17;10.24;2.07;""
"54 Oph";"Oph";"102925";"17 34 22 +13 09 40";"STF 2184 AB";"2017";"27";65;22.8;6.63;11.60;4.97;""
"";"Oph";"102925";"17 34 22 +13 09 40";"STF 2184 AC";"2020";"10";293;127.8;6.63;12.49;5.86;""
"HD 159481";"Oph";"122529";"17 34 49 +06 01 26";"STF 2185 AB";"2015";"49";5;27.2;7.46;10.32;2.86;""
"";"Oph";"122529";"17 34 49 +06 01 26";"STF 2185 AC";"2018";"64";253;93.2;7.46;8.43;0.97;""
"";"Oph";"";"17 34 49 +06 01 54";"STF 2185 BC";"2015";"40";239;105.9;10.32;8.43;1.89;""
"";"Oph";"122527";"17 34 43 +06 00 52";"STF 2185 CF";"2015";"8";166;186.3;8.43;11.98;3.55;""
"HD 159660";"Oph";"122544";"17 35 50 +00 59 48";"STF 2186";"2020";"95";78;3.0;8.23;8.43;0.20;""
"HD 159645";"Oph";"";"17 35 41 +04 08 50";"STF 2187 AB,C";"2013";"40";179;3.3;9.10;10.05;0.95;""
"HD 159779";"Oph";"122554";"17 36 15 +06 37 17";"STF 2188";"2019";"35";203;5.5;9.22;9.98;0.76;""
"HD 159543";"Her";"46791";"17 32 50 +47 53 19";"STF 2189 AB";"2023";"26";97;20.9;7.83;11.24;3.41;""
"";"Her";"46791";"17 32 50 +47 53 19";"STF 2189 AC";"2023";"24";358;65.7;7.83;8.94;1.11;""
"HD 159834";"Her";"85232";"17 35 60 +20 59 47";"STF 2190 AB";"2021";"80";22;10.4;6.13;9.48;3.35;""
"HD 160387";"Oph";"141793";"17 39 47 -04 58 05";"STF 2191 AB";"2018";"61";267;26.4;7.83;8.47;0.64;""
"HD 160678";"Her";"85301";"17 40 04 +29 14 13";"STF 2192 AB";"2017";"59";31;16.0;7.82;10.49;2.67;""
"HD 161286";"Oph";"";"17 41 58 +08 13 54";"STF 2193";"2017";"30";65;5.9;10.71;10.84;0.13;""
"HD 160835";"Her";"85310";"17 41 06 +24 30 47";"STF 2194 AB";"2024";"69";8;16.3;6.51;9.28;2.77;""
"";"Her";"85310";"17 41 06 +24 30 47";"STF 2194 AC";"2015";"22";160;170.9;6.51;9.29;2.78;""
"";"Her";"244944";"17 41 27 +21 10 27";"STF 2195";"2018";"16";286;21.6;11.68;11.75;0.07;""
"";"Her";"";"17 41 37 +21 11 15";"STF 2196";"2018";"25";257;3.3;10.20;12.20;2.00;""
"";"Her";"244953";"17 41 50 +21 25 55";"STF 2197";"2019";"34";357;7.9;10.64;10.99;0.35;""
"HD 161112";"Her";"85346";"17 42 38 +26 33 06";"STF 2198";"2016";"28";26;7.9;7.63;11.22;3.59;""
"HD 160780";"Dra";"30494";"17 38 38 +55 45 35";"STF 2199";"2022";"253";52;2.1;8.03;8.60;0.57;"Y"
"HD 161184";"Oph";"122676";"17 43 52 +05 50 42";"STF 2200 AB";"2017";"41";162;1.6;8.50;9.18;0.68;""
"";"Oph";"122676";"17 43 52 +05 50 42";"STF 2200 AC";"2015";"6";245;32.3;8.50;13.10;4.60;""
"HD 161262";"Oph";"122688";"17 44 24 +02 58 02";"STF 2201";"2016";"33";304;7.8;8.70;10.57;1.87;""
"61 Oph";"Oph";"122690";"17 44 34 +02 34 46";"STF 2202 AB";"2024";"177";93;20.6;6.13;6.47;0.34;""
"";"Oph";"122691";"17 44 35 +02 34 45";"STF 2202 BC";"2015";"6";28;93.8;6.47;12.94;6.47;""
"HD 161016";"Her";"46884";"17 41 14 +41 39 18";"STF 2203";"2021";"173";291;0.8;7.72;7.81;0.09;""
"HD 161483";"Ser";"160809";"17 46 21 -13 18 28";"STF 2204";"2019";"62";25;14.4;8.06;8.13;0.07;""
"HD 161585";"Her";"103085";"17 45 41 +17 43 01";"STF 2205";"2021";"201";21;0.8;9.37;9.59;0.22;"Y"
"HD 161384";"Her";"103073";"17 44 32 +18 59 32";"STF 2206";"2015";"32";248;0.9;8.83;9.82;0.99;""
"HD 160862";"Dra";"17573";"17 37 05 +67 07 09";"STF 2207";"2022";"45";106;0.3;8.37;9.16;0.79;""
"HD 161589";"Oph";"141860";"17 46 33 -04 28 48";"STF 2208 AB";"2015";"22";275;9.4;9.79;11.60;1.81;""
"";"Oph";"141860";"17 46 33 -04 28 48";"STF 2208 AC";"2015";"7";87;26.6;9.79;13.42;3.63;""
"HD 161320";"Her";"46905";"17 42 49 +43 10 08";"STF 2209";"2015";"20";127;29.8;8.35;10.52;2.17;""
"HD 161286";"Her";"46899";"17 42 11 +49 00 09";"STF 2210";"2020";"33";122;3.3;8.93;10.63;1.70;""
"HD 161623";"Oph";"141866";"17 46 39 -01 12 52";"STF 2211 AB";"2020";"40";116;10.4;9.21;10.62;1.41;""
"";"Oph";"141866";"17 46 39 -01 12 52";"STF 2211 AC";"2015";"14";196;106.6;9.21;10.67;1.46;""
"HD 161621";"Oph";"122730";"17 46 27 +05 42 01";"STF 2212";"2021";"46";341;3.2;9.51;9.60;0.09;""
"HD 161550";"Her";"66298";"17 44 51 +31 07 54";"STF 2213";"2024";"106";327;4.7;8.15;8.96;0.81;""
"";"Her";"46907";"17 43 21 +43 44 53";"STF 2214 AB";"2017";"38";210;19.9;9.61;10.15;0.54;""
"HD 161833";"Her";"103106";"17 47 08 +17 41 49";"STF 2215";"2022";"227";245;0.5;6.02;6.89;0.87;"Y"
"HD 161733";"Oph";"122742";"17 47 02 +05 41 31";"STF 2216";"2015";"27";27;27.3;8.01;10.09;2.08;""
"HD 161729";"Her";"103095";"17 46 40 +14 46 45";"STF 2217 AB";"2024";"80";284;7.0;8.77;8.92;0.15;""
"";"Her";"103095";"17 46 40 +14 46 45";"STF 2217 AC";"2015";"8";300;23.2;8.77;13.40;4.63;""
"HD 161285";"Dra";"17599";"17 40 18 +63 40 31";"STF 2218";"2023";"173";309;1.5;7.08;8.37;1.29;"Y"
"HD 161399";"Dra";"17603";"17 41 18 +61 36 21";"STF 2219";"2015";"31";95;17.2;8.59;9.81;1.22;""
"Mu Her";"Her";"85397";"17 46 28 +27 43 14";"STF 2220 A,BC";"2016";"121";249;35.4;3.49;9.78;6.29;""
"HD 162007";"Oph";"122774";"17 48 44 +01 09 51";"STF 2221";"2016";"22";76;19.5;8.95;11.14;2.19;""
"HD 161938";"Her";"103116";"17 47 53 +14 48 30";"STF 2222";"2021";"40";63;2.3;8.41;9.73;1.32;""
"HD 162056";"Oph";"122780";"17 48 58 +04 58 03";"STF 2223";"2024";"34";210;18.2;7.56;9.66;2.10;""
"V826 Her";"Her";"66317";"17 45 58 +39 19 21";"STF 2224 AB";"2016";"26";349;7.9;6.69;9.99;3.30;""
"HD 161865";"Dra";"30551";"17 45 10 +51 56 56";"STF 2225 AB";"2015";"21";339;5.5;9.00;11.90;2.90;""
"";"Dra";"30551";"17 45 10 +51 56 56";"STF 2225 AC";"2015";"22";245;230.2;9.00;10.20;1.20;""
"";"Dra";"";"17 44 48 +51 55 17";"STF 2225 CD";"2017";"43";296;8.7;10.20;10.56;0.36;""
"";"Her";"66324";"17 46 44 +35 38 27";"STF 2226";"2017";"22";89;12.7;9.21;11.50;2.29;""
"HD 161828";"Oph";"66366";"17 49 22 +05 20 19";"STF 2227";"2015";"32";110;15.1;9.55;9.60;0.05;""
"HD 161907";"Oph";"";"17 49 34 +09 11 30";"STF 2228";"2016";"28";106;19.0;10.55;10.87;0.32;""
"HD 161956";"Her";"30555";"17 45 52 +50 11 05";"STF 2229";"2020";"26";340;6.7;8.31;10.30;1.99;""
"HD 162429";"Oph";"122822";"17 50 40 +07 55 19";"STF 2230 AB";"2015";"34";87;46.8;9.21;9.85;0.64;""
"";"Oph";"122822";"17 50 40 +07 55 19";"STF 2230 AC";"2015";"21";113;39.9;9.21;11.12;1.91;""
"";"Oph";"122823";"17 50 43 +07 55 22";"STF 2230 BC";"2015";"24";209;20.5;9.85;11.12;1.27;""
"";"Oph";"103148";"17 51 01 +12 12 48";"STF 2231 AB";"2015";"13";153;32.3;9.02;11.59;2.57;""
"";"Oph";"103148";"17 51 01 +12 12 48";"STF 2231 AC";"2003";"12";148;302.2;9.02;10.02;1.00;""
"";"Oph";"";"17 51 12 +12 08 36";"STF 2231 CD";"2015";"13";329;18.3;10.02;11.68;1.66;""
"HD 162485";"Her";"85459";"17 50 15 +25 17 28";"STF 2232";"2024";"60";138;6.1;6.71;8.85;2.14;""
"HD 162628";"Oph";"122841";"17 51 53 +02 53 59";"STF 2233 AB";"2016";"19";66;2.3;8.30;10.55;2.25;""
"";"Oph";"122841";"17 51 53 +02 53 59";"STF 2233 AC";"2015";"6";138;23.5;8.30;14.40;6.10;""
"";"Oph";"122841";"17 51 53 +02 53 59";"STF 2233 AD";"2015";"6";232;29.5;8.30;14.00;5.70;""
"HD 162715";"Oph";"141931";"17 52 44 -07 56 54";"STF 2234";"2017";"36";198;16.9;9.85;10.68;0.83;""
"";"Oph";"141938";"17 52 59 -02 15 27";"STF 2235";"2017";"32";124;20.3;8.49;9.95;1.46;""
"HD 162623";"Her";"66369";"17 50 23 +35 26 15";"STF 2236 AB";"2019";"40";98;3.4;8.32;10.14;1.82;""
"";"Her";"66369";"17 50 23 +35 26 15";"STF 2236 AC";"2015";"2";104;3.3;8.32;"";"";""
"HD 162622";"Her";"46991";"17 49 59 +41 57 19";"STF 2237";"2024";"37";6;20.4;8.08;9.96;1.88;""
"";"Her";"";"17 50 36 +37 42 12";"STF 2238";"2016";"25";285;2.4;11.04;11.28;0.24;""
"";"Her";"85483";"17 51 45 +28 14 16";"STF 2239";"2019";"32";319;2.4;9.55;10.00;0.45;""
"";"Oph";"122885";"17 53 34 +05 15 46";"STF 2240";"2016";"20";204;3.0;9.90;10.60;0.70;""
"Dziban";"Dra";"8890";"17 41 56 +72 08 56";"STF 2241 AB";"2020";"184";16;30.2;4.60;5.59;0.99;"Y"
"";"Dra";"8890";"17 41 56 +72 08 56";"STF 2241 AC";"2004";"14";107;78.1;4.60;11.05;6.45;""
"";"Dra";"8890";"17 41 56 +72 08 56";"STF 2241 AD";"2004";"3";66;105.9;4.60;12.98;8.38;""
"";"Dra";"228297";"17 42 13 +72 08 32";"STF 2241 CD";"2015";"8";19;69.4;11.05;12.98;1.93;""
"HD 162880";"Her";"47012";"17 51 10 +44 54 28";"STF 2242 AB";"2019";"100";325;3.4;8.14;8.28;0.14;""
"HD 163185";"Her";"66429";"17 53 16 +36 05 25";"STF 2243";"2016";"52";39;1.1;9.19;9.40;0.21;""
"HD 163624";"Oph";"122950";"17 57 04 +00 04 00";"STF 2244";"2021";"206";101;0.7;6.89;6.56;0.33;"Y"
"HD 163640";"Her";"103226";"17 56 24 +18 19 38";"STF 2245 BA";"2022";"205";112;2.7;7.43;7.55;0.12;""
"";"Her";"66474";"17 55 25 +39 29 54";"STF 2246";"2018";"42";100;5.5;9.36;10.02;0.66;""
"";"Her";"";"17 59 25 +29 29 30";"STF 2247 AB";"2018";"36";188;11.6;9.17;9.88;0.71;""
"HD 163998";"Oph";"142008";"17 59 18 -06 51 21";"STF 2250 AB";"2020";"43";344;7.8;8.79;9.24;0.45;""
"HD 163619";"Her";"47056";"17 54 32 +49 38 01";"STF 2251";"2017";"21";20;16.1;9.11;12.10;2.99;""
"HD 164013";"Oph";"122978";"17 59 02 +02 02 16";"STF 2252 AB";"2019";"54";23;4.0;8.64;9.02;0.38;""
"";"Oph";"122978";"17 59 02 +02 02 16";"STF 2252 AC";"2015";"16";165;95.1;8.64;9.09;0.45;""
"HD 163972";"Her";"103259";"17 58 23 +14 36 51";"STF 2253 AB";"2017";"44";76;10.9;8.52;10.69;2.17;""
"";"Her";"103259";"17 58 23 +14 36 51";"STF 2253 AC";"2015";"15";63;72.1;8.52;11.69;3.17;""
"HD 164080";"Oph";"103268";"17 59 01 +12 26 18";"STF 2254 AB";"2019";"50";265;3.5;9.11;9.31;0.20;""
"";"Oph";"103268";"17 59 01 +12 26 18";"STF 2254 AC";"2015";"4";67;56.1;9.11;13.04;3.93;""
"";"Her";"47078";"17 56 52 +41 15 06";"STF 2255";"2016";"25";343;9.1;8.95;11.57;2.62;""
"";"Her";"";"17 57 11 +35 40 10";"STF 2256 CE";"2015";"18";350;9.1;11.12;14.10;2.98;""
"HD 163991";"Her";"66507";"17 57 21 +35 40 30";"STF 2257 AB";"2017";"21";153;23.4;7.69;11.15;3.46;""
"";"Her";"47081";"17 56 42 +48 37 08";"STF 2258";"2018";"40";222;2.0;9.40;9.66;0.26;""
"HD 164253";"Her";"66535";"17 59 04 +30 02 56";"STF 2259";"2023";"62";277;19.8;7.27;8.44;1.17;"Y"
"HD 164394";"Dra";"30665";"17 58 05 +52 13 06";"STF 2261 AB";"2018";"31";261;9.6;7.56;10.02;2.46;""
"Tau Oph";"Oph";"142050";"18 03 05 -08 10 49";"STF 2262 AB";"2024";"672";292;1.4;5.27;5.86;0.59;"Y"
"";"Oph";"142050";"18 03 05 -08 10 49";"STF 2262 AC";"2000";"13";125;100.8;5.27;11.28;6.01;""
"HD 335502";"Her";"85636";"18 00 55 +26 32 57";"STF 2263";"2018";"45";158;7.7;8.73;9.93;1.20;""
"95 Her";"Her";"85648";"18 01 30 +21 35 45";"STF 2264";"2023";"284";257;6.3;4.85;5.20;0.35;""
"";"Oph";"123080";"18 04 05 +06 27 37";"STF 2265";"2019";"31";282;23.5;9.91;10.59;0.68;""
"HD 165111";"Oph";"123086";"18 04 22 +03 29 05";"STF 2266 AB";"2016";"25";187;8.7;7.94;9.57;1.63;""
"";"Oph";"123086";"18 04 22 +03 29 05";"STF 2266 AC";"2016";"19";202;50.8;7.94;11.07;3.13;""
"HD 164941";"Her";"47149";"18 01 41 +40 10 42";"STF 2267";"2018";"138";280;0.4;8.41;8.84;0.43;"Y"
"HD 335569";"Her";"85686";"18 03 12 +25 21 56";"STF 2268 AC";"2017";"69";202;24.5;8.52;9.70;1.18;""
"HD 165172";"Her";"103349";"18 04 10 +14 46 52";"STF 2269";"2017";"23";166;23.9;8.38;11.39;3.01;""
"";"Her";"";"18 01 27 +45 17 50";"STF 2270";"2022";"17";212;6.3;10.95;11.10;0.15;""
"HD 164874";"Dra";"30686";"18 00 19 +52 51 15";"STF 2271 AB";"2019";"105";267;3.5;8.17;9.24;1.07;""
"";"Dra";"30686";"18 00 19 +52 51 15";"STF 2271 AC";"2015";"7";17;160.8;8.17;12.98;4.81;""
"70 Oph";"Oph";"123107";"18 05 27 +02 29 59";"STF 2272 AB";"2023";"1741";118;6.8;4.22;6.17;1.95;"Y"
"";"Oph";"123107";"18 05 27 +02 29 59";"STF 2272 AC";"2013";"58";326;93.1;4.22;12.05;7.83;""
"";"Oph";"123107";"18 05 27 +02 29 59";"STF 2272 AD";"2009";"20";315;129.3;4.22;14.36;10.14;""
"";"Oph";"123107";"18 05 27 +02 29 59";"STF 2272 AR";"2012";"27";26;164.8;4.22;12.87;8.65;""
"";"Oph";"123107";"18 05 27 +02 29 59";"STF 2272 AS";"2009";"37";10;202.6;4.22;12.45;8.23;""
"";"Oph";"123107";"18 05 27 +02 29 59";"STF 2272 AT";"2013";"28";45;128.4;4.22;12.25;8.03;""
"";"Oph";"123107";"18 05 27 +02 29 59";"STF 2272 AU";"2009";"17";337;255.5;4.22;13.79;9.57;""
"";"Oph";"123107";"18 05 27 +02 29 59";"STF 2272 AV";"2013";"41";276;144.5;4.22;10.83;6.61;""
"";"Oph";"123107";"18 05 27 +02 29 59";"STF 2272 AY";"2009";"4";357;250.5;4.22;14.73;10.51;""
"";"Oph";"123107";"18 05 27 +02 29 59";"STF 2272 AZ";"2000";"1";163;68.3;4.22;16.04;11.82;""
"";"Oph";"123107";"18 05 27 +02 29 56";"STF 2272 BC";"2000";"5";322;81.2;6.17;12.05;5.88;""
"";"Oph";"123107";"18 05 27 +02 29 56";"STF 2272 BD";"2000";"3";311;120.0;6.17;14.36;8.19;""
"";"Oph";"123107";"18 05 27 +02 29 56";"STF 2272 BR";"2000";"23";29;154.3;6.17;12.87;6.70;""
"";"Oph";"123107";"18 05 27 +02 29 56";"STF 2272 BZ";"2000";"3";163;70.2;6.17;16.04;9.87;""
"";"Oph";"";"18 05 18 +02 30 00";"STF 2272 VT";"2015";"28";72;247.5;10.83;12.25;1.42;""
"";"Oph";"";"18 05 18 +02 30 00";"STF 2272 VW";"2015";"11";270;180.6;10.83;11.77;0.94;""
"";"Oph";"";"18 05 18 +02 30 00";"STF 2272 VX";"2015";"10";253;17.5;10.83;13.88;3.05;""
"HD 164983";"Dra";"17717";"17 59 14 +64 08 33";"STF 2273 AB";"2019";"65";282;21.4;7.31;7.63;0.32;""
"";"Dra";"17717";"17 59 14 +64 08 33";"STF 2273 AC";"2015";"8";277;43.5;7.31;12.70;5.39;""
"";"Dra";"17717";"17 59 14 +64 08 33";"STF 2273 AD";"2015";"7";336;14.8;7.31;14.70;7.39;""
"";"Dra";"209555";"17 59 11 +64 08 38";"STF 2273 BC";"2015";"11";271;22.4;7.63;12.70;5.07;""
"HD 341555";"Her";"85708";"18 04 45 +23 53 12";"STF 2274";"2019";"29";293;18.5;8.48;10.69;2.21;""
"";"Her";"66591";"18 03 17 +39 20 58";"STF 2275";"2017";"75";124;0.3;10.11;10.16;0.05;"Y"
"HD 165474";"Oph";"103373";"18 05 43 +12 00 14";"STF 2276 AB";"2023";"138";257;7.1;7.09;7.44;0.35;""
"";"Oph";"103373";"18 05 43 +12 00 14";"STF 2276 AC";"2023";"20";306;63.7;7.09;11.03;3.94;""
"";"Oph";"85723";"18 05 43 +12 00 12";"STF 2276 BC";"2023";"11";311;59.2;7.44;11.03;3.59;""
"HD 165358";"Her";"47173";"18 03 09 +48 27 51";"STF 2277 AB";"2018";"70";128;26.8;6.25;8.93;2.68;""
"";"Her";"47173";"18 03 09 +48 27 51";"STF 2277 AC";"2015";"21";297;99.7;6.25;10.19;3.94;""
"";"Her";"";"18 03 11 +48 27 35";"STF 2277 BC";"2015";"21";300;126.4;8.93;10.19;1.26;""
"HD 165502";"Dra";"30715";"18 02 53 +56 25 40";"STF 2278 AB";"2022";"94";31;35.1;7.78;8.14;0.36;""
"";"Dra";"30715";"18 02 53 +56 25 40";"STF 2278 AC";"2017";"45";38;33.6;7.78;8.53;0.75;""
"";"Dra";"30715";"18 02 53 +56 25 40";"STF 2278 AD";"2022";"19";189;197.9;7.78;10.19;2.41;""
"";"Dra";"30716";"18 02 55 +56 26 12";"STF 2278 BC";"2018";"87";146;6.0;8.14;8.53;0.39;""
"";"Dra";"";"18 02 49 +56 22 24";"STF 2278 DS";"2022";"13";213;6.7;10.19;14.60;4.41;""
"HD 234551";"Dra";"30728";"18 04 34 +50 52 48";"STF 2279";"2017";"38";180;13.6;9.86;10.27;0.41;""
"100 Her";"Her";"85753";"18 07 50 +26 06 04";"STF 2280 AB";"2023";"223";183;14.4;5.81;5.84;0.03;""
"";"Her";"85753";"18 07 50 +26 06 04";"STF 2280 AC";"2000";"5";127;79.9;5.87;11.80;5.93;""
"73 Oph";"Oph";"123187";"18 09 34 +03 59 36";"STF 2281 AB";"2023";"443";281;0.8;5.97;7.52;1.55;"Y"
"";"Oph";"123187";"18 09 34 +03 59 36";"STF 2281 AB,C";"2016";"6";195;68.1;5.77;12.60;6.83;""
"HD 165941";"Her";"47220";"18 06 30 +40 21 40";"STF 2282 AB";"2023";"82";82;2.6;7.93;9.43;1.50;""
"";"Her";"47220";"18 06 30 +40 21 40";"STF 2282 AC";"2015";"6";80;2.8;7.93;9.43;1.50;""
"";"Her";"47220";"18 06 30 +40 21 40";"STF 2282 BC";"2015";"6";221;0.3;9.43;9.43;0.00;""
"HD 166257";"Oph";"123189";"18 09 34 +06 08 45";"STF 2283";"2021";"134";53;0.6;8.25;8.73;0.48;"Y"
"HD 165522";"Dra";"17729";"18 01 23 +65 56 55";"STF 2284";"2020";"42";193;3.5;8.01;9.45;1.44;""
"HD 166256";"Oph";"103430";"18 09 15 +13 29 06";"STF 2285";"2021";"36";333;3.6;8.75;9.82;1.07;""
"HD 166384";"Oph";"123205";"18 10 24 +00 32 36";"STF 2286";"2002";"26";315;3.0;8.10;10.27;2.17;""
"HD 166261";"Oph";"";"18 10 21 +02 35 10";"STF 2287 AB";"2014";"19";153;22.9;10.51;10.78;0.27;""
"HD 166415";"Oph";"123206";"18 10 23 +02 31 46";"STF 2288";"2015";"22";58;15.9;8.73;10.90;2.17;""
"NSV10311";"Her";"103443";"18 10 09 +16 28 35";"STF 2289";"2022";"324";219;1.3;6.65;7.21;0.56;"Y"
"HD 234561";"Her";"30749";"18 06 37 +50 00 38";"STF 2290 AB";"2019";"20";351;4.0;9.23;11.20;1.97;""
"";"Her";"30749";"18 06 37 +50 00 38";"STF 2290 AC";"2015";"6";69;178.1;9.23;12.70;3.47;""
"";"Her";"66707";"18 10 14 +34 01 53";"STF 2291";"2015";"46";340;29.9;10.39;10.81;0.42;""
"HD 167007";"Her";"85818";"18 12 07 +27 38 36";"STF 2292";"2016";"104";276;0.8;8.30;8.62;0.32;""
"HD 166821";"Her";"47273";"18 09 54 +48 24 06";"STF 2293 AB";"2017";"39";83;12.8;8.08;10.34;2.26;""
"HD 167278";"Oph";"123283";"18 14 34 +00 10 33";"STF 2294";"2020";"233";93;1.4;8.22;8.55;0.33;"Y"
"";"Her";"66747";"18 12 34 +31 34 47";"STF 2295";"2015";"26";173;8.3;8.59;10.92;2.33;""
"HD 167517";"Ser";"142184";"18 15 42 -03 21 28";"STF 2296";"2016";"20";6;3.2;7.48;10.22;2.74;""
"HD 167303";"Her";"47304";"18 12 39 +41 23 08";"STF 2298 AB";"2020";"44";172;1.9;8.76;9.94;1.18;""
"";"Her";"47304";"18 12 39 +41 23 08";"STF 2298 AC";"2015";"9";40;72.9;8.76;12.43;3.67;""
"";"UMi";"2933";"17 38 56 +84 02 43";"STF 2299";"2015";"21";125;33.8;9.46;9.67;0.21;""
"HD 238823";"Dra";"30778";"18 09 19 +59 45 03";"STF 2300 AB";"2008";"24";51;12.1;9.24;11.12;1.88;""
"";"Dra";"30778";"18 09 19 +59 45 03";"STF 2300 AD";"2015";"20";89;24.7;9.24;11.86;2.62;""
"HD 167783";"Her";"85869";"18 15 46 +23 59 46";"STF 2301 AB";"2015";"36";128;21.4;8.84;9.78;0.94;""
"HD 166655";"Dra";"8999";"18 02 51 +75 47 24";"STF 2302 AB";"2020";"32";247;5.6;7.03;9.97;2.94;""
"";"Dra";"8999";"18 02 51 +75 47 24";"STF 2302 AC";"2015";"43";278;22.9;7.03;9.66;2.63;""
"";"Dra";"";"18 02 50 +75 47 22";"STF 2302 BC";"2015";"23";287;18.3;9.97;8.10;1.87;""
"HD 168459";"Ser";"142229";"18 20 05 -07 58 53";"STF 2303";"2019";"75";253;1.5;6.62;9.25;2.63;""
"HD 168295";"Lyr";"47358";"18 17 07 +40 15 21";"STF 2304";"2020";"33";69;5.1;8.75;9.75;1.00;""
"HD 168294";"Dra";"30856";"18 16 13 +51 19 46";"STF 2305 AB";"2018";"23";334;5.1;9.16;10.81;1.65;""
"";"Dra";"30856";"18 16 13 +51 19 46";"STF 2305 AC";"2015";"13";197;94.5;9.16;12.68;3.52;""
"";"Sct";"161390";"18 22 14 -15 05 18";"STF 2306 AB";"2018";"77";222;9.1;8.08;8.61;0.53;""
"HD 167855";"Dra";"17811";"18 11 15 +69 14 60";"STF 2307";"2018";"35";205;4.4;9.07;9.12;0.05;""
"41 Dra";"Dra";"8996";"18 00 09 +80 00 14";"STF 2308 AB";"2023";"185";232;18.6;5.70;6.00;0.30;"Y"
"";"Dra";"8996";"18 00 09 +80 00 14";"STF 2308 AC";"2017";"17";129;225.3;5.70;8.34;2.64;""
"HD 168695";"Her";"85935";"18 20 07 +25 31 53";"STF 2309";"2018";"64";352;3.4;9.31;9.95;0.64;""
"HD 168795";"Her";"85950";"18 20 39 +22 47 51";"STF 2310";"2017";"34";235;5.1;6.83;9.98;3.15;""
"";"Oph";"103645";"18 22 14 +11 26 01";"STF 2311 AB";"2018";"63";84;3.0;9.65;10.79;1.14;""
"";"Oph";"103645";"18 22 14 +11 26 01";"STF 2311 AC";"2015";"19";333;146.3;9.65;10.45;0.80;""
"";"Oph";"103645";"18 22 14 +11 26 01";"STF 2311 AD";"2015";"16";290;149.9;9.65;10.69;1.04;""
"HD 168404";"Her";"85958";"18 21 09 +28 20 04";"STF 2312";"2016";"32";341;1.7;9.28;9.91;0.63;""
"HD 169392";"Sct";"142290";"18 24 43 -06 36 13";"STF 2313";"2018";"47";196;5.8;7.48;8.73;1.25;""
"HD 169388";"Her";"85995";"18 23 26 +23 27 19";"STF 2314";"2018";"25";331;2.7;9.02;10.31;1.29;""
"HD 169718";"Her";"86019";"18 24 58 +27 23 41";"STF 2315 AB";"2023";"269";115;0.6;6.57;7.77;1.20;"Y"
"";"Her";"86019";"18 24 58 +27 23 41";"STF 2315 AC";"2002";"4";79;44.9;6.57;13.90;7.33;""
"";"Ser";"123497";"18 27 13 +00 11 46";"STF 2316 Aa,Ab";"2009";"4";298;0.2;5.21;"";"";""
"59 Ser";"Ser";"123497";"18 27 13 +00 11 46";"STF 2316 AB";"2018";"167";322;3.9;5.38;7.62;2.24;""
"HD 169797";"Her";"86025";"18 25 21 +26 05 03";"STF 2317 A,BC";"2006";"9";224;23.0;7.69;11.94;4.25;""
"";"Her";"86025";"18 25 21 +26 05 03";"STF 2317 AD";"2015";"13";189;44.5;7.69;10.28;2.59;""
"";"Her";"";"18 25 19 +26 04 46";"STF 2317 BC";"2016";"13";322;1.4;12.50;12.70;0.20;""
"HD 169819";"Her";"86030";"18 25 28 +26 00 05";"STF 2318";"2015";"31";248;21.0;8.49;10.42;1.93;""
"";"Her";"103740";"18 27 44 +19 17 44";"STF 2319 AB";"2019";"121";190;5.3;8.41;8.23;0.18;""
"";"Her";"103740";"18 27 44 +19 17 44";"STF 2319 AC";"2018";"39";268;43.1;8.41;10.74;2.33;""
"";"Her";"103740";"18 27 44 +19 17 44";"STF 2319 AD";"2015";"14";71;156.7;8.41;9.17;0.76;""
"";"Her";"103739";"18 27 44 +19 17 39";"STF 2319 BC";"2018";"35";276;42.4;8.23;10.74;2.51;""
"HD 170314";"Her";"86083";"18 27 46 +24 41 51";"STF 2320";"2023";"64";358;1.0;7.14;8.90;1.76;""
"HD 170545";"Ser";"123565";"18 29 58 +01 10 54";"STF 2321";"2018";"42";191;6.7;8.49;9.61;1.12;""
"HD 170580";"Oph";"123571";"18 30 05 +04 03 55";"STF 2322 AB";"2009";"25";172;19.8;6.67;11.28;4.61;""
"";"Oph";"123571";"18 30 05 +04 03 55";"STF 2322 AC";"2015";"10";295;67.2;6.67;12.79;6.12;""
"";"Oph";"123571";"18 30 05 +04 03 55";"STF 2322 AD";"2009";"7";197;85.3;6.67;13.39;6.72;""
"39 Dra";"Dra";"30949";"18 23 55 +58 48 02";"STF 2323 AB";"2022";"147";347;3.7;5.06;8.07;3.01;"Y"
"";"Dra";"30949";"18 23 55 +58 48 02";"STF 2323 AC";"2022";"68";19;89.2;5.06;7.95;2.89;""
"";"Dra";"30949";"18 23 55 +58 48 02";"STF 2323 AF";"2008";"3";80;150.5;5.06;12.90;7.84;""
"";"Dra";"30949";"18 23 55 +58 48 02";"STF 2323 AG";"2003";"3";244;35.8;5.06;13.30;8.24;""
"";"Dra";"30949";"18 23 55 +58 48 02";"STF 2323 AH";"2000";"2";93;44.2;5.06;14.40;9.34;""
"";"Dra";"30949";"18 23 55 +58 48 06";"STF 2323 BC";"2017";"36";20;86.5;8.07;7.95;0.12;""
"";"Dra";"30950";"18 23 58 +58 49 26";"STF 2323 CD";"2015";"10";68;198.2;7.90;11.00;3.10;""
"HD 170739";"Ser";"123590";"18 30 58 +01 23 31";"STF 2324 AB";"2018";"62";148;2.4;9.04;9.37;0.33;""
"HD 170740";"Sct";"161569";"18 31 26 -10 47 45";"STF 2325";"2021";"29";257;12.4;5.77;9.31;3.54;""
"HD 168518";"Dra";"2993";"18 05 20 +81 29 08";"STF 2326";"2015";"45";194;16.0;7.98;8.95;0.97;""
"HD 170618";"Lyr";"86108";"18 29 11 +29 55 25";"STF 2327";"2020";"21";314;19.6;8.49;12.20;3.71;""
"HD 170669";"Lyr";"86117";"18 29 28 +29 55 27";"STF 2328 AB";"2020";"62";72;3.7;9.00;9.50;0.50;""
"HD 170881";"Oph";"123602";"18 31 26 +06 27 37";"STF 2329";"2020";"46";43;4.2;8.16;9.44;1.28;""
"HD 170879";"Her";"103802";"18 31 13 +13 10 55";"STF 2330";"2018";"76";165;16.3;8.27;9.69;1.42;""
"";"Dra";"47482";"18 25 38 +64 58 34";"STF 2332";"2015";"10";260;11.6;10.20;12.70;2.50;""
"HD 171026";"Lyr";"67059";"18 31 07 +32 14 43";"STF 2333 AB";"2019";"64";333;6.3;7.82;8.57;0.75;""
"";"Lyr";"67059";"18 31 07 +32 14 43";"STF 2333 AC";"2015";"10";35;164.1;7.82;12.90;5.08;""
"";"Lyr";"67059";"18 31 07 +32 14 43";"STF 2333 AD";"2015";"8";339;85.8;7.82;13.70;5.88;""
"";"Lyr";"";"18 31 07 +32 14 49";"STF 2333 BC";"2015";"10";37;161.1;8.57;12.90;4.33;""
"";"Dra";"17884";"18 25 52 +62 55 21";"STF 2334";"2015";"30";202;17.0;9.41;10.93;1.52;""
"";"Lyr";"67051";"18 30 54 +34 16 31";"STF 2335 AB";"2015";"22";318;11.7;9.33;10.70;1.37;""
"";"Lyr";"67051";"18 30 54 +34 16 31";"STF 2335 AC";"2015";"23";153;25.3;9.33;11.00;1.67;""
"";"Her";"67093";"18 32 49 +13 49 06";"STF 2336";"2016";"33";8;6.8;9.16;10.23;1.07;""
"HD 171333";"Sct";"161630";"18 34 55 -14 42 11";"STF 2337 AB";"2018";"36";296;16.6;8.14;9.05;0.91;""
"";"Lyr";"";"18 30 55 +38 39 34";"STF 2338 AB";"2017";"26";301;12.1;9.30;11.20;1.90;""
"";"Lyr";"67050";"18 30 55 +38 39 34";"STF 2338 AC";"2017";"24";206;76.4;9.30;9.62;0.32;""
"";"Lyr";"";"18 30 55 +38 39 34";"STF 2338 AE";"2017";"13";154;51.7;9.30;13.00;3.70;""
"";"Lyr";"67056";"18 30 52 +38 38 25";"STF 2338 CD";"2017";"6";243;13.0;9.62;14.80;5.18;""
"";"Lyr";"67056";"18 30 52 +38 38 25";"STF 2338 CE";"2017";"11";69;60.7;9.62;13.00;3.38;""
"HD 171365";"Her";"103853";"18 33 46 +17 43 56";"STF 2339 AB,CD";"2020";"120";274;1.4;7.45;8.67;1.22;""
"";"Lyr";"67094";"18 33 01 +31 35 43";"STF 2340 AB";"2018";"36";104;25.1;9.21;10.24;1.03;""
"";"Lyr";"67094";"18 33 01 +31 35 43";"STF 2340 AC";"2015";"14";150;223.3;9.21;10.80;1.59;""
"";"Lyr";"";"18 33 03 +31 35 37";"STF 2340 BC";"2015";"16";155;206.6;10.24;10.80;0.56;""
"HD 171535";"Oph";"103872";"18 34 58 +11 26 32";"STF 2341";"2015";"28";265;15.4;9.15;10.31;1.16;""
"";"Ser";"123673";"18 35 36 +04 56 10";"STF 2342 AC";"2015";"61";0;33.6;6.46;9.63;3.17;""
"";"Dra";"";"18 28 43 +65 06 15";"STF 2343 AC";"2018";"21";212;8.6;10.49;10.82;0.33;""
"";"Lyr";"86215";"18 35 02 +28 43 42";"STF 2344";"2016";"16";175;1.5;10.13;11.55;1.42;""
"HD 171704";"Her";"86223";"18 35 31 +21 04 27";"STF 2345";"2018";"70";225;12.3;9.08;10.48;1.40;""
"HD 171951";"Oph";"123709";"18 37 15 +07 31 43";"STF 2346";"2015";"78";298;30.3;7.93;10.00;2.07;""
"HD 172028";"Ser";"";"18 37 57 -00 23 09";"STF 2347";"2021";"35";258;3.2;8.07;9.75;1.68;""
"HD 170961";"Dra";"31051";"18 33 57 +52 21 13";"STF 2348 AB,C";"2012";"63";271;25.7;5.50;8.65;3.15;""
"NSV11113";"Lyr";"67164";"18 36 37 +33 28 08";"STF 2349 AB";"2016";"24";204;7.2;5.39;9.40;4.01;""
"HD 172348";"Sct";"142480";"18 40 00 -07 47 26";"STF 2350";"2020";"14";191;16.4;6.00;11.94;5.94;""
"HD 172068";"Lyr";"47639";"18 36 12 +41 16 41";"STF 2351";"2020";"121";160;5.0;7.60;7.64;0.04;""
"HD 172131";"Lyr";"67172";"18 36 57 +34 51 59";"STF 2352 AB";"2016";"20";287;15.9;8.06;10.63;2.57;""
"";"Lyr";"67172";"18 36 57 +34 51 59";"STF 2352 AC";"2015";"14";161;210.3;8.06;10.45;2.39;""
"";"Dra";"";"18 33 23 +58 46 04";"STF 2353";"2016";"15";257;13.6;9.71;13.40;3.69;""
"HD 172424";"Oph";"123782";"18 39 52 +07 21 31";"STF 2355 AB";"2002";"15";127;21.7;6.29;11.68;5.39;""
"";"Oph";"123782";"18 39 52 +07 21 31";"STF 2355 AC";"2012";"9";38;109.6;6.29;10.56;4.27;""
"HD 172325";"Lyr";"86271";"18 38 23 +28 41 50";"STF 2356";"2018";"103";65;1.1;8.79;9.23;0.44;""
"";"Dra";"17923";"18 32 54 +63 42 33";"STF 2357";"2022";"25";270;4.6;9.32;9.89;0.57;""
"";"Lyr";"67199";"18 38 35 +30 43 20";"STF 2358 CD";"2016";"43";224;2.5;9.81;10.19;0.38;""
"HD 172362";"Lyr";"67201";"18 38 36 +30 45 37";"STF 2359 AB";"2015";"12";293;24.5;9.06;11.70;2.64;""
"";"Lyr";"67201";"18 38 36 +30 45 37";"STF 2359 AC";"2015";"9";183;136.9;9.06;9.80;0.74;""
"";"Lyr";"67201";"18 38 36 +30 45 37";"STF 2359 AD";"1991";"3";183;138.6;9.06;10.19;1.13;""
"";"Lyr";"67201";"18 38 36 +30 45 37";"STF 2359 AE";"2015";"13";148;225.0;9.06;10.12;1.06;""
"HD 172421";"Her";"86288";"18 39 19 +20 55 59";"STF 2360";"2020";"76";359;2.4;7.97;9.16;1.19;""
"HD 172523";"Ser";"123798";"18 40 35 +03 07 10";"STF 2361";"2015";"34";211;24.9;9.07;9.65;0.58;""
"HD 172394";"Lyr";"67198";"18 38 26 +36 03 11";"STF 2362";"2021";"73";187;4.3;7.53;8.72;1.19;""
"HD 172586";"Her";"86302";"18 40 05 +24 42 12";"STF 2364";"2021";"47";174;10.7;8.09;10.32;2.23;""
"HD 172323";"Dra";"17936";"18 35 09 +63 41 47";"STF 2365";"2015";"38";23;20.0;8.16;10.91;2.75;""
"HD 172130";"Dra";"17925";"18 32 28 +69 57 00";"STF 2366 AB";"2015";"16";333;29.8;8.53;10.79;2.26;""
"";"Lyr";"67250";"18 41 16 +30 17 41";"STF 2367 AB";"2023";"189";71;0.4;7.70;8.03;0.33;"Y"
"HD 172865";"Lyr";"67250";"18 41 16 +30 17 41";"STF 2367 AB,C";"2019";"81";192;14.1;7.05;8.75;1.70;""
"";"Lyr";"67250";"18 41 16 +30 17 41";"STF 2367 AB,D";"2007";"3";84;21.9;7.05;12.00;4.95;""
"";"Lyr";"67250";"18 41 16 +30 17 41";"STF 2367 AB,E";"2002";"4";341;151.7;7.05;11.00;3.95;""
"HD 172712";"Dra";"31086";"18 38 51 +52 20 38";"STF 2368 AB";"2021";"96";320;1.9;7.63;7.77;0.14;""
"";"Dra";"31086";"18 38 51 +52 20 38";"STF 2368 AC";"2015";"11";125;36.6;7.63;12.33;4.70;""
"HD 173174";"Ser";"123858";"18 43 56 +02 37 17";"STF 2369";"2016";"111";25;0.3;9.43;8.32;1.11;"Y"
"HD 171034";"Dra";"9160";"18 33 49 +70 02 40";"STF 2370";"2021";"25";135;10.6;10.58;10.59;0.01;""
"HD 173053";"Lyr";"86336";"18 42 12 +27 38 32";"STF 2371";"2018";"50";56;10.0;9.68;9.96;0.28;""
"HD 173087";"Lyr";"67265";"18 42 08 +34 44 47";"STF 2372 AB";"2019";"79";82;25.0;6.45;7.73;1.28;""
"HD 173457";"Sct";"161805";"18 45 51 -10 29 34";"STF 2373";"2018";"64";336;4.3;7.39;8.43;1.04;""
"HD 336775";"Lyr";"86371";"18 43 28 +27 42 55";"STF 2374 AB";"2016";"40";40;13.4;9.64;10.43;0.79;""
"";"Lyr";"86371";"18 43 28 +27 42 55";"STF 2374 AC";"2016";"22";358;150.6;9.64;9.36;0.28;""
"HD 173495";"Ser";"123886";"18 45 28 +05 30 00";"STF 2375 AB";"2022";"307";121;2.7;6.34;6.73;0.39;"Y"
"HD 173384";"Lyr";"67290";"18 43 42 +30 24 17";"STF 2376 AB";"2015";"41";63;22.3;8.66;9.31;0.65;""
"";"Lyr";"67290";"18 43 42 +30 24 17";"STF 2376 AC";"2015";"15";206;85.1;8.66;12.12;3.46;""
"HD 172923";"Dra";"17963";"18 38 24 +63 31 58";"STF 2377 AB";"2018";"25";338;16.9;6.97;9.83;2.86;""
"HD 173366";"Lyr";"67286";"18 43 22 +35 32 55";"STF 2378 AB";"2018";"33";190;11.5;8.91;9.88;0.97;""
"";"Lyr";"67286";"18 43 22 +35 32 55";"STF 2378 AC";"2018";"10";243;210.2;8.91;12.10;3.19;""
"";"Lyr";"";"18 43 22 +35 32 44";"STF 2378 BC";"2018";"10";246;203.5;9.88;12.10;2.22;""
"5 Aql";"Aql";"142605";"18 46 29 -00 57 42";"STF 2379 AB";"2019";"118";121;12.5;5.88;7.02;1.14;""
"";"Aql";"142606";"18 46 29 -00 57 42";"STF 2379 AC";"2017";"16";155;21.8;5.88;11.30;5.42;""
"";"Aql";"142605";"18 46 29 -00 57 48";"STF 2379 BC";"2017";"14";172;13.4;7.02;11.30;4.28;""
"HD 173399";"Lyr";"47727";"18 42 55 +44 55 31";"STF 2380";"2015";"56";8;25.5;7.28;8.70;1.42;""
"HD 173702";"Lyr";"86407";"18 45 31 +28 15 24";"STF 2381";"2018";"27";122;8.9;8.27;10.36;2.09;""
"";"Lyr";"67310";"18 44 20 +39 40 12";"STF 2382 AB";"2023";"655";344;2.2;5.15;6.10;0.95;"Y"
"";"Lyr";"67315";"18 44 23 +39 36 46";"STF 2383 CD";"2023";"656";73;2.4;5.25;5.38;0.13;"Y"
"";"Lyr";"67315";"18 44 23 +39 36 46";"STF 2383 CE";"2023";"9";332;61.8;5.25;12.30;7.05;""
"";"Dra";"17964";"18 38 24 +67 07 36";"STF 2384 AB";"2022";"103";303;0.4;8.31;8.95;0.64;"Y"
"HD 173084";"Dra";"17964";"18 38 24 +67 07 36";"STF 2384 AB,C";"2015";"8";162;136.5;7.78;12.50;4.72;""
"HD 229450";"Her";"104086";"18 46 33 +16 58 60";"STF 2385 AB";"2017";"27";30;5.5;8.42;10.80;2.38;""
"";"Lyr";"67327";"18 45 14 +35 32 21";"STF 2386 AB";"2015";"29";18;21.1;9.42;10.04;0.62;""
"HD 174069";"Sct";"142648";"18 48 59 -08 27 31";"STF 2388 AB";"2016";"13";344;53.6;7.81;10.94;3.13;""
"";"Sct";"258803";"18 48 58 -08 26 39";"STF 2388 BC";"2016";"14";18;21.1;10.94;11.24;0.30;""
"HD 173953";"Aql";"123927";"18 47 56 +07 42 50";"STF 2389";"2015";"15";310;31.9;8.86;11.88;3.02;""
"HD 173815";"Lyr";"67350";"18 45 50 +34 31 07";"STF 2390";"2021";"56";155;4.2;7.37;8.56;1.19;""
"HD 174005";"Sct";"142640";"18 48 39 -06 00 16";"STF 2391 AB";"2016";"37";332;37.7;6.52;9.59;3.07;""
"";"Sct";"142639";"18 48 38 -05 59 42";"STF 2391 BC";"2016";"8";124;14.4;9.59;14.30;4.71;""
"";"Lyr";"67331";"18 45 10 +39 13 33";"STF 2392 AB";"2021";"29";314;2.8;9.25;11.07;1.82;""
"";"Lyr";"67331";"18 45 10 +39 13 33";"STF 2392 AC";"2021";"28";173;23.8;9.25;10.46;1.21;""
"";"Lyr";"";"18 45 10 +39 13 35";"STF 2392 BC";"2015";"19";169;26.2;11.07;10.46;0.61;""
"HD 173741";"Lyr";"67330";"18 45 11 +38 18 55";"STF 2393 AB";"2020";"43";24;18.2;7.80;10.40;2.60;""
"";"Lyr";"67330";"18 45 11 +38 18 55";"STF 2393 AC";"2015";"14";302;184.5;7.80;11.62;3.82;""
"";"Lyr";"";"18 45 11 +38 19 10";"STF 2393 BC";"2015";"12";296;182.8;10.40;11.62;1.22;""
"";"Lyr";"187236";"18 45 28 +42 02 07";"STF 2394";"2020";"36";203;6.9;9.61;9.96;0.35;""
"HD 173814";"Lyr";"47767";"18 45 04 +46 08 08";"STF 2395 AB";"2015";"23";308;8.5;7.89;10.49;2.60;""
"HD 174080";"Aql";"104119";"18 48 29 +10 44 44";"STF 2396 AB";"2015";"55";337;82.0;8.08;11.25;3.17;""
"";"Aql";"104119";"18 48 29 +10 44 44";"STF 2396 AC";"2015";"12";5;203.2;8.08;10.14;2.06;""
"";"Aql";"104119";"18 48 29 +10 44 44";"STF 2396 AD";"2015";"15";35;203.7;8.08;10.83;2.75;""
"";"Aql";"";"18 48 30 +10 47 59";"STF 2396 CD";"2015";"17";110;105.8;10.14;10.83;0.69;""
"HD 174022";"Lyr";"67378";"18 47 13 +31 24 20";"STF 2397";"2017";"38";269;3.9;7.47;9.08;1.61;""
"HD 173739";"Dra";"";"18 42 47 +59 37 49";"STF 2398 AB";"2020";"641";181;11.4;9.11;9.96;0.85;"Y"
"";"Dra";"";"18 42 47 +59 37 49";"STF 2398 AC";"2013";"21";158;216.8;9.11;12.24;3.13;""
"";"Dra";"";"18 42 47 +59 37 37";"STF 2398 BC";"2000";"18";157;202.7;9.96;12.24;2.28;""
"HD 174238";"Her";"104131";"18 49 07 +13 12 54";"STF 2399 AB";"2015";"31";118;15.8;8.83;9.48;0.65;""
"";"Her";"104131";"18 49 07 +13 12 54";"STF 2399 AC";"2015";"23";48;31.2;8.83;11.10;2.27;""
"";"Her";"104133";"18 49 08 +13 12 47";"STF 2399 BC";"2015";"23";18;29.7;9.48;11.10;1.62;""
"";"Her";"104133";"18 49 08 +13 12 47";"STF 2399 BD";"2015";"15";69;42.4;9.48;12.18;2.70;""
"HD 174224";"Her";"104127";"18 48 55 +16 15 24";"STF 2400 AB";"2020";"42";159;11.1;8.08;11.10;3.02;""
"";"Her";"104127";"18 48 55 +16 15 24";"STF 2400 A,BC";"2016";"34";160;11.0;8.08;10.20;2.12;""
"";"Her";"104127";"18 48 55 +16 15 24";"STF 2400 AC";"2020";"32";162;11.8;8.08;10.60;2.52;""
"";"Her";"104127";"18 48 55 +16 15 24";"STF 2400 AD";"1900";"4";157;0.4;8.08;"";"";""
"";"Her";"";"18 48 55 +16 15 15";"STF 2400 BC";"2016";"37";203;1.0;11.10;10.60;0.50;""
"HD 174261";"Her";"86458";"18 48 58 +21 10 01";"STF 2401 AB";"2020";"62";38;4.2;7.27;9.27;2.00;""
"";"Her";"86458";"18 48 58 +21 10 01";"STF 2401 AC";"2005";"10";149;92.9;7.27;11.09;3.82;""
"HD 174348";"Aql";"104151";"18 49 44 +10 40 35";"STF 2402";"2016";"124";208;1.5;8.94;9.27;0.33;"Y"
"HD 173949";"Dra";"17995";"18 44 18 +61 02 53";"STF 2403";"2011";"49";278;1.1;6.25;8.35;2.10;""
"HD 174569";"Aql";"104170";"18 50 46 +10 58 35";"STF 2404";"2020";"141";180;3.6;6.92;7.77;0.85;""
"";"Sct";"142725";"18 52 08 -07 15 31";"STF 2405 AC";"2018";"18";302;25.6;8.01;10.79;2.78;""
"HD 174549";"Lyr";"86481";"18 49 56 +26 25 31";"STF 2406";"2018";"18";4;4.6;7.12;11.21;4.09;""
"";"Lyr";"67433";"18 49 32 +33 15 55";"STF 2407";"2016";"12";207;30.0;8.98;11.40;2.42;""
"HD 174792";"Aql";"104193";"18 51 58 +10 46 49";"STF 2408";"2019";"55";90;2.3;8.47;9.38;0.91;""
"HD 174791";"Her";"104190";"18 51 44 +13 31 07";"STF 2409 AB";"2015";"48";22;0.9;8.46;9.64;1.18;""
"";"Her";"104190";"18 51 44 +13 31 07";"STF 2409 AC";"2015";"13";196;33.8;8.46;12.96;4.50;""
"HD 174455";"Dra";"31171";"18 46 57 +59 19 52";"STF 2410";"2021";"53";86;1.7;8.59;8.85;0.26;""
"HD 174897";"Her";"104203";"18 52 19 +14 32 08";"STF 2411 AB";"2019";"37";95;13.3;6.63;9.61;2.98;""
"HD 174934";"Her";"104210";"18 52 35 +14 00 12";"STF 2412";"2016";"45";56;1.4;8.96;9.03;0.07;""
"HD 175018";"Ser";"124010";"18 53 24 +03 23 10";"STF 2413";"2020";"49";200;10.1;9.17;9.88;0.71;""
"";"Aql";"";"18 56 18 -00 48 14";"STF 2414 AC";"2015";"22";278;17.1;8.23;11.20;2.97;""
"HD 175427";"Her";"86563";"18 54 33 +20 36 55";"STF 2415";"2020";"78";289;1.9;7.07;8.73;1.66;""
"HD 175308";"Dra";"31225";"18 52 09 +51 19 43";"STF 2416 AB";"2020";"33";157;20.3;8.67;11.17;2.50;""
"";"Dra";"31225";"18 52 09 +51 19 43";"STF 2416 AC";"2020";"23";39;122.5;8.67;9.41;0.74;""
"Alya";"Ser";"124068";"18 56 13 +04 12 13";"STF 2417 AB";"2019";"236";106;22.4;4.59;4.93;0.34;""
"";"Ser";"124068";"18 56 13 +04 12 13";"STF 2417 AC";"2007";"18";58;421.0;4.59;6.78;2.19;""
"";"Ser";"124070";"18 56 15 +04 12 08";"STF 2417 BC";"2007";"17";56;405.6;4.93;6.78;1.85;""
"HD 337202";"Lyr";"86586";"18 55 20 +27 00 10";"STF 2418";"2015";"17";6;16.1;8.08;10.88;2.80;""
"";"Lyr";"86588";"18 55 29 +29 13 36";"STF 2419";"2018";"39";177;3.4;9.13;9.44;0.31;""
"Omi Dra";"Dra";"31218";"18 51 12 +59 23 18";"STF 2420 AB";"2019";"94";316;37.6;4.77;8.26;3.49;""
"";"Dra";"31218";"18 51 12 +59 23 18";"STF 2420 AC";"2014";"4";324;141.3;4.77;12.67;7.90;""
"";"Dra";"31214";"18 51 09 +59 23 46";"STF 2420 BC";"2015";"9";326;103.5;8.26;12.67;4.41;""
"HD 175885";"Lyr";"67597";"18 56 02 +33 47 08";"STF 2421";"2015";"58";57;24.6;8.13;9.34;1.21;""
"HD 176005";"Lyr";"86619";"18 57 08 +26 05 45";"STF 2422";"2021";"146";71;0.8;7.93;8.25;0.32;""
"";"Dra";"18050";"18 51 23 +65 13 39";"STF 2423";"2015";"17";197;2.2;9.52;10.18;0.66;""
"11 Aql";"Aql";"104308";"18 59 06 +13 37 21";"STF 2424 AB";"2019";"101";304;20.8;5.32;9.30;3.98;""
"";"Aql";"104308";"18 59 06 +13 37 21";"STF 2424 AC";"2015";"9";272;79.0;5.32;13.41;8.09;""
"HD 176415";"Aql";"142908";"19 00 34 -08 06 32";"STF 2425";"2024";"45";178;29.4;7.92;8.64;0.72;""
"HD 176485";"Aql";"104332";"18 59 59 +12 53 24";"STF 2426 AB";"2019";"69";261;16.5;7.45;8.96;1.51;""
"";"Aql";"";"18 59 58 +12 53 21";"STF 2426 BC";"2015";"9";173;4.2;8.96;13.50;4.54;""
"";"Lyr";"67643";"18 58 04 +38 13 20";"STF 2427 AB";"2017";"45";59;55.9;9.61;9.93;0.32;""
"";"Lyr";"67643";"18 58 04 +38 13 20";"STF 2427 AC";"2015";"23";61;62.0;9.61;10.20;0.59;""
"";"Lyr";"";"18 58 08 +38 13 48";"STF 2427 BC";"2017";"49";79;7.2;9.93;10.20;0.27;""
"HD 176482";"Aql";"104333";"18 59 57 +14 54 40";"STF 2428 AB";"2019";"38";287;6.9;8.22;10.31;2.09;""
"HD 176375";"Lyr";"67655";"18 58 26 +36 25 33";"STF 2429";"2021";"43";286;5.4;8.36;9.99;1.63;""
"";"Lyr";"86669";"18 59 22 +29 36 11";"STF 2430";"2015";"45";188;1.5;9.07;9.18;0.11;""
"HD 176502";"Lyr";"47965";"18 58 47 +40 40 45";"STF 2431";"2013";"45";236;19.0;6.17;9.61;3.44;""
"HD 176873";"Aql";"104379";"19 01 49 +12 32 28";"STF 2432 AB";"2016";"19";87;14.8;6.82;10.44;3.62;""
"";"Aql";"104379";"19 01 49 +12 32 28";"STF 2432 AC";"2015";"6";160;19.4;6.82;13.30;6.48;""
"HD 176409";"Dra";"31286";"18 56 55 +56 44 57";"STF 2433 AB";"2017";"23";122;7.4;7.17;10.09;2.92;""
"";"Dra";"31286";"18 56 55 +56 44 57";"STF 2433 AC";"2015";"10";140;39.5;7.17;12.65;5.48;""
"";"Aql";"";"19 02 44 -00 42 40";"STF 2434 A,BC";"2023";"139";87;28.1;8.44;8.93;0.49;""
"";"Aql";"";"19 02 46 -00 42 42";"STF 2434 BC";"2023";"98";256;0.8;9.68;9.38;0.30;"Y"
"";"Aql";"";"19 02 02 +08 46 20";"STF 2435 CE";"2016";"18";19;10.9;10.59;12.90;2.31;""
"HD 176915";"Aql";"124181";"19 02 10 +08 45 12";"STF 2436 AB";"2024";"67";315;29.9;8.63;9.29;0.66;""
"";"Aql";"124181";"19 02 10 +08 45 12";"STF 2436 AC";"2016";"19";300;134.4;8.63;10.59;1.96;""
"HD 176972";"Sge";"104383";"19 01 53 +19 10 12";"STF 2437";"2023";"173";2;0.5;8.41;8.83;0.42;"Y"
"HD 176560";"Dra";"31292";"18 57 28 +58 13 30";"STF 2438";"2023";"190";357;0.9;7.01;7.44;0.43;"Y"
"V1440 Aql";"Aql";"142994";"19 05 00 -07 08 31";"STF 2439";"2024";"26";198;22.0;8.59;9.93;1.34;""
"HD 176668";"Dra";"18082";"18 57 17 +62 23 49";"STF 2440 AB";"2015";"33";122;17.4;6.59;9.61;3.02;""
"";"Dra";"18082";"18 57 17 +62 23 49";"STF 2440 AC";"2015";"9";60;161.0;6.59;10.92;4.33;""
"HD 177279";"Lyr";"67730";"19 02 41 +31 23 58";"STF 2441 AB";"2021";"71";263;6.2;7.85;9.78;1.93;""
"";"Lyr";"67730";"19 02 41 +31 23 58";"STF 2441 AC";"2016";"18";135;101.2;7.85;11.20;3.35;""
"HD 177349";"Aql";"104422";"19 03 42 +16 57 58";"STF 2442 AB";"2019";"52";210;9.9;8.48;9.77;1.29;""
"HD 177119";"Aql";"104432";"19 04 04 +14 47 02";"STF 2443";"2019";"45";311;6.8;8.93;9.30;0.37;""
"";"Lyr";"86757";"19 03 48 +26 02 11";"STF 2444";"2015";"22";307;22.2;7.85;10.49;2.64;""
"HD 177648";"Vul";"86774";"19 04 38 +23 19 46";"STF 2445 AB";"2020";"67";262;12.4;7.25;8.57;1.32;""
"";"Vul";"86774";"19 04 38 +23 19 46";"STF 2445 AC";"2015";"23";108;143.8;7.25;8.46;1.21;""
"";"Vul";"245906";"19 04 38 +23 19 44";"STF 2445 BC";"2015";"20";106;155.1;8.57;8.46;0.11;""
"HD 177749";"Aql";"124257";"19 05 48 +06 32 49";"STF 2446 AB";"2024";"88";153;9.4;6.97;8.88;1.91;""
"";"Aql";"124257";"19 05 48 +06 32 49";"STF 2446 AC";"2015";"10";347;37.2;6.97;11.23;4.26;""
"HD 177880";"Aql";"143029";"19 06 35 -01 20 46";"STF 2447 AB";"2019";"42";342;14.1;6.83;9.62;2.79;""
"";"Aql";"143029";"19 06 35 -01 20 46";"STF 2447 AC";"2015";"4";192;12.9;6.83;14.00;7.17;""
"HD 177543";"Lyr";"67752";"19 03 40 +35 44 34";"STF 2448";"2019";"70";191;2.5;8.75;8.80;0.05;""
"HD 177904";"Aql";"124265";"19 06 23 +07 09 20";"STF 2449";"2020";"85";289;8.2;7.20;7.72;0.52;""
"HD 177483";"Dra";"31337";"19 02 07 +52 15 40";"STF 2450 A,BC";"2021";"28";300;5.2;6.50;9.51;3.01;""
"HD 234786";"Dra";"31345";"19 02 58 +51 35 22";"STF 2451";"2019";"69";84;1.9;9.29;9.47;0.18;""
"233 Dra";"Dra";"9286";"18 53 33 +75 47 15";"STF 2452";"2019";"89";217;5.7;6.73;7.35;0.62;""
"HD 177982";"Lyr";"48062";"19 05 06 +40 07 33";"STF 2453";"2019";"50";85;13.4;8.55;10.63;2.08;""
"HD 178091";"Lyr";"67811";"19 06 09 +30 26 19";"STF 2454 AB";"2023";"184";288;1.4;8.34;9.72;1.38;"Y"
"HD 177943";"Vul";"86821";"19 06 53 +22 10 22";"STF 2455 AB";"2020";"256";26;9.9;7.42;9.44;2.02;""
"";"Vul";"86821";"19 06 53 +22 10 22";"STF 2455 AC";"2015";"13";20;99.6;7.42;12.30;4.88;""
"";"Lyr";"67806";"19 05 46 +38 31 05";"STF 2456 AB";"2020";"85";341;17.4;9.25;9.28;0.03;""
"";"Lyr";"67806";"19 05 46 +38 31 05";"STF 2456 AC";"2015";"9";93;20.8;9.25;15.40;6.15;""
"";"Lyr";"67805";"19 05 45 +38 31 22";"STF 2456 BC";"2015";"8";124;31.7;9.28;15.40;6.12;""
"";"Lyr";"67805";"19 05 45 +38 31 22";"STF 2456 BD";"2015";"9";9;69.8;9.28;13.60;4.32;""
"HD 178277";"Vul";"86828";"19 07 08 +22 35 04";"STF 2457";"2020";"62";201;10.2;7.46;9.52;2.06;""
"HD 337517";"Lyr";"86824";"19 06 52 +27 45 09";"STF 2458 AB";"2021";"37";227;11.3;9.71;10.39;0.68;""
"";"Lyr";"86824";"19 06 52 +27 45 09";"STF 2458 AC";"2015";"20";62;71.0;9.71;8.55;1.16;""
"";"Lyr";"";"19 06 52 +27 45 02";"STF 2458 BC";"2015";"17";60;82.0;10.39;8.55;1.84;""
"HD 178354";"Lyr";"86834";"19 07 22 +25 58 24";"STF 2459";"2020";"43";232;13.8;9.12;10.07;0.95;""
"HD 349804";"Sge";"104513";"19 07 59 +19 45 20";"STF 2460 AB";"2018";"34";198;9.5;10.02;10.25;0.23;""
"17 Lyr";"Lyr";"67835";"19 07 26 +32 30 06";"STF 2461 AB";"2017";"70";281;3.2;5.26;9.10;3.84;""
"";"Lyr";"67835";"19 07 26 +32 30 06";"STF 2461 AC";"2015";"23";54;292.4;5.26;10.80;5.54;""
"";"Lyr";"67835";"19 07 26 +32 30 06";"STF 2461 AD";"2015";"32";291;137.8;5.26;8.99;3.73;""
"";"Lyr";"67835";"19 07 26 +32 30 06";"STF 2461 AE";"2015";"24";120;140.3;5.26;10.90;5.64;""
"";"Lyr";"67835";"19 07 26 +32 30 06";"STF 2461 AF";"2015";"23";352;167.1;5.26;10.59;5.33;""
"";"Lyr";"67835";"19 07 26 +32 30 06";"STF 2461 AI";"2015";"6";41;38.6;5.26;13.50;8.24;""
"";"Lyr";"";"19 07 43 +32 32 44";"STF 2461 CE";"2014";"15";206;266.0;10.80;10.90;0.10;""
"";"Lyr";"";"19 07 43 +32 32 44";"STF 2461 CG";"2014";"7";185;181.9;10.80;12.90;2.10;""
"";"Lyr";"";"19 07 43 +32 32 44";"STF 2461 CH";"2014";"5";295;57.3;10.80;13.00;2.20;""
"";"Lyr";"";"19 07 43 +32 32 44";"STF 2461 CR";"2014";"5";225;114.9;10.80;14.60;3.80;""
"";"Lyr";"";"19 07 35 +32 28 58";"STF 2461 EG";"2015";"14";59;115.8;10.90;12.90;2.00;""
"";"Aql";"";"19 10 41 +03 25 56";"STF 2462 AB";"2016";"23";170;8.5;9.80;9.80;0.00;""
"";"Aql";"";"19 10 41 +03 25 56";"STF 2462 AC";"2016";"12";234;11.4;9.80;13.00;3.20;""
"";"Aql";"";"19 10 41 +03 25 56";"STF 2462 AD";"2016";"7";131;9.5;9.80;10.90;1.10;""
"";"Aql";"";"19 10 41 +03 25 48";"STF 2462 BC";"2016";"9";279;11.0;9.80;13.00;3.20;""
"";"Aql";"";"19 10 41 +03 25 48";"STF 2462 BD";"2016";"13";70;6.2;9.80;10.90;1.10;""
"HD 178328";"Lyr";"48082";"19 06 01 +45 48 50";"STF 2463 AB";"2015";"28";0;9.7;9.07;10.80;1.73;""
"";"Lyr";"48082";"19 06 01 +45 48 50";"STF 2463 AC";"2015";"16";280;24.4;9.07;12.90;3.83;""
"HD 178694";"Aql";"104531";"19 09 13 +11 52 04";"STF 2464";"2016";"24";28;1.2;8.48;10.07;1.59;""
"";"Lyr";"67843";"19 07 46 +30 40 22";"STF 2465";"2018";"32";249;1.2;9.04;10.43;1.39;""
"HD 178592";"Lyr";"86844";"19 07 54 +29 48 02";"STF 2466 AB";"2020";"83";103;2.5;8.57;9.02;0.45;""
"";"Lyr";"86844";"19 07 54 +29 48 02";"STF 2466 AC";"2016";"13";141;98.3;8.57;10.84;2.27;""
"";"Lyr";"67851";"19 08 06 +30 47 34";"STF 2467";"2015";"26";262;10.5;10.13;10.33;0.20;""
"HD 178914";"Aql";"124340";"19 10 13 +08 40 57";"STF 2468";"2024";"34";258;7.5;8.80;9.66;0.86;""
"HD 178661";"Lyr";"67846";"19 07 48 +38 55 42";"STF 2469 AB";"2015";"57";126;1.3;7.93;9.13;1.20;""
"HD 178849";"Lyr";"67870";"19 08 45 +34 45 37";"STF 2470";"2017";"63";267;13.8;7.03;8.44;1.41;""
"HD 179123";"Aql";"124355";"19 10 57 +08 07 18";"STF 2471";"2024";"30";122;8.6;7.48;10.64;3.16;""
"HD 178848";"Lyr";"67865";"19 08 34 +37 54 37";"STF 2472 AB";"2021";"61";340;22.7;8.38;10.44;2.06;""
"";"Lyr";"67865";"19 08 34 +37 54 37";"STF 2472 AC";"2021";"37";348;75.4;8.38;10.29;1.91;""
"";"Lyr";"67865";"19 08 34 +37 54 37";"STF 2472 AD";"2021";"24";344;79.2;8.38;10.45;2.07;""
"";"Lyr";"67865";"19 08 34 +37 54 37";"STF 2472 AE";"2021";"20";332;53.3;8.38;12.90;4.52;""
"";"Lyr";"";"19 08 33 +37 54 57";"STF 2472 BC";"2015";"28";351;53.2;10.44;10.29;0.15;""
"";"Lyr";"";"19 08 33 +37 54 57";"STF 2472 BD";"2015";"19";346;56.8;10.44;10.45;0.01;""
"";"Lyr";"";"19 08 32 +37 55 50";"STF 2472 CE";"2015";"18";198;28.2;10.29;12.90;2.61;""
"";"Lyr";"";"19 08 32 +37 55 50";"STF 2473 CD";"2021";"51";294;6.2;10.29;10.45;0.16;""
"HD 178911";"Lyr";"67879";"19 09 04 +34 35 60";"STF 2474 AB";"2019";"84";262;16.0;6.78;7.88;1.10;""
"HD 230824";"Sge";"104557";"19 10 26 +17 44 10";"STF 2475";"2018";"20";321;6.8;9.19;11.30;2.11;""
"";"Aql";"124376";"19 12 03 +02 37 21";"STF 2476 AB,G";"2024";"22";212;29.4;7.00;11.12;4.12;""
"HD 179345";"Aql";"143131";"19 12 22 -04 27 47";"STF 2477";"2015";"20";44;24.6;8.70;11.91;3.21;""
"HD 178303";"Dra";"18130";"19 02 23 +69 26 30";"STF 2478";"2016";"37";316;1.0;9.43;9.52;0.09;""
"HD 179142";"Cyg";"31417";"19 08 20 +55 19 50";"STF 2479 AB,C";"2017";"54";28;6.4;7.49;9.68;2.19;""
"HD 179461";"Lyr";"86917";"19 11 45 +26 14 58";"STF 2480";"2016";"29";23;15.1;7.73;10.17;2.44;""
"";"Lyr";"";"19 11 08 +38 46 48";"STF 2481 Aa,Ab";"2012";"2";30;0.0;8.80;9.70;0.90;""
"HD 179484";"Lyr";"67936";"19 11 08 +38 46 48";"STF 2481 A,BC";"2021";"267";18;4.7;8.39;8.31;0.08;""
"";"Lyr";"67936";"19 11 08 +38 46 48";"STF 2481 AD";"2002";"4";28;230.0;8.39;12.07;3.68;""
"HD 179757";"Sge";"104614";"19 13 02 +19 08 21";"STF 2482";"2016";"45";341;1.8;9.03;10.20;1.17;""
"HD 179709";"Lyr";"67963";"19 12 24 +30 20 52";"STF 2483 AB";"2020";"48";317;10.0;7.97;9.09;1.12;""
"";"Lyr";"67963";"19 12 24 +30 20 52";"STF 2483 AC";"2015";"30";236;71.2;7.97;9.72;1.75;""
"";"Lyr";"";"19 12 23 +30 20 59";"STF 2483 BC";"2015";"27";228;70.4;9.09;9.72;0.63;""
"HD 180054";"Sge";"104635";"19 14 16 +19 03 50";"STF 2484";"2020";"127";241;2.1;7.93;9.51;1.58;"Y"
"HD 180078";"Vul";"86963";"19 14 13 +23 08 22";"STF 2485 AB";"2016";"16";320;8.5;8.54;11.40;2.86;""
"HD 179958";"Cyg";"48193";"19 12 05 +49 51 21";"STF 2486 AB";"2024";"329";203;7.0;6.54;6.67;0.13;"Y"
"";"Cyg";"48193";"19 12 05 +49 51 21";"STF 2486 AC";"2006";"6";96;27.2;6.54;13.20;6.66;""
"";"Cyg";"48193";"19 12 05 +49 51 21";"STF 2486 AD";"2012";"9";104;196.0;6.54;11.12;4.58;""
"Aladfar";"Lyr";"68010";"19 13 45 +39 08 46";"STF 2487 AB";"2017";"74";81;28.4;4.38;8.58;4.20;""
"";"Lyr";"68010";"19 13 45 +39 08 46";"STF 2487 AC";"2014";"10";151;161.5;4.38;11.42;7.04;""
"HD 180376";"Sge";"104661";"19 15 28 +20 01 53";"STF 2488";"2018";"89";353;1.8;9.08;9.99;0.91;""
"HD 180555";"Aql";"104668";"19 16 27 +14 32 41";"STF 2489 AB";"2020";"33";347;8.2;5.67;9.30;3.63;""
"HD 180784";"Aql";"143236";"19 17 60 -03 28 23";"STF 2490";"2014";"23";247;3.5;9.18;11.40;2.22;""
"HD 180638";"Lyr";"87013";"19 16 12 +28 16 50";"STF 2491";"2016";"91";230;1.4;8.58;9.71;1.13;""
"23 Aql";"Aql";"124487";"19 18 32 +01 05 06";"STF 2492 AB";"2016";"54";2;3.3;5.28;8.29;3.01;""
"";"Aql";"124487";"19 18 32 +01 05 06";"STF 2492 AC";"1999";"6";70;10.1;5.28;13.50;8.22;""
"HD 181255";"Aql";"143275";"19 20 03 -06 37 41";"STF 2494";"2020";"22";90;26.2;6.98;10.40;3.42;""
"HD 180756";"Cyg";"48247";"19 15 19 +50 04 16";"STF 2496 AB";"2016";"17";81;2.1;6.46;10.00;3.54;""
"";"Cyg";"48247";"19 15 19 +50 04 16";"STF 2496 AC";"2003";"8";242;186.1;6.46;11.20;4.74;""
"HD 181365";"Aql";"124514";"19 20 01 +05 35 16";"STF 2497";"2019";"49";356;29.3;7.73;8.49;0.76;""
"HD 181386";"Aql";"124516";"19 20 10 +04 02 47";"STF 2498 AB";"2015";"54";65;12.1;8.26;8.90;0.64;""
"HD 181165";"Vul";"87052";"19 18 34 +21 56 52";"STF 2499";"2020";"66";325;2.7;8.82;9.12;0.30;""
"HD 181361";"Sge";"104720";"19 19 26 +19 43 06";"STF 2500 A,BC";"2016";"17";23;19.8;8.21;10.74;2.53;""
"HD 181806";"Aql";"143315";"19 22 04 -04 44 20";"STF 2501 AB";"2015";"38";21;20.0;7.76;9.67;1.91;""
"";"Aql";"143315";"19 22 04 -04 44 20";"STF 2501 AC";"2014";"4";79;7.9;7.76;14.00;6.24;""
"HD 181469";"Lyr";"68130";"19 18 58 +39 16 02";"STF 2502 AB";"2022";"35";203;1.1;8.06;10.30;2.24;""
"HD 181940";"Aql";"143330";"19 22 42 -07 07 41";"STF 2503";"2020";"33";285;2.5;9.00;9.65;0.65;""
"HD 181752";"Sge";"104753";"19 20 60 +19 08 43";"STF 2504 AB";"2020";"81";281;8.8;7.00;9.03;2.03;""
"HD 181657";"Lyr";"68150";"19 19 53 +35 32 17";"STF 2505 AB";"2020";"37";315;11.0;8.31;9.46;1.15;""
"";"Lyr";"68150";"19 19 53 +35 32 17";"STF 2505 AC";"2015";"9";224;20.8;8.31;13.30;4.99;""
"HD 231231";"Aql";"104765";"19 21 46 +14 21 50";"STF 2506";"2016";"25";349;17.7;9.56;10.46;0.90;""
"HD 181777";"Cyg";"48338";"19 19 43 +44 22 29";"STF 2507 AB";"2015";"26";158;25.1;8.72;10.88;2.16;""
"";"Cyg";"48338";"19 19 43 +44 22 29";"STF 2507 AC";"2019";"39";150;29.7;8.72;9.98;1.26;""
"";"Cyg";"";"19 19 44 +44 22 07";"STF 2507 BC";"2015";"29";106;6.4;10.88;9.60;1.28;""
"HD 181179";"Dra";"18235";"19 14 20 +67 54 29";"STF 2508";"2020";"33";116;17.7;9.31;9.74;0.43;""
"HD 181566";"Dra";"18257";"19 16 53 +63 12 27";"STF 2509";"2023";"121";329;1.9;7.44;8.17;0.73;"Y"
"HD 182219";"Aql";"124573";"19 23 18 +09 30 42";"STF 2510 A,BC";"2018";"39";181;9.0;8.57;8.66;0.09;""
"HD 182076";"Cyg";"31586";"19 20 31 +50 20 24";"STF 2511 AB";"2015";"11";53;7.2;7.51;11.10;3.59;""
"";"Cyg";"31586";"19 20 31 +50 20 24";"STF 2511 AC";"2015";"13";118;77.5;7.51;10.17;2.66;""
"HD 182273";"Lyr";"68218";"19 22 41 +31 44 10";"STF 2512";"2015";"24";306;22.7;8.29;10.94;2.65;""
"HD 182575";"Aql";"124601";"19 25 11 +02 27 28";"STF 2513";"2016";"59";330;2.0;8.57;9.47;0.90;""
"HD 181798";"Dra";"18265";"19 16 51 +67 41 34";"STF 2514 AB";"2020";"40";349;24.0;9.60;11.30;1.70;""
"";"Dra";"18265";"19 16 51 +67 41 34";"STF 2514 AC";"2020";"14";255;138.9;9.60;10.83;1.23;""
"HD 182570";"Vul";"87167";"19 24 33 +21 30 57";"STF 2515 AB";"2015";"82";141;6.2;8.45;10.26;1.81;""
"";"Vul";"87167";"19 24 33 +21 30 57";"STF 2515 AC";"2015";"12";182;72.6;8.45;12.20;3.75;""
"HD 182334";"Dra";"31599";"19 21 12 +55 49 22";"STF 2516";"2021";"26";234;4.1;8.27;9.50;1.23;""
"HD 344313";"Vul";"87171";"19 24 46 +22 46 29";"STF 2517";"2015";"19";138;15.7;9.53;11.31;1.78;""
"HD 182808";"Aql";"104821";"19 25 48 +14 36 31";"STF 2518 AB";"2015";"26";352;5.5;8.24;10.48;2.24;""
"HD 183107";"Aql";"143431";"19 28 13 -09 32 16";"STF 2519";"2018";"42";124;12.0;8.34;8.54;0.20;""
"HD 231427";"Aql";"104841";"19 26 49 +12 52 04";"STF 2520 AB";"2018";"28";234;1.9;9.70;10.32;0.62;""
"HD 182955";"Vul";"104839";"19 26 29 +19 53 30";"STF 2521 AB";"2020";"40";31;29.0;5.82;10.50;4.68;""
"";"Vul";"104839";"19 26 29 +19 53 30";"STF 2521 AC";"2012";"16";326;75.1;5.82;10.54;4.72;""
"";"Vul";"104839";"19 26 29 +19 53 30";"STF 2521 AD";"2012";"15";62;152.1;5.82;10.57;4.75;""
"";"Vul";"104839";"19 26 29 +19 53 30";"STF 2521 AE";"2001";"3";66;28.2;5.82;14.50;8.68;""
"HD 182898";"Cyg";"87199";"19 25 48 +28 45 34";"STF 2522";"2021";"40";345;4.5;7.74;8.79;1.05;""
"HD 183014";"Vul";"87218";"19 26 48 +21 09 46";"STF 2523 AB";"2023";"115";148;6.4;7.95;8.05;0.10;""
"";"Vul";"87218";"19 26 48 +21 09 46";"STF 2523 AC";"2007";"12";147;250.8;7.95;7.18;0.77;""
"HD 183034";"Vul";"87212";"19 26 36 +25 29 48";"STF 2524 AB";"2020";"98";81;5.5;9.15;9.53;0.38;""
"HD 183032";"Vul";"87213";"19 26 34 +27 19 22";"STF 2525 AB";"2023";"488";289;2.4;8.19;8.39;0.20;"Y"
"HD 182734";"Dra";"31619";"19 22 55 +57 00 60";"STF 2526 AB";"2015";"24";86;16.6;8.29;10.79;2.50;""
"";"Vul";"87225";"19 27 21 +20 40 08";"STF 2527 AC";"2020";"33";16;4.3;8.50;9.73;1.23;""
"";"Vul";"87225";"19 27 21 +20 40 08";"STF 2527 AD";"2015";"2";25;3.7;8.50;"";"";""
"HD 183101";"Cyg";"68315";"19 26 40 +32 20 45";"STF 2528 AB";"2018";"29";244;14.7;8.80;10.44;1.64;""
"";"Cyg";"68315";"19 26 40 +32 20 45";"STF 2528 AC";"2017";"15";182;32.8;8.80;12.00;3.20;""
"HD 231509";"Sge";"104869";"19 28 05 +17 38 54";"STF 2529";"2018";"28";297;6.7;8.62;10.15;1.53;""
"HD 350071";"Vul";"87247";"19 28 22 +20 19 08";"STF 2530";"2023";"35";153;5.1;9.44;10.70;1.26;""
"HD 183442";"Aql";"124685";"19 29 30 +03 05 24";"STF 2531 AC";"2015";"24";28;31.4;8.09;10.15;2.06;""
"NSV12088";"Aql";"124698";"19 30 11 +02 54 15";"STF 2532 AB";"2020";"25";3;32.3;6.27;10.52;4.25;""
"";"Aql";"124698";"19 30 11 +02 54 15";"STF 2532 AC";"2016";"10";197;119.4;6.27;10.91;4.64;""
"";"Aql";"31711";"19 30 11 +02 54 47";"STF 2532 BC";"2014";"9";194;151.3;10.52;10.91;0.39;""
"";"Aql";"124698";"19 30 11 +02 54 47";"STF 2532 BD";"2015";"5";133;33.6;10.52;13.10;2.58;""
"";"Aql";"";"19 30 05 -00 26 42";"STF 2533";"2015";"30";212;22.1;7.37;9.98;2.61;""
"HD 183363";"Cyg";"68347";"19 27 41 +36 31 44";"STF 2534";"2020";"65";63;7.0;8.21;8.39;0.18;""
"";"Aql";"143494";"19 31 16 -02 06 37";"STF 2535 AC";"2016";"29";297;24.4;7.22;10.51;3.29;""
"HD 231683";"Sge";"104937";"19 31 38 +17 46 59";"STF 2536";"2018";"79";120;1.8;8.40;11.38;2.98;"Y"
"HD 184247";"Aql";"143532";"19 33 38 -04 10 42";"STF 2537";"2015";"31";141;20.4;9.38;9.58;0.20;""
"HD 184106";"Cyg";"68437";"19 31 26 +36 42 38";"STF 2538 AC";"2018";"48";247;52.2;8.99;8.92;0.07;""
"";"Cyg";"68437";"19 31 26 +36 42 38";"STF 2538 AD";"2018";"30";250;46.7;8.99;9.24;0.25;""
"";"Cyg";"68434";"19 31 26 +36 42 42";"STF 2538 BC";"2015";"6";244;56.2;13.40;8.92;4.48;""
"";"Cyg";"68434";"19 31 22 +36 42 18";"STF 2538 CD";"2024";"63";50;6.1;8.92;9.24;0.32;""
"";"Cyg";"68434";"19 31 22 +36 42 18";"STF 2538 CE";"2015";"7";72;31.5;8.92;13.50;4.58;""
"HD 184172";"Cyg";"87325";"19 32 06 +28 16 00";"STF 2539 AC";"2022";"39";4;5.3;7.67;9.78;2.11;""
"";"Cyg";"124745";"19 32 06 +28 16 04";"STF 2539 BC";"2022";"11";65;5.5;13.30;9.78;3.52;""
"HD 184360";"Vul";"87342";"19 33 17 +20 24 50";"STF 2540 AB";"2020";"45";147;5.4;7.52;9.23;1.71;""
"";"Vul";"87342";"19 33 17 +20 24 50";"STF 2540 AC";"2015";"9";221;153.3;7.52;12.80;5.28;""
"HD 184860";"Aql";"162814";"19 36 46 -10 26 37";"STF 2541";"2018";"81";326;5.4;8.72;10.09;1.37;""
"HD 184468";"Cyg";"31755";"19 31 58 +52 59 07";"STF 2542 AB";"2024";"40";253;11.7;8.86;9.61;0.75;""
"";"Cyg";"31755";"19 31 58 +52 59 07";"STF 2542 AC";"2015";"15";269;40.4;8.86;11.50;2.64;""
"HD 184853";"Aql";"124835";"19 36 13 +06 00 27";"STF 2543";"2020";"30";151;11.6;6.76;10.45;3.69;""
"HD 185063";"Aql";"124854";"19 37 06 +08 18 52";"STF 2544 AB";"2016";"69";183;1.0;8.62;9.88;1.26;""
"";"Aql";"124854";"19 37 06 +08 18 52";"STF 2544 AC";"2015";"62";238;13.8;8.62;9.87;1.25;""
"HD 185298";"Aql";"162843";"19 38 43 -10 09 24";"STF 2545 AB";"2020";"121";326;3.8;6.79;8.54;1.75;""
"";"Aql";"162843";"19 38 43 -10 09 24";"STF 2545 AC";"2015";"18";163;25.1;6.79;11.60;4.81;""
"HD 184481";"Dra";"18374";"19 30 02 +66 30 23";"STF 2546 AB";"2015";"10";10;8.5;9.31;11.10;1.79;""
"HD 185342";"Aql";"162847";"19 38 56 -10 20 21";"STF 2547 AB";"2016";"40";330;20.8;8.12;9.53;1.41;""
"";"Aql";"162847";"19 38 56 -10 20 21";"STF 2547 AC";"2015";"18";141;49.6;8.12;11.14;3.02;""
"HD 185057";"Vul";"87445";"19 36 29 +25 00 04";"STF 2548";"2023";"41";99;9.3;8.47;9.85;1.38;""
"";"Dra";"68437";"19 31 12 +63 18 52";"STF 2549 AC";"2018";"42";284;28.3;8.34;9.28;0.94;""
"";"Dra";"68437";"19 31 12 +63 18 52";"STF 2549 AD";"2019";"43";269;55.8;8.34;8.03;0.31;""
"";"Dra";"18378";"19 31 04 +63 18 53";"STF 2549 DC";"2018";"43";76;29.2;8.03;9.28;1.25;""
"HD 184292";"Dra";"9428";"19 26 59 +73 21 59";"STF 2550 AB";"2019";"53";251;1.9;8.50;8.43;0.07;""
"";"Dra";"9428";"19 26 59 +73 21 59";"STF 2550 AC";"2015";"13";167;78.6;8.50;10.10;1.60;""
"";"Dra";"9428";"19 26 59 +73 21 58";"STF 2550 BC";"2015";"11";165;78.4;8.43;10.10;1.67;""
"HD 344630";"Vul";"87468";"19 37 23 +22 48 51";"STF 2551 AB";"2020";"31";42;6.8;9.69;10.53;0.84;""
"";"Vul";"87468";"19 37 23 +22 48 51";"STF 2551 AC";"2015";"15";319;42.8;9.69;11.79;2.10;""
"HD 185335";"Sge";"105077";"19 37 55 +19 21 32";"STF 2552";"2024";"44";195;5.3;8.49;9.11;0.62;""
"HD 185013";"Dra";"18398";"19 33 23 +62 03 11";"STF 2553";"2016";"64";131;1.0;8.71;9.37;0.66;"Y"
"HD 185080";"Dra";"18402";"19 33 58 +60 16 35";"STF 2554";"2016";"36";194;18.6;9.07;9.62;0.55;""
"HD 234943";"Cyg";"31814";"19 36 12 +53 22 28";"STF 2555";"2016";"28";283;1.8;9.42;9.90;0.48;""
"HD 185661";"Vul";"87508";"19 39 26 +22 15 23";"STF 2556";"2018";"203";334;0.4;7.71;8.92;1.21;"Y"
"";"Cyg";"";"19 39 35 +29 44 56";"STF 2557 Aa,Ab";"2015";"2";334;0.6;7.49;"";"";""
"HD 185756";"Cyg";"87522";"19 39 35 +29 44 56";"STF 2557 AB";"2015";"33";103;11.0;7.49;10.23;2.74;""
"HD 185898";"Aql";"105131";"19 41 07 +10 40 49";"STF 2558";"2015";"17";309;27.9;8.11;11.89;3.78;""
"HD 185915";"Vul";"87551";"19 40 40 +23 43 05";"STF 2560 AB";"2015";"27";299;14.2;6.64;10.51;3.87;""
"";"Vul";"87551";"19 40 40 +23 43 05";"STF 2560 AC";"2015";"22";66;118.2;6.64;8.25;1.61;""
"HD 185983";"Vul";"87561";"19 40 52 +27 07 59";"STF 2561";"2015";"19";298;18.3;7.76;10.62;2.86;""
"HD 186226";"Aql";"124969";"19 42 46 +08 22 58";"STF 2562 AB";"2019";"81";251;27.2;6.95;8.69;1.74;""
"";"Aql";"124969";"19 42 46 +08 22 58";"STF 2562 AC";"2015";"11";289;82.0;6.95;12.12;5.17;""
"";"Aql";"124969";"19 42 46 +08 22 58";"STF 2562 AD";"2015";"26";222;117.2;6.95;9.89;2.94;""
"";"Aql";"124966";"19 42 44 +08 22 49";"STF 2562 BC";"2015";"14";305;62.7;8.69;12.12;3.43;""
"";"Aql";"124966";"19 42 44 +08 22 49";"STF 2562 BD";"2015";"25";214;94.6;8.69;9.89;1.20;""
"HD 186224";"Sge";"105169";"19 42 29 +17 25 39";"STF 2563 AB";"2020";"38";286;6.0;8.66;9.52;0.86;""
"";"Sge";"105169";"19 42 29 +17 25 39";"STF 2563 AC";"2015";"20";321;83.4;8.66;9.37;0.71;""
"";"Sge";"105166";"19 42 25 +17 26 44";"STF 2563 CD";"2015";"10";118;7.4;9.37;11.50;2.13;""
"HD 185855";"Dra";"18438";"19 37 00 +63 49 48";"STF 2564";"2017";"49";146;9.2;9.23;10.68;1.45;""
"HD 186509";"Sgr";"";"19 45 18 -13 14 18";"STF 2565";"2019";"27";40;5.5;9.30;9.40;0.10;""
"HD 186490";"Aql";"125008";"19 44 32 +04 58 46";"STF 2566";"2015";"15";232;26.9;7.73;10.15;2.42;""
"HD 186455";"Aql";"105193";"19 44 06 +12 22 21";"STF 2567 AB";"2015";"43";310;17.7;7.93;9.96;2.03;""
"HD 186586";"Sge";"105206";"19 44 48 +16 48 55";"STF 2569";"2021";"43";356;2.8;8.44;9.07;0.63;""
"HD 186587";"Aql";"105207";"19 44 57 +10 46 31";"STF 2570 AB,C";"2021";"49";277;4.3;7.62;9.81;2.19;""
"HD 185497";"Dra";"9452";"19 29 30 +78 15 56";"STF 2571 AB";"2022";"79";19;11.4;7.69;8.27;0.58;""
"HD 184146";"Dra";"3209";"19 15 08 +83 27 46";"STF 2572";"2015";"13";194;22.5;6.52;10.65;4.13;""
"HD 186340";"Dra";"18461";"19 40 13 +60 30 26";"STF 2573";"2019";"50";26;18.2;6.51;8.91;2.40;""
"HD 186453";"Dra";"18469";"19 40 35 +62 39 53";"STF 2574";"2021";"99";96;0.6;7.73;8.91;1.18;"Y"
"HD 186094";"Dra";"9476";"19 34 49 +75 01 04";"STF 2575";"2015";"22";33;7.6;9.72;12.15;2.43;""
"";"Cyg";"68799";"19 45 34 +33 36 07";"STF 2576 FG";"2023";"490";155;3.1;8.47;8.58;0.11;"Y"
"";"Cyg";"68799";"19 45 34 +33 36 07";"STF 2576 FH";"2016";"7";348;51.3;8.48;13.80;5.32;""
"";"Cyg";"68799";"19 45 34 +33 36 07";"STF 2576 FI";"2016";"12";333;34.6;8.48;12.40;3.92;""
"";"Cyg";"68799";"19 45 34 +33 36 04";"STF 2576 GI";"2016";"4";334;37.3;8.58;12.40;3.82;""
"";"Cyg";"68799";"19 45 34 +33 36 04";"STF 2576 GJ";"2016";"7";242;22.5;8.58;11.70;3.12;""
"HD 344955";"Vul";"87662";"19 45 12 +20 54 50";"STF 2577 AB";"2020";"39";262;6.1;8.43;9.56;1.13;""
"HD 186901";"Cyg";"68805";"19 45 40 +36 05 28";"STF 2578 AB";"2019";"90";124;14.9;6.37;7.04;0.67;""
"";"Cyg";"68805";"19 45 40 +36 05 28";"STF 2578 AC";"2006";"9";356;44.3;6.37;12.49;6.12;""
"";"Cyg";"68805";"19 45 40 +36 05 28";"STF 2578 AD";"2006";"7";70;95.0;6.37;12.39;6.02;""
"";"Cyg";"68805";"19 45 40 +36 05 28";"STF 2578 AF";"2013";"23";251;144.5;6.37;9.22;2.85;""
"";"Cyg";"68806";"19 45 41 +36 05 19";"STF 2578 BE";"2015";"4";75;11.4;7.04;14.00;6.96;""
"Fawaris";"Cyg";"48796";"19 44 58 +45 07 50";"STF 2579 AB";"2022";"492";214;2.8;2.89;6.27;3.38;"Y"
"";"Cyg";"48796";"19 44 58 +45 07 50";"STF 2579 AC";"2017";"8";67;62.5;2.89;12.00;9.11;""
"Chi Cyg";"Cyg";"68827";"19 46 26 +33 43 39";"STF 2580 AB";"2024";"156";68;26.1;5.06;9.25;4.19;"Y"
"";"Cyg";"68827";"19 46 26 +33 43 39";"STF 2580 AC";"2020";"40";122;106.3;5.06;9.44;4.38;""
"";"Cyg";"68830";"19 46 28 +33 43 48";"STF 2580 BC";"2016";"23";139;100.8;9.25;9.44;0.19;""
"";"Cyg";"68830";"19 46 28 +33 43 48";"STF 2580 BG";"2016";"4";235;817.7;9.25;8.58;0.67;""
"HD 187306";"Aql";"163020";"19 49 47 -11 24 32";"STF 2581 AB";"2015";"19";287;44.9;7.32;10.67;3.35;""
"HD 187381";"Aql";"143827";"19 49 49 -03 55 21";"STF 2582";"2020";"28";259;2.4;8.67;9.93;1.26;""
"Pi Aql";"Aql";"105282";"19 48 42 +11 48 57";"STF 2583 AB";"2021";"344";104;1.4;6.34;6.75;0.41;""
"";"Aql";"105282";"19 48 42 +11 48 57";"STF 2583 AC";"2012";"10";298;36.2;6.34;12.90;6.56;""
"HD 187256";"Vul";"87739";"19 48 22 +22 11 56";"STF 2584";"2020";"42";293;1.9;9.14;9.20;0.06;""
"Zet Sge";"Sge";"105298";"19 48 59 +19 08 31";"STF 2585 AB,C";"2016";"131";311;8.3;5.04;9.01;3.97;""
"";"Sge";"105298";"19 48 59 +19 08 31";"STF 2585 AB,D";"2005";"10";246;76.0;5.04;11.00;5.96;""
"HD 187343";"Vul";"87748";"19 48 34 +24 57 44";"STF 2586 AB";"2020";"38";226;3.8;7.56;9.28;1.72;""
"";"Vul";"87748";"19 48 34 +24 57 44";"STF 2586 AC";"2015";"20";268;63.8;7.56;9.34;1.78;""
"HD 187734";"Aql";"125141";"19 51 27 +04 05 19";"STF 2587";"2021";"56";101;4.3;6.71;9.42;2.71;""
"HD 187613";"Cyg";"48866";"19 49 01 +44 22 45";"STF 2588 A,BC";"2019";"43";158;9.6;7.74;8.12;0.38;""
"HD 187930";"Aql";"125162";"19 52 33 +00 38 56";"STF 2589";"2019";"61";293;4.9;8.58;8.87;0.29;""
"NSV12496";"Aql";"105355";"19 52 16 +10 21 06";"STF 2590 AB";"2017";"36";308;13.6;6.50;10.31;3.81;""
"";"Aql";"105355";"19 52 16 +10 21 06";"STF 2590 AC";"2015";"5";310;115.0;6.50;12.47;5.97;""
"";"Aql";"";"19 52 10 +10 22 18";"STF 2590 CD";"2015";"13";273;8.4;11.60;12.20;0.60;""
"HD 188023";"Aql";"143884";"19 53 22 -06 00 16";"STF 2591";"2016";"35";106;29.4;8.74;9.23;0.49;""
"HD 186993";"Dra";"9500";"19 39 14 +76 33 39";"STF 2592";"2020";"23";297;0.8;8.35;9.89;1.54;""
"HD 188139";"Aql";"105380";"19 53 17 +11 50 04";"STF 2593 AB";"2019";"21";244;12.1;8.76;10.30;1.54;""
"";"Aql";"105380";"19 53 17 +11 50 04";"STF 2593 AC";"2019";"7";257;14.1;8.76;11.40;2.64;""
"";"Aql";"";"19 53 16 +11 49 59";"STF 2593 BC";"2019";"15";307;3.6;10.10;11.40;1.30;""
"57 Aql";"Aql";"143898";"19 54 38 -08 13 38";"STF 2594 AB";"2019";"104";171;36.3;5.65;6.35;0.70;""
"HD 188328";"Aql";"105396";"19 54 02 +15 17 32";"STF 2596";"2023";"196";296;2.4;7.29;8.68;1.39;"Y"
"HD 188405";"Aql";"143911";"19 55 19 -06 44 05";"STF 2597 AB";"2021";"146";100;0.8;6.94;7.98;1.04;"Y"
"HD 187979";"Cyg";"32037";"19 50 08 +54 39 06";"STF 2598";"2021";"25";150;11.9;8.17;10.58;2.41;""
"HD 188285";"Vul";"87889";"19 53 39 +22 59 20";"STF 2599";"2021";"27";51;3.8;7.53;9.90;2.37;""
"HD 345218";"Vul";"87923";"19 55 15 +22 30 10";"STF 2600";"2018";"44";55;2.9;8.75;9.93;1.18;""
"HD 188802";"Aql";"125262";"19 56 51 +01 55 14";"STF 2601 AB,C";"2018";"29";162;7.1;8.71;10.14;1.43;""
"HD 188576";"Sgr";"";"19 56 16 -13 20 43";"STF 2602";"2016";"27";147;12.3;9.41;9.85;0.44;""
"Tyl";"Dra";"9540";"19 48 10 +70 16 04";"STF 2603";"2023";"161";21;3.1;4.01;6.87;2.86;"Y"
"HD 188772";"Dra";"18575";"19 52 48 +64 10 34";"STF 2604";"2019";"41";182;28.0;6.89;9.02;2.13;""
"Psi Cyg";"Cyg";"32114";"19 55 38 +52 26 20";"STF 2605 AB";"2021";"134";175;2.8;5.03;7.52;2.49;""
"";"Cyg";"32114";"19 55 38 +52 26 20";"STF 2605 AC";"2003";"5";53;23.9;5.03;13.80;8.77;""
"";"Cyg";"32114";"19 55 38 +52 26 20";"STF 2605 AD";"2003";"8";60;169.8;5.03;11.31;6.28;""
"HD 189378";"Cyg";"69186";"19 58 33 +33 16 39";"STF 2606 AB";"2023";"94";147;0.6;7.74;8.43;0.69;"Y"
"HD 189377";"Cyg";"49031";"19 57 56 +42 15 39";"STF 2607 AB,C";"2021";"63";287;2.9;6.56;9.09;2.53;""
"HD 189432";"Cyg";"69193";"19 58 34 +38 06 21";"STF 2609";"2021";"115";23;1.9;6.69;7.64;0.95;""
"HD 189528";"Cyg";"69205";"19 59 07 +35 32 10";"STF 2610 AB";"2024";"42";295;4.3;8.76;9.24;0.48;""
"HD 189636";"Cyg";"49052";"19 58 52 +47 21 48";"STF 2611";"2024";"88";208;5.2;8.47;8.48;0.01;""
"HD 189757";"Aql";"125364";"20 01 23 +06 56 50";"STF 2612 AB";"2016";"40";54;42.5;8.29;9.87;1.58;""
"";"Aql";"125365";"20 01 26 +06 57 15";"STF 2612 BC";"2016";"5";41;26.9;9.90;12.30;2.40;""
"HD 189783";"Aql";"105560";"20 01 27 +10 44 55";"STF 2613 AB";"2023";"168";358;3.5;7.48;8.02;0.54;"Y"
"";"UMi";"3084";"18 05 54 +88 15 12";"STF 2614";"2016";"17";217;1.5;9.85;10.47;0.62;"Y"
"HD 190072";"Aql";"125380";"20 02 54 +08 23 51";"STF 2615";"2021";"34";300;8.9;7.61;10.29;2.68;""
"HD 190090";"Aql";"105589";"20 02 46 +14 34 58";"STF 2616";"2021";"51";267;3.5;6.85;9.64;2.79;""
"HD 189126";"Dra";"9558";"19 51 03 +75 24 10";"STF 2617";"2015";"28";39;27.9;9.13;9.87;0.74;""
"HD 190230";"Aql";"105612";"20 03 27 +15 28 14";"STF 2618";"2018";"41";115;5.6;9.41;9.77;0.36;""
"HD 190042";"Cyg";"49086";"20 01 02 +48 15 28";"STF 2619 AB";"2021";"74";239;4.1;8.91;8.92;0.01;""
"";"Cyg";"49086";"20 01 02 +48 15 28";"STF 2619 AC";"2017";"20";352;20.2;8.91;12.60;3.69;""
"";"Cyg";"49086";"20 01 02 +48 15 28";"STF 2619 AD";"2017";"7";352;14.8;8.91;13.90;4.99;""
"";"Cyg";"49086";"20 01 01 +48 15 25";"STF 2619 BC";"2015";"10";4;22.1;8.92;12.60;3.68;""
"";"Cyg";"49086";"20 01 01 +48 15 25";"STF 2619 BD";"2015";"6";6;16.9;8.92;13.90;4.98;""
"";"Cyg";"211734";"20 01 01 +48 15 46";"STF 2619 CD";"2015";"13";175;5.4;12.60;13.90;1.30;""
"V1470 Aql";"Aql";"105633";"20 04 09 +11 47 40";"STF 2620 AB";"2016";"54";287;1.9;8.23;9.18;0.95;""
"";"Aql";"105633";"20 04 09 +11 47 40";"STF 2620 AC";"2015";"7";46;39.1;8.23;11.83;3.60;""
"HD 190434";"Aql";"125416";"20 04 35 +09 14 24";"STF 2621";"2021";"83";224;5.7;8.36;8.62;0.26;""
"HD 354615";"Sge";"105636";"20 04 09 +17 00 03";"STF 2622 AB";"2018";"53";193;6.0;8.74;9.46;0.72;""
"";"Sge";"105636";"20 04 09 +17 00 03";"STF 2622 AC";"2016";"20";303;17.0;8.74;11.70;2.96;""
"HD 239281";"Cyg";"32186";"19 59 34 +59 27 18";"STF 2623";"2017";"15";100;1.5;9.31;10.90;1.59;""
"HD 190429";"Cyg";"69324";"20 03 29 +36 01 29";"STF 2624 AB";"2021";"149";174;1.9;7.09;7.73;0.64;""
"";"Cyg";"69324";"20 03 29 +36 01 29";"STF 2624 AC";"2018";"42";327;42.3;7.09;9.26;2.17;""
"";"Cyg";"69324";"20 03 29 +36 01 29";"STF 2624 AD";"2018";"11";171;29.0;7.09;12.90;5.81;""
"";"Cyg";"69324";"20 03 29 +36 01 30";"STF 2624 BC";"2018";"33";328;44.7;7.73;9.26;1.53;""
"HD 190723";"Sgr";"163267";"20 06 46 -12 55 37";"STF 2625";"2016";"26";4;12.1;7.78;10.24;2.46;""
"HD 190513";"Cyg";"69346";"20 04 15 +30 32 34";"STF 2626";"2018";"82";128;1.0;8.84;9.08;0.24;""
"HD 191028";"Aql";"125476";"20 07 43 +04 46 29";"STF 2627 AB";"2015";"20";32;2.0;9.67;10.81;1.14;""
"";"Aql";"125476";"20 07 43 +04 46 29";"STF 2627 AC";"2015";"16";261;82.2;9.67;7.70;1.97;""
"HD 191104";"Aql";"125478";"20 07 50 +09 23 59";"STF 2628";"2021";"104";337;2.9;6.60;8.66;2.06;""
"HD 191048";"Aql";"105714";"20 07 21 +16 04 35";"STF 2629";"2020";"21";187;9.3;7.63;10.61;2.98;""
"HD 191065";"Sge";"88215";"20 07 14 +21 06 13";"STF 2631";"2020";"58";339;4.7;8.13;9.12;0.99;""
"";"Dra";"";"20 03 23 +63 30 02";"STF 2632";"2015";"13";299;26.2;10.08;11.43;1.35;""
"HD 191292";"Cyg";"69467";"20 07 58 +32 35 11";"STF 2633 AB";"2016";"29";101;11.6;7.95;11.01;3.06;""
"HD 191039";"Sge";"105765";"20 09 34 +16 48 19";"STF 2634 AB";"2020";"68";15;4.0;7.77;9.92;2.15;""
"";"Sge";"105765";"20 09 34 +16 48 19";"STF 2634 AC";"2015";"7";301;65.0;7.77;13.45;5.68;""
"HD 191533";"Aql";"125517";"20 10 08 +08 26 38";"STF 2635 AB";"2020";"31";80;7.7;6.66;10.19;3.53;""
"";"Aql";"125517";"20 10 08 +08 26 38";"STF 2635 AC";"2015";"9";38;88.9;6.66;13.20;6.54;""
"HD 191750";"Aql";"144156";"20 11 40 -04 35 24";"STF 2636";"2015";"30";203;12.5;9.41;10.36;0.95;""
"The Sge";"Sge";"88276";"20 09 57 +20 54 53";"STF 2637 AB";"2020";"144";331;11.6;6.56;8.85;2.29;""
"";"Sge";"88276";"20 09 57 +20 54 53";"STF 2637 AC";"2020";"98";222;91.9;6.56;7.52;0.96;""
"";"Sge";"88276";"20 09 57 +20 54 53";"STF 2637 AD";"2016";"10";226;172.8;6.56;11.94;5.38;""
"";"Sge";"88275";"20 09 56 +20 55 04";"STF 2637 BC";"2017";"61";215;95.7;8.85;7.52;1.33;""
"HD 191511";"Cyg";"69508";"20 09 09 +33 39 21";"STF 2638";"2015";"22";69;14.0;8.29;10.50;2.21;""
"HD 191566";"Cyg";"69512";"20 09 14 +35 29 02";"STF 2639 AB";"2018";"57";301;5.8;7.78;8.67;0.89;""
"HD 191174";"Dra";"18692";"20 04 45 +63 53 24";"STF 2640 AB";"2019";"78";14;5.7;6.29;9.54;3.25;""
"";"Dra";"18692";"20 04 45 +63 53 24";"STF 2640 AC";"2003";"9";81;153.0;6.29;11.42;5.13;""
"HD 191861";"Aql";"125551";"20 11 53 +03 48 06";"STF 2641";"2016";"25";168;20.7;8.22;10.68;2.46;""
"HD 191310";"Dra";"18703";"20 05 35 +63 42 20";"STF 2642 AB";"2019";"88";191;1.8;9.34;9.41;0.07;""
"";"Dra";"18703";"20 05 35 +63 42 20";"STF 2642 AC";"2003";"4";34;68.6;9.34;12.59;3.25;""
"HD 192007";"Aql";"144173";"20 12 47 -02 59 45";"STF 2643";"2020";"32";81;3.0;7.09;9.40;2.31;""
"HD 191984";"Aql";"125566";"20 12 35 +00 52 00";"STF 2644";"2019";"183";205;2.6;6.92;7.06;0.14;""
"HD 191807";"Cyg";"32319";"20 09 29 +51 40 27";"STF 2645";"2021";"40";138;1.6;8.55;8.98;0.43;""
"HD 192290";"Aql";"144199";"20 14 24 -06 02 51";"STF 2646 AB";"2015";"69";40;17.8;7.49;9.28;1.79;""
"";"Aql";"144201";"20 14 25 -06 02 36";"STF 2646 BC";"2015";"8";106;26.9;9.28;12.96;3.68;""
"HD 190712";"Dra";"9590";"19 56 05 +79 27 07";"STF 2647";"2018";"25";258;8.5;9.22;10.22;1.00;""
"HD 191974";"Cyg";"49271";"20 10 23 +49 49 16";"STF 2648";"2020";"37";118;6.7;8.11;9.59;1.48;""
"HD 192165";"Cyg";"69594";"20 12 19 +32 04 52";"STF 2649 AB";"2018";"47";151;21.6;7.86;9.85;1.99;""
"";"Cyg";"69594";"20 12 19 +32 04 52";"STF 2649 AC";"2018";"18";284;131.0;7.86;11.41;3.55;""
"";"Cyg";"69594";"20 12 19 +32 04 52";"STF 2649 AD";"2018";"15";36;175.9;7.86;10.63;2.77;""
"HD 191700";"Dra";"18722";"20 07 00 +66 18 29";"STF 2650";"2015";"17";228;21.9;6.97;10.81;3.84;""
"HD 192324";"Sge";"105861";"20 13 45 +16 09 29";"STF 2651 AB";"2020";"92";279;0.9;8.41;8.44;0.03;""
"HD 191940";"Dra";"18732";"20 08 57 +62 04 36";"STF 2652";"2009";"76";211;0.3;7.29;7.78;0.49;"Y"
"HD 192342";"Vul";"88377";"20 13 41 +24 14 20";"STF 2653 AB";"2020";"49";277;2.9;6.72;9.18;2.46;""
"HD 192461";"Aql";"144212";"20 15 11 -03 30 13";"STF 2654";"2019";"80";232;14.4;6.96;8.14;1.18;""
"HD 192424";"Vul";"88384";"20 14 05 +22 13 22";"STF 2655 AB";"2020";"118";3;6.2;7.89;7.95;0.06;""
"";"Vul";"88384";"20 14 05 +22 13 22";"STF 2655 AC";"2016";"18";154;60.8;7.89;10.09;2.20;""
"HD 192622";"Aql";"125620";"20 15 37 +07 48 32";"STF 2656";"2016";"25";233;9.7;7.34;11.30;3.96;""
"";"Cyg";"49345";"20 14 22 +42 06 16";"STF 2657 AC";"2021";"39";33;11.5;7.28;9.80;2.52;""
"HD 192679";"Cyg";"32380";"20 13 41 +53 07 30";"STF 2658 AB";"2023";"87";103;5.3;7.19;9.38;2.19;"Y"
"";"Cyg";"32380";"20 13 41 +53 07 30";"STF 2658 AC";"2023";"56";204;67.1;7.19;10.33;3.14;""
"";"Cyg";"32380";"20 13 41 +53 07 30";"STF 2658 AD";"2015";"9";284;30.9;7.19;12.90;5.71;""
"";"Cyg";"32380";"20 13 41 +53 07 29";"STF 2658 BC";"2012";"27";208;65.5;9.38;10.33;0.95;""
"";"Cyg";"32380";"20 13 41 +53 07 29";"STF 2658 BF";"2015";"4";157;17.7;9.38;14.60;5.22;""
"HD 192911";"Cyg";"49388";"20 15 40 +43 38 60";"STF 2659 AB,C";"2019";"41";311;2.7;8.61;10.82;2.21;""
"";"Cyg";"49388";"20 15 40 +43 38 60";"STF 2659 AB,D";"2019";"27";251;20.5;8.61;9.83;1.22;""
"";"Cyg";"49388";"20 15 40 +43 38 60";"STF 2659 AB,G";"2016";"3";265;13.8;8.61;"";"";""
"";"Cyg";"49388";"20 15 40 +43 38 60";"STF 2659 AB,H";"2016";"2";254;12.1;8.61;"";"";""
"HD 192618";"Dra";"18756";"20 11 55 +64 30 32";"STF 2660";"2015";"28";166;22.3;8.71;9.32;0.61;""
"HD 193330";"Aql";"144303";"20 19 53 -02 14 51";"STF 2661";"2016";"38";341;24.4;7.87;9.19;1.32;""
"HD 193162";"Del";"105943";"20 18 33 +10 59 32";"STF 2662";"2018";"26";42;2.0;8.69;10.30;1.61;""
"HD 193063";"Cyg";"69749";"20 16 49 +39 41 50";"STF 2663 AB";"2018";"41";322;5.4;8.20;8.66;0.46;""
"HD 193392";"Del";"105967";"20 19 38 +13 00 17";"STF 2664";"2019";"55";322;27.8;8.07;8.34;0.27;""
"HD 193349";"Del";"105957";"20 19 21 +14 22 15";"STF 2665 A,BC";"2020";"34";12;3.3;6.88;9.55;2.67;""
"HD 193322";"Cyg";"49438";"20 18 07 +40 43 56";"STF 2666 AB";"2023";"90";245;2.9;5.96;8.24;2.28;""
"";"Cyg";"49438";"20 18 07 +40 43 56";"STF 2666 AC";"2006";"13";207;34.0;5.96;10.70;4.74;""
"";"Cyg";"49438";"20 18 06 +40 43 25";"STF 2666 CD";"2018";"13";142;24.1;10.70;11.00;0.30;""
"HD 193267";"Cyg";"49431";"20 17 30 +45 38 16";"STF 2667";"2020";"40";224;8.0;8.66;9.00;0.34;""
"HD 193702";"Cyg";"69856";"20 20 15 +39 24 12";"STF 2668 AB,C";"2023";"69";280;3.7;6.34;8.49;2.15;""
"HD 239381";"Cyg";"32475";"20 19 24 +56 07 18";"STF 2669 AB";"2018";"28";259;23.4;9.28;9.91;0.63;""
"HD 355469";"Del";"106029";"20 22 12 +16 22 49";"STF 2670 AB";"2019";"42";153;30.0;8.99;9.19;0.20;""
"";"Del";"106030";"20 22 13 +16 22 23";"STF 2670 BC";"2019";"29";77;15.9;9.19;10.60;1.41;""
"HD 193592";"Cyg";"32455";"20 18 25 +55 23 50";"STF 2671 AB";"2023";"122";338;3.9;6.01;7.51;1.50;""
"";"Cyg";"32455";"20 18 25 +55 23 50";"STF 2671 AC";"2003";"4";53;87.2;6.01;12.40;6.39;""
"";"Cyg";"";"20 18 33 +55 24 41";"STF 2671 CD";"2015";"7";138;5.3;12.40;13.30;0.90;""
"HD 193817";"Vul";"88567";"20 21 36 +23 45 51";"STF 2672";"2023";"101";356;0.7;9.34;9.60;0.26;"Y"
"HD 193967";"Del";"106038";"20 22 44 +13 20 25";"STF 2673 AB";"2020";"48";326;2.3;8.29;9.75;1.46;""
"";"Del";"106038";"20 22 44 +13 20 25";"STF 2673 AC";"2016";"32";100;76.5;8.29;8.60;0.31;""
"";"Del";"106040";"20 22 49 +13 20 12";"STF 2674 CD";"2016";"32";1;15.0;8.60;11.43;2.83;""
"Kap Cep";"Cep";"9665";"20 08 53 +77 42 41";"STF 2675 AB";"2021";"88";121;7.3;4.39;8.34;3.95;""
"";"Cep";"9665";"20 08 53 +77 42 41";"STF 2675 AC";"2004";"10";334;170.2;4.39;10.32;5.93;""
"HD 194111";"Vul";"88608";"20 22 51 +27 07 54";"STF 2676 AB";"2016";"26";170;3.0;8.26;9.98;1.72;""
"NSV13064";"Aql";"125769";"20 24 38 +01 04 06";"STF 2677 AB";"2015";"21";30;31.2;6.13;10.83;4.70;""
"";"Aql";"125769";"20 24 38 +01 04 06";"STF 2677 AC";"2015";"5";13;16.2;6.15;13.10;6.95;""
"HD 194425";"Aql";"144413";"20 25 50 -08 18 10";"STF 2678";"2016";"33";310;3.4;9.85;10.22;0.37;""
"HD 194318";"Del";"106068";"20 24 23 +19 34 30";"STF 2679 AB";"2019";"51";77;24.7;7.88;9.69;1.81;""
"";"Del";"106068";"20 24 23 +19 34 30";"STF 2679 AC";"2017";"17";150;38.6;7.88;11.56;3.68;""
"HD 194382";"Del";"106078";"20 24 49 +14 52 05";"STF 2680";"2020";"56";288;16.2;9.20;9.48;0.28;""
"HD 194354";"Cyg";"32516";"20 22 50 +53 25 03";"STF 2681 AB";"2021";"25";39;6.8;7.97;10.61;2.64;""
"";"Cyg";"32516";"20 22 50 +53 25 03";"STF 2681 AC";"2015";"31";199;38.2;7.97;8.89;0.92;""
"";"Cyg";"32516";"20 22 50 +53 25 03";"STF 2681 AD";"2015";"15";166;42.0;7.97;11.80;3.83;""
"";"Cyg";"32515";"20 22 48 +53 24 26";"STF 2681 CD";"2015";"22";101;23.3;8.89;11.80;2.91;""
"HD 194596";"Vul";"88666";"20 25 41 +25 21 02";"STF 2682";"2015";"24";298;22.0;8.34;10.17;1.83;""
"HD 194847";"Cap";"163606";"20 28 24 -13 09 23";"STF 2683";"2018";"27";67;22.8;8.52;8.88;0.36;""
"HD 194613";"Dra";"18839";"20 22 54 +64 10 58";"STF 2685";"2018";"21";347;4.2;9.23;9.95;0.72;""
"HD 195234";"Del";"106159";"20 29 44 +10 17 58";"STF 2686";"2014";"25";278;25.8;9.36;10.80;1.44;""
"HD 195066";"Cyg";"32590";"20 26 23 +56 38 19";"STF 2687";"2023";"53";118;26.7;6.37;8.31;1.94;""
"";"Del";"106189";"20 30 48 +13 47 02";"STF 2688";"2019";"37";175;7.9;9.35;10.41;1.06;""
"HD 195483";"Del";"106195";"20 31 12 +11 15 34";"STF 2690 A,BC";"2020";"161";255;17.8;7.12;7.39;0.27;""
"HD 195406";"Cyg";"70107";"20 29 43 +38 07 32";"STF 2691";"2023";"48";31;16.6;8.14;8.45;0.31;""
"HD 195532";"Vul";"88789";"20 31 02 +26 28 60";"STF 2692 AB";"2023";"12";165;10.3;8.75;12.10;3.35;""
"";"Vul";"88789";"20 31 02 +26 28 60";"STF 2692 AC";"2023";"26";301;25.8;8.75;9.59;0.84;""
"HD 195372";"Cyg";"32613";"20 28 24 +54 30 05";"STF 2693";"2016";"30";12;13.7;8.17;9.23;1.06;""
"HD 194375";"Dra";"3364";"20 14 26 +80 31 54";"STF 2694";"2021";"20";344;4.3;6.85;9.58;2.73;""
"HD 195692";"Vul";"88808";"20 31 58 +25 48 18";"STF 2695";"2023";"147";264;0.3;6.58;8.75;2.17;"Y"
"HD 195823";"Del";"125945";"20 33 32 +05 26 32";"STF 2696 AB";"2020";"95";296;0.5;7.93;8.71;0.78;""
"";"Del";"125945";"20 33 32 +05 26 32";"STF 2696 AC";"2014";"8";348;13.7;7.93;13.74;5.81;""
"HD 195945";"Aql";"";"20 34 23 -00 28 44";"STF 2697";"2015";"18";358;29.8;7.82;10.07;2.25;""
"HD 196021";"Vul";"";"20 33 46 +28 07 34";"STF 2698";"2020";"59";305;4.5;8.66;9.09;0.43;""
"HD 196310";"Cap";"163730";"20 36 55 -12 44 13";"STF 2699 AB";"2017";"48";196;9.2;8.03;9.22;1.19;""
"";"Cap";"163730";"20 36 55 -12 44 13";"STF 2699 AC";"2015";"8";169;37.2;8.03;13.64;5.61;""
"";"Cap";"163730";"20 36 55 -12 44 13";"STF 2699 AD";"2015";"8";157;57.0;8.03;14.27;6.24;""
"HD 196197";"Cyg";"70220";"20 34 45 +32 30 21";"STF 2700";"2019";"56";284;24.1;6.99;8.75;1.76;""
"HD 196423";"Del";"106305";"20 36 59 +12 02 55";"STF 2701";"2021";"94";221;2.1;8.32;8.59;0.27;""
"HD 196344";"Cyg";"70241";"20 35 35 +35 10 11";"STF 2702";"2018";"53";208;3.1;8.70;8.99;0.29;""
"HD 196411";"Del";"106302";"20 36 49 +14 43 42";"STF 2703 AB";"2019";"98";290;25.1;8.35;8.42;0.07;""
"";"Del";"106302";"20 36 49 +14 43 42";"STF 2703 AC";"2016";"66";234;77.8;8.35;8.76;0.41;""
"";"Del";"106302";"20 36 49 +14 43 42";"STF 2703 AD";"2016";"11";347;84.7;8.35;12.78;4.43;""
"";"Del";"106301";"20 36 48 +14 43 51";"STF 2703 BC";"2016";"75";215;67.0;8.42;8.76;0.34;""
"Bet Del";"Del";"106316";"20 37 33 +14 35 43";"STF 2704 AB,D";"2014";"60";317;47.8;3.68;11.40;7.72;""
"HD 196673";"Cyg";"70300";"20 37 44 +33 21 59";"STF 2705 AB";"2019";"77";264;3.1;7.48;8.54;1.06;""
"";"Cyg";"70300";"20 37 44 +33 21 59";"STF 2705 AC";"2015";"9";341;183.4;7.48;12.59;5.11;""
"";"Cyg";"70300";"20 37 44 +33 21 59";"STF 2705 AD";"2015";"4";3;54.5;7.48;12.93;5.45;""
"";"Cyg";"70300";"20 37 44 +33 21 59";"STF 2705 AE";"2015";"7";42;74.2;7.48;12.42;4.94;""
"HD 197042";"Aqr";"144699";"20 41 11 -01 04 50";"STF 2706 AB";"2020";"20";37;11.1;8.68;10.78;2.10;""
"";"Aqr";"144699";"20 41 11 -01 04 50";"STF 2706 AC";"2003";"9";318;189.6;8.68;9.75;1.07;""
"HD 196808";"Cyg";"49879";"20 37 51 +47 56 42";"STF 2707 AB";"2015";"34";29;21.8;7.94;9.45;1.51;""
"";"Cyg";"49879";"20 37 51 +47 56 42";"STF 2707 AC";"2015";"35";195;55.3;7.94;8.62;0.68;""
"HD 196850";"Cyg";"70321";"20 38 40 +38 38 06";"STF 2708 AB";"2018";"133";323;57.9;6.83;8.67;1.84;""
"";"Cyg";"70321";"20 38 40 +38 38 06";"STF 2708 AC";"2015";"8";336;40.6;6.83;13.70;6.87;""
"";"Cyg";"70321";"20 38 40 +38 38 06";"STF 2708 AD";"2015";"16";231;115.6;6.83;11.26;4.43;""
"HD 196882";"Vul";"88967";"20 39 34 +21 43 17";"STF 2709";"2021";"36";296;10.1;8.84;10.54;1.70;""
"HD 196909";"Vul";"88971";"20 39 39 +21 41 22";"STF 2710";"2020";"15";163;19.0;8.27;10.10;1.83;""
"HD 196954";"Cyg";"70331";"20 39 35 +30 30 15";"STF 2711";"2021";"39";223;2.3;8.17;9.24;1.07;""
"HD 197078";"Del";"106375";"20 40 55 +10 34 29";"STF 2713";"2020";"39";62;5.1;9.80;9.80;0.00;""
"HD 334935";"Cyg";"88989";"20 40 16 +29 46 49";"STF 2714";"2015";"20";338;6.8;8.97;12.50;3.53;""
"HD 197179";"Del";"106390";"20 41 46 +12 31 07";"STF 2715";"2016";"32";2;12.4;7.80;10.22;2.42;""
"49 Cyg";"Cyg";"70362";"20 41 03 +32 18 26";"STF 2716 AB";"2023";"106";46;2.8;5.75;8.10;2.35;""
"";"Cyg";"70362";"20 41 03 +32 18 26";"STF 2716 AC";"2015";"8";93;67.1;5.75;12.08;6.33;""
"HD 196988";"Cyg";"18958";"20 37 48 +60 45 22";"STF 2717 AB";"2016";"29";259;2.1;7.34;9.46;2.12;""
"";"Cyg";"18958";"20 37 48 +60 45 22";"STF 2717 AC";"2015";"14";52;40.8;7.34;10.43;3.09;""
"HD 197312";"Del";"106409";"20 42 33 +12 43 42";"STF 2718 AB";"2020";"85";87;8.5;8.28;8.39;0.11;""
"";"Del";"106409";"20 42 33 +12 43 42";"STF 2718 AC";"2015";"20";346;167.2;8.28;9.02;0.74;""
"";"Del";"106410";"20 42 34 +12 43 42";"STF 2718 BC";"2015";"16";346;167.3;8.39;9.02;0.63;""
"";"Cyg";"49926";"20 40 43 +43 21 00";"STF 2719";"2016";"17";142;14.2;9.18;11.02;1.84;""
"HD 197474";"Del";"106426";"20 43 28 +16 56 42";"STF 2720";"2020";"59";178;3.9;9.22;9.56;0.34;""
"HD 197473";"Del";"106427";"20 43 30 +19 52 52";"STF 2721";"2020";"29";21;2.6;7.80;9.90;2.10;""
"HD 197518";"Del";"106430";"20 43 39 +19 43 41";"STF 2722";"2020";"49";306;7.5;8.32;8.94;0.62;""
"HD 197684";"Del";"106443";"20 44 55 +12 18 46";"STF 2723 AB";"2021";"185";140;1.0;7.01;8.30;1.29;"Y"
"HD 347352";"Vul";"89071";"20 44 28 +23 56 00";"STF 2724";"2021";"48";150;2.5;8.97;9.00;0.03;""
"OR Del";"Del";"106466";"20 46 13 +15 54 26";"STF 2725 AB";"2022";"288";13;6.2;7.54;8.20;0.66;"Y"
"52 Cyg";"Cyg";"70467";"20 45 40 +30 43 11";"STF 2726";"2021";"74";74;5.8;4.33;9.50;5.17;""
"Gam2 Del";"Del";"106477";"20 46 40 +16 07 27";"STF 2727 AB";"2022";"546";266;8.8;4.36;5.03;0.67;"Y"
"HD 198238";"Vul";"89142";"20 48 15 +26 23 41";"STF 2728 AB";"2021";"31";25;10.7;7.92;10.38;2.46;""
"";"Vul";"89142";"20 48 15 +26 23 41";"STF 2728 AC";"2015";"10";213;19.4;7.92;13.60;5.68;""
"4 Aqr";"Aqr";"144877";"20 51 26 -05 37 36";"STF 2729 AB";"2023";"358";36;0.7;6.40;7.43;1.03;"Y"
"";"Aqr";"144877";"20 51 26 -05 37 36";"STF 2729 AC";"2002";"5";311;74.3;6.40;13.30;6.90;""
"";"Aqr";"144877";"20 51 26 -05 37 36";"STF 2729 AD";"2012";"18";324;137.3;6.40;9.66;3.26;""
"HD 198569";"Del";"126289";"20 51 04 +06 23 14";"STF 2730";"2019";"69";333;3.3;8.43;8.57;0.14;""
"HD 198436";"Cyg";"70541";"20 49 01 +39 47 30";"STF 2731 AB";"2021";"26";86;4.1;7.65;9.59;1.94;""
"HD 198513";"Cyg";"32908";"20 48 43 +51 54 37";"STF 2732";"2021";"47";72;4.2;6.38;8.63;2.25;""
"HD 198812";"Del";"126322";"20 52 43 +07 19 48";"STF 2733";"2015";"44";145;40.2;8.39;8.58;0.19;""
"";"Del";"106630";"20 54 04 +13 06 15";"STF 2734";"2015";"54";227;24.4;9.39;9.82;0.43;""
"HD 199223";"Del";"126373";"20 55 41 +04 31 58";"STF 2735";"2020";"134";281;2.0;6.45;7.54;1.09;""
"HD 199427";"Del";"106684";"20 56 44 +12 59 34";"STF 2736";"2018";"51";219;5.3;8.34;9.36;1.02;""
"";"Equ";"126428";"20 59 05 +04 17 38";"STF 2737 AB";"2023";"517";109;0.1;5.96;6.31;0.35;"Y"
"Eps Equ";"Equ";"126428";"20 59 05 +04 17 38";"STF 2737 AB,C";"2023";"308";67;10.6;5.30;7.05;1.75;""
"";"Equ";"126428";"20 59 05 +04 17 38";"STF 2737 AD";"2013";"4";293;69.3;5.96;13.10;7.14;""
"";"Equ";"126428";"20 59 04 +04 17 37";"STF 2737 BC";"2019";"19";66;10.6;6.31;7.05;0.74;""
"HD 199722";"Del";"106719";"20 58 32 +16 26 12";"STF 2738 AB";"2016";"65";254;15.0;7.51;8.57;1.06;""
"";"Del";"106719";"20 58 32 +16 26 12";"STF 2738 AC";"2016";"24";104;209.4;7.51;8.14;0.63;""
"";"Del";"";"20 58 31 +16 26 08";"STF 2738 BC";"2016";"21";102;222.7;8.57;8.14;0.43;""
"HD 199940";"Vul";"106739";"20 59 48 +20 04 09";"STF 2739";"2020";"39";253;3.3;9.17;9.69;0.52;""
"HD 199849";"Cep";"19115";"20 56 51 +61 33 39";"STF 2740 AB";"2016";"23";331;4.1;8.29;10.08;1.79;""
"HD 199955";"Cyg";"33034";"20 58 30 +50 27 42";"STF 2741 AB";"2023";"156";25;2.1;5.94;6.79;0.85;""
"";"Cyg";"33034";"20 58 30 +50 27 42";"STF 2741 AC";"2003";"5";355;138.6;5.94;11.77;5.83;""
"Lam Equ";"Equ";"126482";"21 02 13 +07 10 47";"STF 2742";"2021";"194";213;3.0;7.41;7.64;0.23;""
"59 Cyg";"Cyg";"50335";"20 59 50 +47 31 15";"STF 2743 AB";"2012";"33";353;21.0;4.74;9.43;4.69;""
"";"Cyg";"50335";"20 59 50 +47 31 15";"STF 2743 AC";"2012";"18";140;26.5;4.74;11.62;6.88;""
"";"Cyg";"50335";"20 59 50 +47 31 15";"STF 2743 AD";"2012";"5";222;39.3;4.74;11.20;6.46;""
"";"Cyg";"50335";"20 59 50 +47 31 15";"STF 2743 AE";"2003";"5";59;70.6;4.74;12.02;7.28;""
"HD 200375";"Aqr";"126491";"21 03 03 +01 31 56";"STF 2744 AB";"2020";"382";107;1.2;6.76;7.33;0.57;"Y"
"";"Aqr";"126491";"21 03 03 +01 31 56";"STF 2744 AC";"2000";"3";99;97.8;6.76;12.90;6.14;""
"";"Aqr";"126491";"21 03 03 +01 31 56";"STF 2744 AD";"2011";"3";300;73.9;6.76;14.30;7.54;""
"12 Aqr";"Aqr";"145065";"21 04 05 -05 49 23";"STF 2745 AB";"2021";"127";198;2.4;5.80;7.50;1.70;""
"HD 200370";"Cyg";"70808";"21 01 50 +39 15 38";"STF 2746";"2023";"138";323;1.3;7.92;8.71;0.79;""
"HD 200466";"Cyg";"70816";"21 02 22 +37 39 14";"STF 2747";"2022";"83";267;4.7;8.45;8.66;0.21;""
"";"Equ";"126523";"21 04 45 +03 32 02";"STF 2749 A,BC";"2021";"102";182;3.0;8.06;9.36;1.30;""
"";"Equ";"126523";"21 04 45 +03 32 02";"STF 2749 AC";"2021";"15";174;3.5;8.06;9.36;1.30;""
"HD 200757";"Del";"106823";"21 05 02 +12 43 20";"STF 2750 A,BC";"2016";"45";280;16.0;8.96;10.40;1.44;""
"HD 200614";"Cep";"33078";"21 02 09 +56 40 11";"STF 2751";"2021";"173";356;1.6;6.23;6.89;0.66;""
"HD 200968";"Aqr";"164147";"21 07 10 -13 55 22";"STF 2752 AB";"2021";"36";187;3.5;7.29;9.99;2.70;"Y"
"HD 200842";"Cyg";"70876";"21 04 58 +35 25 46";"STF 2753";"2015";"23";335;29.3;7.38;10.74;3.36;""
"";"Del";"106833";"21 06 12 +13 10 57";"STF 2754 AB";"2014";"37";298;29.7;9.16;10.60;1.44;""
"";"Del";"106833";"21 06 12 +13 10 57";"STF 2754 AC";"2014";"8";225;151.0;9.16;12.95;3.79;""
"HD 201098";"Aqr";"";"21 07 33 -00 09 50";"STF 2755";"2019";"34";79;25.4;6.88;9.86;2.98;""
"";"Vul";"89461";"21 06 29 +26 55 05";"STF 2756 AB";"2023";"12";49;11.8;10.20;12.30;2.10;""
"";"Vul";"89461";"21 06 29 +26 55 05";"STF 2756 AC";"2023";"8";288;75.0;9.24;6.25;2.99;""
"HD 200943";"Cyg";"33110";"21 04 35 +52 23 59";"STF 2757";"2016";"29";264;1.9;7.82;9.24;1.42;""
"61 Cyg";"Cyg";"70919";"21 06 54 +38 44 58";"STF 2758 AB";"2024";"1814";154;32.1;5.35;6.10;0.75;"Y"
"";"Cyg";"70919";"21 06 54 +38 44 58";"STF 2758 AC";"2016";"7";219;839.8;5.35;10.23;4.88;""
"";"Cyg";"164143";"21 06 54 +38 44 58";"STF 2758 AD";"2016";"5";250;748.0;5.35;10.45;5.10;""
"";"Cyg";"70919";"21 06 54 +38 44 58";"STF 2758 AE";"2016";"13";267;340.8;5.35;9.63;4.28;""
"";"Cyg";"70919";"21 06 54 +38 44 58";"STF 2758 AF";"2016";"11";240;371.2;5.35;11.30;5.95;""
"";"Cyg";"70919";"21 06 54 +38 44 58";"STF 2758 AG";"2016";"15";236;260.4;5.35;11.30;5.95;""
"";"Cyg";"70919";"21 06 54 +38 44 58";"STF 2758 AH";"2023";"36";260;143.3;5.35;9.97;4.62;""
"";"Cyg";"";"21 06 55 +38 44 32";"STF 2758 BC";"2016";"7";221;827.6;6.10;10.03;3.93;""
"HD 201093";"Cyg";"70915";"21 06 28 +32 27 12";"STF 2759";"2015";"52";334;19.0;8.72;10.06;1.34;""
"61 Cyg";"Cyg";"70925";"21 06 47 +34 07 56";"STF 2760 AB";"2020";"242";33;5.6;7.90;8.74;0.84;""
"";"Cyg";"70925";"21 06 47 +34 07 56";"STF 2760 AC";"2016";"20";150;57.4;7.90;11.85;3.95;""
"HD 201214";"Vul";"89470";"21 07 29 +24 28 30";"STF 2761";"2020";"46";111;5.6;9.29;9.76;0.47;""
"V389 Cyg";"Cyg";"70968";"21 08 39 +30 12 20";"STF 2762 AB";"2023";"117";303;3.3;5.70;8.10;2.40;""
"";"Cyg";"70968";"21 08 39 +30 12 20";"STF 2762 AC";"2021";"19";229;59.0;5.70;10.22;4.52;""
"";"Cyg";"70968";"21 08 39 +30 12 20";"STF 2762 AD";"2002";"7";66;73.1;5.70;11.40;5.70;""
"HD 201479";"Peg";"106879";"21 09 27 +17 20 40";"STF 2763 AB";"2016";"37";293;17.1;9.91;10.88;0.97;""
"";"Peg";"";"21 09 26 +17 20 46";"STF 2763 BC";"2014";"10";227;30.2;10.88;12.80;1.92;""
"HD 201267";"Cep";"19188";"21 05 32 +62 09 32";"STF 2764 A,BC";"2024";"47";296;7.1;8.32;9.31;0.99;""
"HD 201686";"Equ";"126601";"21 10 59 +09 32 58";"STF 2765 AB";"2018";"89";82;2.9;8.47;8.50;0.03;""
"";"Equ";"126601";"21 10 59 +09 32 58";"STF 2765 AC";"2015";"4";167;44.2;8.47;14.20;5.73;""
"HD 201430";"Cep";"33147";"21 07 00 +58 59 45";"STF 2766";"2024";"48";248;4.4;8.79;9.11;0.32;""
"";"Peg";"50535";"21 10 30 +19 57 36";"STF 2767 Aa,Ab";"2015";"2";37;0.3;8.19;"";"";""
"HD 201672";"Peg";"106894";"21 10 30 +19 57 36";"STF 2767 AB";"2022";"97";28;2.5;8.19;8.47;0.28;""
"HD 201780";"Aqr";"145191";"21 11 59 -05 48 49";"STF 2768";"2016";"25";194;7.7;7.78;10.51;2.73;""
"HD 201670";"Vul";"89505";"21 10 32 +22 27 17";"STF 2769 AB";"2020";"109";301;18.1;6.65;7.42;0.77;""
"HD 201719";"Aqr";"145185";"21 11 36 -03 07 13";"STF 2770";"2021";"27";246;7.6;7.64;10.84;3.20;""
"";"Cep";"9949";"21 04 29 +70 45 50";"STF 2771";"2019";"40";33;2.7;9.53;9.61;0.08;""
"";"Cyg";"50520";"21 09 55 +44 21 31";"STF 2772";"2016";"17";224;12.4;9.51;10.93;1.42;""
"HD 201749";"Cyg";"50529";"21 10 14 +43 59 52";"STF 2773 AB";"2019";"49";112;3.3;8.46;9.09;0.63;""
"";"Cyg";"50529";"21 10 14 +43 59 52";"STF 2773 AC";"2015";"7";64;20.3;8.46;13.30;4.84;""
"";"Cyg";"50529";"21 10 14 +43 59 52";"STF 2773 AD";"2015";"4";262;29.4;8.46;14.20;5.74;""
"";"Cyg";"50529";"21 10 14 +43 59 52";"STF 2773 AE";"2015";"4";149;52.2;8.46;13.30;4.84;""
"";"Cyg";"";"21 10 16 +43 59 07";"STF 2773 EF";"2015";"4";41;10.7;13.30;13.41;0.11;""
"HD 202002";"Vul";"89526";"21 12 30 +26 18 46";"STF 2774 AB";"2015";"11";335;27.6;8.55;12.16;3.61;""
"";"Aqr";"";"21 14 41 -00 49 55";"STF 2775 AB,C";"2014";"31";178;21.3;7.46;10.37;2.91;""
"";"Aqr";"";"21 14 41 -00 49 55";"STF 2775 AB,D";"2014";"10";200;170.3;7.46;11.07;3.61;""
"";"Aqr";"";"21 14 37 -00 52 35";"STF 2775 DE";"2015";"14";125;74.5;11.07;11.50;0.43;""
"HD 202332";"Aqr";"164257";"21 15 24 -10 20 52";"STF 2776 AB";"2016";"23";52;83.5;8.27;9.92;1.65;""
"";"Aqr";"164261";"21 15 28 -10 20 02";"STF 2776 BC";"2016";"22";338;5.9;9.92;10.90;0.98;""
"Del Equ";"Equ";"126643";"21 14 29 +10 00 25";"STF 2777 AB,C";"2016";"91";6;76.5;4.54;10.17;5.63;""
"HD 202405";"Aqr";"145245";"21 15 39 -01 14 10";"STF 2778 AB";"2015";"24";284;18.4;8.71;10.90;2.19;""
"";"Aqr";"145245";"21 15 39 -01 14 10";"STF 2778 AC";"2015";"7";264;69.0;8.71;12.53;3.82;""
"";"Cyg";"89553";"21 14 26 +29 05 08";"STF 2779 AB";"2018";"77";164;15.1;9.74;9.83;0.09;""
"";"Cyg";"89553";"21 14 26 +29 05 08";"STF 2779 AC";"2015";"9";71;67.7;9.74;13.20;3.46;""
"NSV13598";"Cep";"33210";"21 11 48 +59 59 12";"STF 2780 AB";"2019";"127";211;1.0;6.09;6.77;0.68;""
"";"Cep";"33210";"21 11 48 +59 59 12";"STF 2780 AC";"2017";"18";211;118.8;6.09;8.90;2.81;""
"HD 202533";"Aqr";"145258";"21 16 43 -07 39 18";"STF 2781 AB";"2019";"79";171;2.7;8.69;8.87;0.18;""
"HD 202519";"Cep";"33251";"21 14 05 +58 17 50";"STF 2783";"2022";"96";349;0.7;7.71;8.07;0.36;"Y"
"HD 202506";"Cep";"9983";"21 11 09 +74 03 31";"STF 2784";"2015";"26";345;14.3;9.09;10.84;1.75;""
"HD 202879";"Cyg";"71170";"21 17 37 +39 44 46";"STF 2785";"2021";"31";234;2.9;7.94;9.94;2.00;""
"HD 203067";"Equ";"126707";"21 19 39 +09 31 30";"STF 2786";"2020";"98";189;2.8;7.49;8.20;0.71;""
"HD 203383";"Aqr";"126730";"21 21 48 +02 01 38";"STF 2787 AB";"2014";"37";20;22.6;7.49;8.64;1.15;""
"";"Aqr";"126730";"21 21 48 +02 01 38";"STF 2787 AC";"2015";"12";94;70.4;7.49;11.41;3.92;""
"";"Cep";"19282";"21 15 49 +67 21 14";"STF 2788";"2016";"17";352;8.1;8.73;10.40;1.67;""
"HD 203380";"Cyg";"33334";"21 19 59 +52 58 44";"STF 2789 AB";"2023";"120";114;7.1;7.71;7.87;0.16;"Y"
"";"Cyg";"33334";"21 19 59 +52 58 44";"STF 2789 AC";"2015";"8";171;133.1;7.71;12.53;4.82;""
"V381 Cep";"Cep";"33318";"21 19 16 +58 37 25";"STF 2790 AB";"2015";"31";45;4.6;5.85;9.27;3.42;""
"";"Cep";"33318";"21 19 16 +58 37 25";"STF 2790 AC";"2015";"4";183;15.8;5.85;15.20;9.35;""
"";"Cep";"33318";"21 19 16 +58 37 25";"STF 2790 AD";"2015";"11";352;74.8;5.85;10.07;4.22;""
"HD 203701";"Equ";"126763";"21 23 44 +04 21 54";"STF 2791";"2019";"54";103;2.9;8.92;9.28;0.36;""
"";"Cyg";"89664";"21 23 05 +28 57 18";"STF 2792 AB";"2018";"26";331;7.4;9.19;10.63;1.44;""
"";"Cyg";"89664";"21 23 05 +28 57 18";"STF 2792 AC";"2015";"8";161;22.8;9.17;12.90;3.73;""
"HD 203943";"Equ";"126783";"21 25 06 +09 23 03";"STF 2793 AB,C";"2014";"59";241;26.4;7.44;8.98;1.54;""
"HD 198914";"Cep";"3488";"20 50 43 +85 52 05";"STF 2794";"2015";"16";90;17.7;8.54;10.88;2.34;""
"HD 203695";"Cep";"19345";"21 21 20 +60 41 58";"STF 2795";"2016";"26";302;1.8;9.31;9.66;0.35;""
"HD 203516";"Cep";"10010";"21 15 36 +78 35 54";"STF 2796";"2018";"49";42;26.7;7.43;9.56;2.13;""
"KP Peg";"Peg";"107139";"21 26 41 +13 41 18";"STF 2797";"2021";"95";217;3.5;7.37;8.83;1.46;""
"HD 204130";"Cep";"19376";"21 23 36 +64 55 38";"STF 2798";"2016";"23";143;6.4;8.36;9.93;1.57;""
"HD 204509";"Peg";"107165";"21 28 53 +11 05 05";"STF 2799 AB";"2023";"424";257;1.9;7.37;7.44;0.07;"Y"
"";"Peg";"107165";"21 28 53 +11 05 05";"STF 2799 AC";"2016";"19";331;135.9;7.37;10.20;2.83;""
"";"Cyg";"50919";"21 28 43 +49 52 07";"STF 2800";"2019";"20";254;9.1;9.50;10.41;0.91;""
"HD 204129";"Cep";"3547";"21 18 31 +80 21 12";"STF 2801";"2019";"78";271;2.1;7.87;8.62;0.75;""
"HD 205052";"Cyg";"71430";"21 31 49 +33 48 56";"STF 2802";"2016";"90";9;3.9;8.60;8.70;0.10;""
"HD 204905";"Cyg";"33468";"21 29 53 +52 56 02";"STF 2803 AB";"2015";"32";285;25.9;7.24;9.60;2.36;""
"HD 205160";"Peg";"89791";"21 32 58 +20 42 44";"STF 2804 AB";"2022";"288";359;3.4;7.70;8.04;0.34;"Y"
"";"Peg";"89791";"21 32 58 +20 42 44";"STF 2804 AC";"2013";"11";103;97.1;7.70;12.51;4.81;""
"HD 205424";"Cap";"164503";"21 35 34 -11 47 22";"STF 2805";"2015";"11";319;37.4;8.64;11.01;2.37;""
"Alfirk";"Cep";"10057";"21 28 40 +70 33 38";"STF 2806 AB";"2024";"105";248;13.5;3.17;8.63;5.46;""
"HD 204372";"Cep";"3550";"21 17 33 +82 31 04";"STF 2807";"2023";"47";310;1.8;8.65;8.77;0.12;"Y"
"HD 205617";"Cyg";"71494";"21 35 46 +31 00 35";"STF 2808 AC";"2018";"13";286;42.8;8.06;11.07;3.01;""
"HD 205765";"Aqr";"145533";"21 37 34 -00 23 26";"STF 2809 AB";"2014";"51";163;31.1;6.22;9.36;3.14;""
"HD 239706";"Cep";"33547";"21 34 35 +59 06 24";"STF 2810";"2019";"42";290;16.8;8.43;9.04;0.61;""
"";"Aqr";"";"21 38 18 -00 20 16";"STF 2811";"2014";"10";273;31.1;9.11;12.77;3.66;""
"HD 239707";"Cep";"33553";"21 34 50 +59 40 51";"STF 2812";"2020";"21";134;2.4;9.25;9.70;0.45;""
"HD 205850";"Cep";"33570";"21 36 03 +57 28 14";"STF 2813";"2016";"30";272;10.2;9.21;9.72;0.51;""
"HD 206112";"Cyg";"71558";"21 38 56 +36 22 53";"STF 2814";"2018";"39";160;8.1;8.77;9.87;1.10;""
"";"Cep";"33601";"21 37 41 +57 33 38";"STF 2815 AB,C";"2016";"28";81;7.5;8.65;10.52;1.87;""
"HD 206267";"Cep";"33626";"21 38 58 +57 29 20";"STF 2816 AC";"2023";"112";120;11.9;5.73;7.48;1.75;""
"";"Cep";"33626";"21 38 58 +57 29 20";"STF 2816 AD";"2023";"111";339;20.1;5.73;7.53;1.80;""
"HD 206488";"Aqr";"127004";"21 42 27 +00 26 44";"STF 2817 AB";"2016";"39";155;26.1;8.88;9.20;0.32;""
"HD 206485";"Peg";"107334";"21 41 60 +18 56 20";"STF 2818 AB";"2015";"21";24;26.8;7.38;10.24;2.86;""
"HD 206482";"Cep";"33652";"21 40 21 +57 34 54";"STF 2819";"2024";"51";59;12.7;7.44;8.64;1.20;""
"HD 206673";"Cyg";"51214";"21 42 34 +42 26 26";"STF 2820 AB";"2017";"21";230;16.0;7.48;10.56;3.08;""
"HD 206878";"Cap";"164626";"21 45 18 -13 40 33";"STF 2821";"2015";"15";223;27.3;8.74;11.55;2.81;""
"Mu1 Cyg";"Cyg";"89940";"21 44 09 +28 44 33";"STF 2822 AB";"2023";"736";325;1.5;4.75;6.18;1.43;"Y"
"";"Cyg";"89940";"21 44 09 +28 44 33";"STF 2822 AC";"2012";"16";292;76.6;4.75;12.93;8.18;""
"";"Cyg";"89940";"21 44 09 +28 44 33";"STF 2822 AD";"2019";"56";43;197.0;4.75;6.94;2.19;""
"";"Cyg";"89940";"21 44 08 +28 44 35";"STF 2822 BD";"2012";"24";45;196.7;6.18;6.94;0.76;""
"HD 206578";"Cep";"19566";"21 39 51 +68 07 50";"STF 2823";"2016";"21";254;1.5;9.24;10.08;0.84;""
"Kap Peg";"Peg";"89949";"21 44 39 +25 38 42";"STF 2824 AB,C";"2004";"91";288;14.5;4.13;10.80;6.67;""
"HD 207136";"Aqr";"127055";"21 46 53 +00 51 03";"STF 2825";"2023";"118";171;0.5;8.14;9.06;0.92;"Y"
"";"Cap";"164652";"21 47 27 -13 07 18";"STF 2826 AC";"2020";"50";81;4.0;8.70;9.06;0.36;""
"HD 207048";"Cep";"";"21 43 54 +63 36 29";"STF 2827 A,BC";"2021";"29";198;5.9;8.79;9.46;0.67;""
"";"Cep";"";"21 43 54 +63 36 23";"STF 2827 BC";"1914";"1";319;0.8;9.46;"";"";""
"HD 207534";"Peg";"127092";"21 49 31 +03 23 45";"STF 2828 AB";"2017";"52";140;33.7;9.46;9.96;0.50;""
"";"Peg";"127092";"21 49 31 +03 23 45";"STF 2828 AC";"2017";"37";134;33.1;9.46;9.99;0.53;""
"";"Peg";"127092";"21 49 31 +03 23 45";"STF 2828 AD";"2015";"6";73;10.7;9.46;15.50;6.04;""
"";"Peg";"";"21 49 32 +03 23 20";"STF 2828 BC";"2020";"66";39;3.5;9.96;9.99;0.03;""
"HD 207593";"Cyg";"71734";"21 49 24 +30 45 14";"STF 2829";"2015";"31";15;17.1;8.91;9.66;0.75;""
"HD 207742";"Peg";"127109";"21 51 11 +03 06 24";"STF 2830";"2014";"10";237;27.2;8.88;11.86;2.98;""
"HD 207772";"Peg";"127111";"21 51 18 +08 20 50";"STF 2831";"2016";"24";355;14.5;8.61;11.52;2.91;""
"";"Cyg";"33781";"21 49 14 +50 30 54";"STF 2832 AB";"2023";"38";213;13.1;7.77;8.32;0.55;""
"";"Cyg";"33781";"21 49 14 +50 30 54";"STF 2832 AC";"2018";"15";321;45.8;7.77;11.00;3.23;""
"";"Cyg";"33780";"21 49 14 +50 30 43";"STF 2832 BC";"2018";"15";335;51.5;8.32;11.00;2.68;""
"HD 207862";"Peg";"127121";"21 51 57 +09 04 46";"STF 2833";"2020";"41";337;8.4;7.84;10.20;2.36;""
"HD 207859";"Peg";"107450";"21 51 40 +19 18 25";"STF 2834 AB";"2021";"32";298;4.3;6.93;9.89;2.96;""
"";"Cep";"19657";"21 48 03 +69 19 41";"STF 2835";"2016";"28";272;1.9;9.03;9.85;0.82;""
"HD 207826";"Cep";"19665";"21 49 08 +66 47 32";"STF 2836 AB";"2021";"26";155;11.7;6.53;10.36;3.83;""
"HD 207146";"Cep";"3606";"21 36 59 +82 55 16";"STF 2837";"2018";"88";269;3.2;8.84;9.36;0.52;"Y"
"HD 208177";"Aqr";"145735";"21 54 36 -03 18 04";"STF 2838 AB";"2015";"57";183;16.0;6.29;9.52;3.23;""
"NSV13909";"Cep";"33819";"21 52 01 +55 47 48";"STF 2840 AB";"2024";"112";197;17.6;5.64;6.42;0.78;""
"";"Cep";"33819";"21 52 01 +55 47 48";"STF 2840 AC";"2015";"5";345;54.9;5.64;13.10;7.46;""
"HD 208202";"Peg";"107489";"21 54 17 +19 43 05";"STF 2841 A,BC";"2018";"82";110;22.4;6.45;7.99;1.54;""
"HD 208036";"Cep";"19679";"21 51 09 +64 01 18";"STF 2842";"2015";"18";102;3.5;8.26;10.75;2.49;""
"HD 208132";"Cep";"19686";"21 51 37 +65 45 10";"STF 2843 AB";"2022";"153";151;1.3;7.01;7.28;0.27;""
"";"Cep";"19686";"21 51 37 +65 45 10";"STF 2843 AC";"2015";"14";277;54.7;7.01;11.01;4.00;""
"HD 208141";"Cep";"19687";"21 51 48 +64 53 60";"STF 2844";"2017";"19";260;11.9;6.95;9.98;3.03;""
"HD 208185";"Cep";"19694";"21 52 21 +63 06 04";"STF 2845 AB";"2022";"40";173;2.0;8.07;8.20;0.13;""
"HD 208395";"Cyg";"51429";"21 54 50 +45 47 30";"STF 2846 AB";"2016";"30";266;3.6;8.43;10.30;1.87;""
"";"Cyg";"51429";"21 54 50 +45 47 30";"STF 2846 AC";"2016";"11";155;33.2;8.43;10.90;2.47;""
"";"Cyg";"51429";"21 54 50 +45 47 30";"STF 2846 AD";"2016";"2";87;3.4;8.43;"";"";""
"HD 208690";"Aqr";"145777";"21 58 08 -03 29 23";"STF 2847";"2016";"97";126;0.7;7.73;9.59;1.86;""
"HD 208718";"Peg";"127196";"21 58 01 +05 56 25";"STF 2848";"2024";"108";56;10.8;7.21;7.73;0.52;""
"";"Peg";"90132";"21 57 43 +20 14 30";"STF 2849";"2016";"45";243;1.7;8.69;10.37;1.68;""
"OU Peg";"Peg";"90155";"21 59 50 +23 56 27";"STF 2850";"2023";"18";264;2.8;7.00;11.00;4.00;""
"HD 209184";"Aqr";"164820";"22 01 41 -11 59 30";"STF 2851 AB";"2016";"42";121;19.1;8.74;9.07;0.33;""
"";"Aqr";"164820";"22 01 41 -11 59 30";"STF 2851 AC";"2015";"12";137;71.1;8.74;10.74;2.00;""
"HD 235692";"Cyg";"33966";"22 00 35 +54 10 23";"STF 2852";"2018";"29";172;7.9;9.97;10.24;0.27;""
"HD 209328";"Cep";"19787";"21 59 47 +67 58 27";"STF 2853 AB";"2019";"26";188;3.2;8.09;10.19;2.10;""
"HD 209601";"Peg";"107633";"22 04 23 +13 38 53";"STF 2854";"2022";"221";84;1.5;7.77;7.89;0.12;""
"HD 209697";"Aqr";"145859";"22 05 20 -01 25 27";"STF 2855 AB";"2015";"38";305;25.3;8.34;10.26;1.92;""
"";"Aqr";"145859";"22 05 20 -01 25 27";"STF 2855 AC";"2016";"18";117;84.9;8.34;10.80;2.46;""
"HD 209795";"Peg";"127289";"22 05 50 +04 51 54";"STF 2856";"2016";"63";195;1.3;8.36;9.13;0.77;""
"HD 209845";"Peg";"127297";"22 06 11 +10 05 36";"STF 2857";"2016";"46";113;19.9;7.14;9.80;2.66;""
"HD 205114";"UMi";"3607";"21 31 09 +86 52 19";"STF 2858";"2015";"41";157;14.4;9.36;9.59;0.23;""
"";"Peg";"90219";"22 05 59 +20 36 21";"STF 2859";"2020";"34";344;3.8;10.01;10.65;0.64;""
"HD 209677";"Cep";"19818";"22 03 14 +60 50 52";"STF 2860 AB";"2017";"71";257;13.3;7.91;9.23;1.32;""
"";"Cep";"19818";"22 03 14 +60 50 52";"STF 2860 AC";"2015";"8";279;27.4;7.91;13.20;5.29;""
"HD 209859";"Peg";"90222";"22 06 01 +20 48 12";"STF 2861";"2024";"69";220;7.1;8.14;8.64;0.50;""
"HD 209965";"Aqr";"127306";"22 07 07 +00 34 13";"STF 2862";"2023";"121";96;2.5;8.04;8.41;0.37;""
"Kurhah";"Cep";"19827";"22 03 47 +64 37 41";"STF 2863 AB";"2024";"327";275;8.1;4.45;6.40;1.95;"Y"
"";"Cep";"19827";"22 03 47 +64 37 41";"STF 2863 AC";"2014";"6";208;112.7;4.45;12.60;8.15;""
"HD 209989";"Cep";"19844";"22 04 21 +70 12 47";"STF 2865";"2015";"52";199;29.6;8.69;9.48;0.79;""
"";"Lac";"51697";"22 09 17 +40 39 26";"STF 2866";"2016";"24";55;9.2;9.61;12.10;2.49;""
"";"Peg";"127339";"22 10 03 +07 57 13";"STF 2867 AB";"2020";"47";208;10.6;8.31;9.31;1.00;""
"";"Peg";"";"22 10 03 +07 57 04";"STF 2867 BC";"2015";"6";247;6.3;9.31;13.80;4.49;""
"HD 210342";"Peg";"90274";"22 09 22 +22 32 47";"STF 2868";"2023";"73";351;1.1;8.87;9.38;0.51;""
"HD 210461";"Peg";"107707";"22 10 22 +14 37 48";"STF 2869";"2020";"19";254;20.8;6.33;12.40;6.07;""
"HD 210352";"Cep";"19876";"22 08 00 +61 07 22";"STF 2870";"2019";"29";271;5.8;8.85;9.64;0.79;""
"HD 210432";"Cep";"34101";"22 08 36 +59 17 22";"STF 2872 A,BC";"2023";"68";316;22.1;7.14;7.98;0.84;""
"";"Cep";"34101";"22 08 36 +59 17 22";"STF 2872 AD";"2014";"13";153;117.3;7.14;11.77;4.63;""
"";"Cep";"34100";"22 08 34 +59 17 38";"STF 2872 BC";"2023";"92";296;0.8;7.98;8.00;0.02;"Y"
"HD 209942";"Cep";"3673";"21 58 14 +82 52 11";"STF 2873 AB";"2024";"151";65;13.7;7.00;7.47;0.47;"Y"
"";"Cep";"3673";"21 58 14 +82 52 11";"STF 2873 AC";"2015";"5";200;136.1;7.00;13.00;6.00;""
"";"Cep";"10247";"22 06 22 +74 29 44";"STF 2874";"2016";"20";149;9.8;9.62;11.24;1.62;""
"HD 210912";"Aqr";"145951";"22 13 44 -07 48 33";"STF 2875";"2015";"11";42;14.9;9.35;12.20;2.85;""
"HD 210772";"Lac";"72119";"22 11 59 +37 39 04";"STF 2876";"2020";"42";66;11.8;8.06;9.81;1.75;""
"HD 211076";"Peg";"107756";"22 14 18 +17 11 22";"STF 2877 AB";"2024";"117";24;24.5;6.65;9.23;2.58;""
"";"Peg";"107756";"22 14 18 +17 11 22";"STF 2877 AC";"2016";"12";44;97.3;6.65;12.42;5.77;""
"";"Peg";"107756";"22 14 18 +17 11 22";"STF 2877 AD";"2016";"15";309;101.2;6.65;11.31;4.66;""
"";"Peg";"";"22 14 19 +17 11 41";"STF 2877 BC";"2016";"9";50;75.5;9.23;12.42;3.19;""
"";"Peg";"";"22 14 19 +17 11 41";"STF 2877 BD";"2016";"14";296;97.9;9.23;11.31;2.08;""
"HD 211048";"Peg";"127402";"22 14 29 +07 58 34";"STF 2878 AB";"2020";"180";115;1.5;6.94;8.11;1.17;""
"";"Peg";"127402";"22 14 29 +07 58 34";"STF 2878 AC";"2014";"14";119;69.0;6.94;10.68;3.74;""
"";"Peg";"127402";"22 14 29 +07 58 34";"STF 2878 AD";"2014";"10";274;124.9;6.94;10.78;3.84;""
"V447 Cep";"Cep";"19921";"22 10 60 +63 23 58";"STF 2879 AB";"2021";"53";233;0.8;7.99;8.26;0.27;""
"";"Cep";"19921";"22 10 60 +63 23 58";"STF 2879 AC";"2015";"8";260;29.2;7.99;11.91;3.92;""
"HD 210885";"Cep";"34156";"22 11 48 +59 43 15";"STF 2880";"2019";"28";354;4.2;7.43;9.30;1.87;""
"HD 211139";"Peg";"90348";"22 14 35 +29 34 21";"STF 2881";"2022";"278";75;1.3;7.65;8.24;0.59;"Y"
"";"Lac";"72159";"22 14 16 +37 44 45";"STF 2882";"2021";"40";148;3.4;9.60;9.72;0.12;""
"HD 210884";"Cep";"19922";"22 10 39 +70 07 57";"STF 2883";"2024";"59";252;14.8;5.56;8.56;3.00;""
"HD 211014";"Cep";"19935";"22 12 13 +63 44 19";"STF 2884";"2021";"25";143;2.1;8.03;9.58;1.55;""
"HD 211288";"Aqr";"145985";"22 16 15 -07 41 37";"STF 2885 AB";"2016";"16";92;17.6;9.16;11.28;2.12;""
"HD 211264";"Lac";"51799";"22 14 43 +49 21 15";"STF 2886 AB";"2016";"29";108;20.8;7.63;10.12;2.49;""
"HD 211477";"Aqr";"";"22 17 21 -00 42 17";"STF 2887";"2016";"50";30;7.7;9.85;9.93;0.08;""
"";"Peg";"90375";"22 16 20 +26 16 16";"STF 2889";"2016";"21";198;2.3;8.49;10.15;1.66;""
"HD 211337";"Lac";"51809";"22 15 11 +49 52 31";"STF 2890 AB";"2019";"45";11;9.4;9.42;9.71;0.29;""
"";"Lac";"51809";"22 15 11 +49 52 31";"STF 2890 AC";"2019";"24";278;73.1;9.42;9.40;0.02;""
"HD 211495";"Lac";"51826";"22 16 27 +47 58 33";"STF 2891 AB";"2020";"25";308;12.8;8.83;9.79;0.96;""
"HD 211719";"Aqr";"164997";"22 19 18 -10 47 25";"STF 2892 AB";"2016";"14";56;11.6;8.83;11.31;2.48;""
"";"Aqr";"164997";"22 19 18 -10 47 25";"STF 2892 AC";"2016";"16";258;38.7;8.83;9.88;1.05;""
"NSV14078";"Cep";"10284";"22 12 53 +73 18 26";"STF 2893";"2024";"78";346;28.8;6.19;7.91;1.72;""
"HD 211797";"Lac";"72228";"22 18 56 +37 46 09";"STF 2894 AB";"2020";"79";194;15.8;6.21;8.85;2.64;""
"";"Lac";"72228";"22 18 56 +37 46 09";"STF 2894 AC";"2015";"5";248;48.5;6.21;13.50;7.29;""
"";"Lac";"72228";"22 18 56 +37 46 09";"STF 2894 AD";"2015";"10";177;226.2;6.21;11.17;4.96;""
"";"Lac";"";"22 18 56 +37 45 54";"STF 2894 BD";"2015";"13";176;211.0;8.85;11.17;2.32;""
"2 Lac";"Peg";"90436";"22 20 45 +24 57 25";"STF 2895 AB";"2017";"94";48;14.0;8.49;9.95;1.46;""
"";"Peg";"90436";"22 20 45 +24 57 25";"STF 2895 AC";"2015";"14";142;122.0;8.49;11.47;2.98;""
"";"Peg";"";"22 20 50 +24 55 48";"STF 2895 CD";"2015";"18";76;11.6;11.47;11.50;0.03;""
"HD 211880";"Cep";"19993";"22 18 28 +63 13 22";"STF 2896";"2015";"30";241;21.3;7.80;8.57;0.77;""
"";"Peg";"107857";"22 21 49 +15 15 10";"STF 2897";"2018";"35";98;16.9;9.48;10.37;0.89;""
"HD 212187";"Peg";"107862";"22 22 18 +11 04 49";"STF 2898";"2016";"32";283;12.6;9.13;10.36;1.23;""
"HD 212226";"Peg";"127485";"22 22 34 +06 28 24";"STF 2899 AB";"2020";"15";34;19.7;7.30;11.20;3.90;""
"33 Peg";"Peg";"90462";"22 23 40 +20 50 54";"STF 2900 AB";"2017";"134";1;1.0;6.28;9.18;2.90;"Y"
"";"Peg";"90462";"22 23 40 +20 50 54";"STF 2900 AC";"2015";"98";306;92.7;6.28;8.54;2.26;""
"HD 212472";"Peg";"127509";"22 24 27 +03 49 06";"STF 2901 AB";"2016";"44";149;3.3;9.22;10.05;0.83;""
"HD 212468";"Lac";"51957";"22 23 34 +45 20 60";"STF 2902 AB";"2016";"66";88;6.5;7.62;8.22;0.60;""
"";"Lac";"51957";"22 23 34 +45 20 60";"STF 2902 AC";"2015";"11";47;124.2;7.62;12.21;4.59;""
"";"Lac";"";"22 23 43 +45 22 25";"STF 2902 CD";"2015";"11";73;8.0;12.50;13.30;0.80;""
"HD 212391";"Cep";"20034";"22 21 45 +66 42 23";"STF 2903";"2021";"77";97;4.1;7.13;7.80;0.67;""
"HD 212838";"Aqr";"146094";"22 27 10 -01 46 29";"STF 2904";"2016";"34";311;8.3;9.63;10.14;0.51;""
"HD 212873";"Peg";"107924";"22 27 13 +15 09 13";"STF 2905";"2021";"70";285;3.3;9.28;9.34;0.06;""
"HD 212883";"Lac";"72344";"22 26 46 +37 26 37";"STF 2906";"2021";"27";1;4.3;6.46;9.64;3.18;""
"HD 213067";"Aqr";"165111";"22 29 03 -09 56 09";"STF 2907 AB";"2015";"23";157;36.0;8.67;9.55;0.88;""
"";"Aqr";"165111";"22 29 03 -09 56 09";"STF 2907 AC";"2015";"13";232;50.6;8.67;11.63;2.96;""
"";"Aqr";"165112";"22 29 04 -09 56 42";"STF 2907 BC";"2015";"14";272;53.7;9.55;11.63;2.08;""
"HD 213014";"Peg";"107941";"22 28 12 +17 15 48";"STF 2908";"2021";"59";114;9.1;7.74;9.68;1.94;""
"Zet1 Aqr";"Aqr";"165111";"22 28 50 -00 01 12";"STF 2909 AB";"2024";"1203";154;2.3;4.34;4.49;0.15;"Y"
"HD 213013";"Peg";"90526";"22 28 13 +23 31 57";"STF 2910";"2019";"118";332;5.8;9.05;9.67;0.62;""
"37 Peg";"Peg";"127551";"22 29 58 +04 25 54";"STF 2912 AB";"2023";"382";294;0.3;5.75;7.26;1.51;"Y"
"";"Peg";"146126";"22 29 57 +04 25 54";"STF 2912 Ba,Bb";"2023";"16";288;0.0;7.84;8.22;0.38;"Y"
"HD 213293";"Aqr";"146130";"22 30 33 -08 06 53";"STF 2913";"2018";"71";328;8.1;7.78;8.60;0.82;""
"";"Aqr";"";"22 32 27 -10 56 26";"STF 2914 Aa,Ab";"1831";"1";334;2.0;8.70;16.60;7.90;""
"HD 213563";"Aqr";"165153";"22 32 27 -10 56 26";"STF 2914 AB";"2015";"10";240;20.6;9.36;12.11;2.75;""
"";"Aqr";"165153";"22 32 27 -10 56 26";"STF 2914 AC";"2015";"9";243;29.7;9.36;12.30;2.94;""
"";"Aqr";"";"22 32 25 -10 56 37";"STF 2914 BC";"2016";"11";250;9.2;12.20;12.20;0.00;""
"";"Aqr";"";"22 32 30 -10 56 35";"STF 2914 Ea,Eb";"2016";"1";64;2.0;14.30;17.70;3.40;""
"HD 213609";"Peg";"127585";"22 32 34 +07 25 06";"STF 2915 AB";"2017";"114";125;15.2;9.46;9.52;0.06;""
"HD 213532";"Lac";"52101";"22 31 20 +41 13 07";"STF 2916 AB";"2020";"27";337;44.4;8.17;10.04;1.87;""
"";"Lac";"52101";"22 31 20 +41 13 07";"STF 2916 AC";"2015";"8";340;46.0;8.17;10.98;2.81;""
"";"Lac";"";"22 31 19 +41 13 47";"STF 2916 BC";"2015";"27";32;3.7;10.04;10.98;0.94;""
"";"Lac";"";"22 31 19 +41 13 47";"STF 2916 BD";"2015";"8";115;16.7;10.04;12.40;2.36;""
"HD 213495";"Lac";"34534";"22 30 36 +53 31 43";"STF 2917 AB";"2020";"78";69;4.7;8.28;8.56;0.28;""
"";"Lac";"34534";"22 30 36 +53 31 43";"STF 2917 AC";"2015";"4";187;90.2;8.28;12.87;4.59;""
"HD 213557";"Lac";"34541";"22 31 15 +50 52 20";"STF 2918";"2016";"24";238;1.7;7.99;9.43;1.44;""
"";"Peg";"";"22 33 08 +21 11 05";"STF 2919";"2015";"36";251;21.8;10.18;11.10;0.92;""
"HD 213892";"Peg";"127609";"22 34 32 +04 13 21";"STF 2920 AB";"2024";"75";143;13.6;7.55;8.85;1.30;""
"";"Peg";"127609";"22 34 32 +04 13 21";"STF 2920 AC";"2014";"10";60;15.2;7.55;13.40;5.85;""
"HD 214129";"Aqr";"146187";"22 36 12 +00 10 07";"STF 2921 AB";"2015";"15";237;30.0;9.95;11.61;1.66;""
"";"Aqr";"146187";"22 36 12 +00 10 07";"STF 2921 AC";"2015";"13";175;84.9;9.95;11.24;1.29;""
"8 Lac";"Lac";"72509";"22 35 52 +39 38 04";"STF 2922 AB";"2023";"172";186;22.5;5.66;6.29;0.63;""
"";"Lac";"72508";"22 35 52 +39 37 41";"STF 2922 BC";"2016";"49";154;28.3;6.29;10.38;4.09;""
"HD 214019";"Cep";"10418";"22 33 17 +70 22 25";"STF 2923 AB";"2024";"50";47;9.5;6.32;9.24;2.92;""
"";"Cep";"10418";"22 33 17 +70 22 25";"STF 2923 AC";"2015";"5";148;96.2;6.32;12.43;6.11;""
"";"Cep";"20150";"22 33 03 +69 54 48";"STF 2924 AB";"2023";"152";246;0.5;7.82;6.28;1.54;"Y"
"";"Cep";"20150";"22 33 03 +69 54 48";"STF 2924 AB,C";"2014";"6";197;125.1;6.06;12.80;6.74;""
"HD 213973";"Cep";"20150";"22 33 03 +69 54 48";"STF 2924 AB,D";"2014";"6";197;188.6;6.06;11.90;5.84;""
"HD 214423";"Peg";"127645";"22 37 53 +05 54 26";"STF 2925";"2016";"51";3;7.2;9.66;10.35;0.69;""
"63 Aqr";"Lac";"72546";"22 37 28 +38 54 42";"STF 2926";"2020";"35";335;21.5;9.10;9.54;0.44;""
"";"Cep";"3755";"22 29 28 +80 50 24";"STF 2927";"2016";"25";313;16.3;9.39;10.67;1.28;""
"NV Aqr";"Aqr";"165218";"22 39 35 -12 36 55";"STF 2928 AB";"2021";"183";279;3.0;8.63;8.78;0.15;""
"";"Aqr";"165218";"22 39 35 -12 36 55";"STF 2928 AC";"1999";"4";255;111.8;8.63;12.97;4.34;""
"HD 214611";"Peg";"108073";"22 39 19 +10 32 49";"STF 2929";"2016";"27";359;2.0;10.00;10.13;0.13;""
"HD 214641";"Peg";"127668";"22 39 28 +07 10 24";"STF 2930";"2016";"31";76;21.5;9.06;10.39;1.33;""
"HD 214893";"Peg";"108100";"22 41 18 +13 10 31";"STF 2931 AB";"2016";"38";149;4.5;9.13;10.15;1.02;""
"";"Peg";"108100";"22 41 18 +13 10 31";"STF 2931 AC";"2015";"7";348;38.3;9.13;14.30;5.17;""
"";"Peg";"90711";"22 41 28 +30 02 50";"STF 2932 AB";"2020";"47";283;22.2;9.32;9.44;0.12;""
"";"Peg";"90711";"22 41 28 +30 02 50";"STF 2932 AC";"2015";"14";13;30.0;9.32;12.49;3.17;""
"";"Peg";"";"22 42 50 +11 00 02";"STF 2933";"2016";"16";217;4.2;10.30;11.50;1.20;""
"";"Peg";"191331";"22 41 52 +21 25 53";"STF 2934 Aa,Ab";"2015";"2";38;0.3;8.64;"";"";""
"HD 214913";"Peg";"90719";"22 41 52 +21 25 53";"STF 2934 AB";"2021";"236";55;1.4;8.64;9.55;0.91;""
"HD 215114";"Aqr";"146271";"22 43 03 -08 18 41";"STF 2935 AB";"2020";"115";306;2.4;6.79;7.88;1.09;""
"";"Aqr";"146271";"22 43 03 -08 18 41";"STF 2935 AC";"2015";"10";356;70.2;6.79;11.37;4.58;""
"";"Aqr";"146271";"22 43 03 -08 18 41";"STF 2935 AD";"2015";"8";278;75.0;6.79;14.17;7.38;""
"HD 215129";"Aqr";"127707";"22 42 58 +01 13 02";"STF 2936";"2020";"35";50;4.4;7.04;9.60;2.56;""
"HD 215415";"Aqr";"146295";"22 45 05 -02 39 42";"STF 2938 A,BC";"2021";"46";342;19.9;9.41;9.55;0.14;""
"HD 215449";"Aqr";"146296";"22 45 21 -09 38 40";"STF 2939";"2017";"32";63;11.0;7.44;9.30;1.86;""
"HD 215223";"Cep";"10460";"22 41 17 +72 43 39";"STF 2940";"2021";"28";138;2.7;9.02;9.89;0.87;""
"HD 215578";"Peg";"108160";"22 45 58 +19 15 01";"STF 2941";"2016";"46";258;14.8;7.62;10.36;2.74;""
"HD 215359";"Lac";"72675";"22 44 05 +39 27 56";"STF 2942 AB";"2022";"65";277;2.8;6.18;8.94;2.76;""
"Tau1 Aqr";"Aqr";"165298";"22 47 43 -14 03 23";"STF 2943 AB";"2017";"58";127;21.0;5.68;9.57;3.89;""
"HD 215812";"Aqr";"146314";"22 47 50 -04 13 44";"STF 2944 AB";"2023";"441";311;1.8;7.30;7.68;0.38;"Y"
"";"Aqr";"146314";"22 47 50 -04 13 44";"STF 2944 AC";"2017";"123";85;60.6;7.30;8.58;1.28;""
"";"Aqr";"146314";"22 47 50 -04 13 44";"STF 2944 AD";"2000";"3";348;220.3;7.30;12.90;5.60;""
"";"Aqr";"146315";"22 47 50 -04 13 44";"STF 2944 BC";"2021";"89";84;62.5;7.68;8.58;0.90;""
"HD 216109";"Peg";"72759";"22 49 41 +31 18 39";"STF 2945";"2016";"49";300;4.2;9.06;9.11;0.05;""
"HD 216122";"Lac";"52401";"22 49 41 +40 30 55";"STF 2946";"2020";"91";262;5.4;8.12;8.25;0.13;""
"HD 216172";"Cep";"20259";"22 49 01 +68 34 12";"STF 2947 AB";"2021";"237";55;4.7;6.91;7.02;0.11;""
"";"Cep";"20259";"22 49 01 +68 34 12";"STF 2947 AC";"2015";"14";208;122.6;6.91;12.48;5.57;""
"";"Cep";"20260";"22 49 02 +68 34 15";"STF 2947 BC";"1999";"4";208;120.7;7.02;10.40;3.38;""
"HD 216227";"Cep";"20267";"22 49 36 +66 33 14";"STF 2948";"2019";"38";3;2.6;7.26;8.60;1.34;""
"";"Peg";"90839";"22 51 56 +30 01 41";"STF 2949 AB";"2016";"26";182;11.4;9.65;10.69;1.04;""
"HD 216380";"Cep";"20281";"22 51 23 +61 41 48";"STF 2950 AB";"2022";"201";270;1.1;6.03;7.08;1.05;"Y"
"";"Cep";"20281";"22 51 23 +61 41 48";"STF 2950 AC";"2017";"15";354;39.2;6.03;11.05;5.02;""
"HD 216632";"Peg";"90864";"22 54 11 +28 00 60";"STF 2952 AB";"2018";"26";139;17.6;7.74;10.47;2.73;""
"";"Peg";"90864";"22 54 11 +28 00 60";"STF 2952 AC";"2018";"23";244;164.8;7.74;10.43;2.69;""
"V453 Cep";"Cep";"20292";"22 52 46 +60 54 59";"STF 2953";"2021";"31";137;8.5;7.63;9.52;1.89;""
"";"Peg";"108249";"22 54 48 +15 11 22";"STF 2954";"2015";"42";21;41.0;9.86;10.32;0.46;""
"HD 216688";"Psc";"127833";"22 54 44 +07 15 27";"STF 2955";"2015";"9";347;23.2;7.46;11.20;3.74;""
"";"Psc";"127845";"22 55 52 +01 20 49";"STF 2956 AB";"2015";"15";159;32.0;10.15;11.15;1.00;""
"";"Psc";"127845";"22 55 52 +01 20 49";"STF 2956 AC";"2015";"18";278;69.7;10.15;10.73;0.58;""
"";"Psc";"10561";"22 55 53 +01 20 20";"STF 2956 BC";"2015";"14";296;89.7;11.15;10.73;0.42;""
"HD 216863";"Peg";"108269";"22 56 24 +17 27 09";"STF 2957 AB";"2016";"31";224;4.6;9.20;10.88;1.68;"Y"
"";"Peg";"108269";"22 56 24 +17 27 09";"STF 2957 AC";"2020";"6";43;127.9;9.20;13.36;4.16;""
"HD 216900";"Peg";"108275";"22 56 51 +11 50 54";"STF 2958";"2016";"99";15;4.0;6.63;9.09;2.46;""
"HD 216931";"Psc";"146402";"22 57 07 -03 14 43";"STF 2959 AB";"2020";"43";129;9.7;6.65;10.18;3.53;""
"16 Lac";"Lac";"52512";"22 56 24 +41 36 14";"STF 2960 AB";"2015";"23";345;27.6;5.56;11.40;5.84;""
"";"Lac";"52512";"22 56 24 +41 36 14";"STF 2960 AC";"2016";"34";47;61.5;5.56;9.35;3.79;""
"";"Lac";"52512";"22 56 28 +41 36 55";"STF 2960 CB";"2015";"23";255;55.5;9.35;11.40;2.05;""
"KZ Cep";"Cep";"20332";"22 56 31 +62 52 07";"STF 2961";"2019";"65";349;1.9;8.48;8.61;0.13;""
"HD 217194";"Aqr";"146422";"22 58 60 -08 12 48";"STF 2962";"2021";"19";200;20.4;8.36;10.32;1.96;""
"HD 216886";"Cep";"10541";"22 54 15 +76 20 17";"STF 2963";"2019";"32";2;1.9;7.95;8.53;0.58;""
"HD 217274";"Aqr";"146432";"22 59 41 -04 21 52";"STF 2964";"2016";"36";280;8.7;8.29;9.54;1.25;""
"";"Cep";"10555";"22 55 47 +72 50 36";"STF 2965 DE";"2019";"37";220;2.9;8.42;9.38;0.96;""
"HD 217229";"Peg";"90914";"22 58 58 +27 44 45";"STF 2967 AB";"2016";"34";5;6.8;8.61;9.84;1.23;""
"HD 217477";"Peg";"72924";"23 00 42 +31 04 59";"STF 2968";"2022";"39";98;3.1;6.69;9.48;2.79;""
"V416 Peg";"Peg";"90947";"23 01 06 +26 46 53";"STF 2969";"2020";"40";36;3.9;8.42;9.70;1.28;""
"HD 217666";"Aqr";"165453";"23 02 24 -11 18 44";"STF 2970";"2016";"32";38;8.5;8.95;9.39;0.44;""
"HD 217294";"Cep";"10562";"22 56 41 +78 29 45";"STF 2971";"2019";"68";5;5.6;8.04;8.87;0.83;""
"";"Psc";"231407";"23 02 44 +00 15 49";"STF 2972";"2015";"11";107;31.5;9.80;12.83;3.03;""
"LN And";"And";"52626";"23 02 45 +44 03 32";"STF 2973";"2020";"20";40;7.6;6.41;10.14;3.73;""
"HD 218097";"Peg";"72984";"23 05 01 +33 23 08";"STF 2974 AB";"2020";"95";166;2.7;8.07;8.46;0.39;""
"Ups Peg";"Peg";"214313";"23 06 42 +33 01 47";"STF 2975 AB";"2015";"23";316;37.2;10.38;10.52;0.14;""
"HD 218408";"Psc";"127982";"23 07 43 +06 36 17";"STF 2976 AB";"2017";"55";262;7.8;9.13;10.63;1.50;""
"";"Psc";"127982";"23 07 43 +06 36 17";"STF 2976 AC";"2017";"84";209;21.4;9.13;9.46;0.33;""
"";"Psc";"127981";"23 07 43 +06 35 59";"STF 2976 CB";"2017";"49";8;17.8;9.46;10.63;1.17;""
"";"Psc";"127981";"23 07 43 +06 35 59";"STF 2976 CD";"2015";"7";248;128.8;9.46;13.00;3.54;""
"HD 218375";"Cep";"20424";"23 06 29 +61 26 24";"STF 2977 AB";"2016";"26";356;1.8;6.80;10.33;3.53;""
"NSV14430";"Peg";"73010";"23 07 28 +32 49 31";"STF 2978";"2024";"134";145;8.3;6.35;7.46;1.11;""
"HD 218453";"And";"73019";"23 07 48 +39 47 47";"STF 2979";"2022";"39";229;2.8;7.92;9.99;2.07;"Y"
"HD 218576";"Aqr";"146534";"23 09 11 -07 18 50";"STF 2980";"2016";"26";108;4.6;8.09;10.45;2.36;""
"HD 218603";"Aqr";"146537";"23 09 29 -08 49 36";"STF 2981";"2016";"51";111;3.6;10.04;10.09;0.05;""
"57 Peg";"Peg";"128001";"23 09 31 +08 40 38";"STF 2982 AB";"2015";"37";198;32.6;5.29;10.06;4.77;""
"HD 218664";"Peg";"108434";"23 09 41 +15 12 19";"STF 2983";"2015";"27";270;39.2;9.10;11.24;2.14;""
"HD 218535";"Cep";"10623";"23 07 22 +70 39 40";"STF 2984 AB";"2021";"29";294;4.3;7.63;9.82;2.19;""
"";"Cep";"10623";"23 07 22 +70 39 40";"STF 2984 AC";"2000";"2";81;74.2;7.63;13.10;5.47;""
"HD 218739";"And";"52754";"23 09 59 +47 57 34";"STF 2985 DE";"2020";"81";257;15.6;7.21;8.02;0.81;""
"HD 218687";"Peg";"108437";"23 09 57 +14 25 36";"STF 2986";"2018";"56";269;31.4;6.61;8.88;2.27;""
"HD 218790";"And";"52759";"23 10 21 +49 01 06";"STF 2987";"2022";"47";149;4.2;7.42;10.41;2.99;"Y"
"HD 218928";"Aqr";"165551";"23 11 60 -11 56 01";"STF 2988";"2020";"98";97;3.5;7.93;7.95;0.02;""
"HD 219099";"Peg";"108462";"23 13 10 +19 58 58";"STF 2989";"2016";"40";143;1.8;8.88;10.14;1.26;""
"HD 219111";"Peg";"91098";"23 13 18 +22 05 01";"STF 2990 AB";"2019";"141";56;2.6;8.90;8.97;0.07;""
"HD 219139";"Peg";"108463";"23 13 26 +11 03 54";"STF 2991 AB";"2021";"30";358;32.6;5.96;10.16;4.20;""
"";"Peg";"108463";"23 13 26 +11 03 54";"STF 2991 AC";"-1";"0";-1;-1.0;5.96;11.10;5.14;""
"HD 219127";"And";"73090";"23 13 06 +40 00 10";"STF 2992 AB";"2019";"48";285;14.3;7.66;9.59;1.93;""
"";"And";"73090";"23 13 06 +40 00 10";"STF 2992 AC";"2015";"7";335;53.3;7.66;14.22;6.56;""
"HD 219175";"Aqr";"146577";"23 14 07 -08 55 28";"STF 2993 AB";"2018";"79";175;25.1;7.60;8.17;0.57;""
"HD 219542";"Psc";"146605";"23 16 35 -01 35 11";"STF 2995";"2021";"96";32;5.3;8.20;8.61;0.41;""
"HD 219194";"Cep";"3856";"23 10 54 +81 49 01";"STF 2996";"2019";"42";106;5.1;8.95;9.20;0.25;""
"HD 219614";"Peg";"91142";"23 17 01 +21 24 39";"STF 2997";"2016";"36";222;24.8;8.86;9.51;0.65;""
"94 Aqr";"Aqr";"165625";"23 19 07 -13 27 31";"STF 2998 AB";"2021";"249";353;12.3;5.27;6.97;1.70;""
"";"Psc";"128105";"23 18 46 +05 11 19";"STF 2999 AB";"2019";"24";167;78.9;8.90;9.17;0.27;""
"";"Psc";"128105";"23 18 46 +05 11 19";"STF 2999 AD";"2019";"13";19;27.4;8.90;11.90;3.00;""
"";"Psc";"128106";"23 18 48 +05 10 04";"STF 2999 BC";"2019";"21";172;9.8;9.17;10.86;1.69;""
"HD 219827";"Peg";"91164";"23 18 45 +25 12 43";"STF 3000";"2017";"63";50;3.4;9.63;9.83;0.20;""
"Omi Cep";"Cep";"20554";"23 18 37 +68 06 41";"STF 3001 AB";"2022";"241";223;3.4;4.97;7.28;2.31;"Y"
"";"Cep";"20554";"23 18 37 +68 06 41";"STF 3001 AC";"2012";"2";356;44.0;4.97;12.90;7.93;""
"HD 220062";"Psc";"128132";"23 20 50 +02 27 23";"STF 3002 AB";"2015";"26";197;3.7;7.85;10.55;2.70;""
"";"Psc";"128132";"23 20 50 +02 27 23";"STF 3002 AC";"2015";"5";199;4.7;7.85;11.26;3.41;""
"";"Cep";"3879";"23 15 07 +83 26 49";"STF 3003";"2015";"28";266;21.9;9.80;9.80;0.00;""
"12 And";"And";"52927";"23 20 44 +44 06 58";"STF 3004";"2019";"29";177;13.6;6.26;10.13;3.87;""
"";"Peg";"91201";"23 21 32 +24 56 45";"STF 3005";"2015";"18";23;20.5;8.70;12.91;4.21;""
"HD 220149";"And";"73195";"23 21 13 +35 26 40";"STF 3006 AB";"2019";"165";152;7.3;9.19;9.98;0.79;""
"";"And";"73195";"23 21 13 +35 26 40";"STF 3006 AC";"2015";"18";19;77.1;9.19;12.01;2.82;""
"HD 220334";"Peg";"91222";"23 22 49 +20 33 32";"STF 3007 AB";"2022";"286";92;5.9;6.74;9.78;3.04;"Y"
"";"Peg";"91222";"23 22 49 +20 33 32";"STF 3007 AC";"2017";"23";305;103.8;6.74;10.86;4.12;""
"HD 220436";"Aqr";"146683";"23 23 45 -08 27 36";"STF 3008";"2018";"204";147;7.1;7.21;7.67;0.46;""
"HD 220512";"Psc";"128160";"23 24 16 +03 42 56";"STF 3009 AB";"2018";"63";230;7.1;6.87;8.76;1.89;""
"HD 220445";"And";"52963";"23 23 29 +45 47 36";"STF 3010 AB";"2021";"45";132;25.8;8.75;9.50;0.75;""
"";"And";"";"23 23 31 +45 47 19";"STF 3010 BC";"2021";"11";139;9.3;9.50;12.50;3.00;""
"HD 220615";"Cep";"10726";"23 23 53 +77 04 09";"STF 3011";"2016";"32";331;7.0;9.23;9.44;0.21;""
"HD 220922";"Peg";"108617";"23 27 33 +16 37 23";"STF 3012 AB";"2016";"67";190;2.9;9.47;9.82;0.35;""
"";"Peg";"108617";"23 27 33 +16 37 23";"STF 3012 AC";"2018";"37";67;53.4;9.47;8.51;0.96;""
"";"Peg";"108617";"23 27 33 +16 37 20";"STF 3013 BC";"2015";"21";64;54.1;9.82;8.51;1.31;""
"";"Peg";"";"23 27 36 +16 37 44";"STF 3013 Ca,Cb";"2015";"2";36;0.3;8.51;"";"";""
"";"Peg";"108618";"23 27 36 +16 37 44";"STF 3013 CD";"2024";"57";277;3.1;8.51;10.20;1.69;""
"HD 220953";"Peg";"108622";"23 27 56 +11 08 10";"STF 3014";"2017";"41";279;8.1;8.39;10.44;2.05;""
"HD 220987";"Peg";"73274";"23 28 03 +33 33 33";"STF 3015";"2016";"33";189;2.9;9.53;9.77;0.24;""
"HD 221079";"Aqr";"146728";"23 28 59 -06 38 23";"STF 3016";"2015";"27";318;20.4;9.71;10.36;0.65;""
"HD 221071";"Cep";"10742";"23 27 43 +74 07 10";"STF 3017 AB";"2022";"68";19;1.2;7.64;8.51;0.87;""
"";"Cep";"10742";"23 27 43 +74 07 10";"STF 3017 AC";"2015";"4";145;87.5;7.64;13.80;6.16;""
"";"Peg";"73306";"23 30 26 +30 49 55";"STF 3018 AB,C";"2015";"51";202;18.8;7.43;9.75;2.32;""
"HD 221272";"Psc";"128216";"23 30 41 +05 14 58";"STF 3019";"2023";"74";185;10.4;7.77;8.37;0.60;""
"";"Peg";"20677";"23 31 05 +18 46 44";"STF 3020 Aa,Ab";"2015";"2";44;0.3;7.89;"";"";""
"HD 221327";"Peg";"108654";"23 31 05 +18 46 44";"STF 3020 AB";"2020";"45";98;2.3;7.89;9.99;2.10;""
"HD 221355";"Peg";"108659";"23 31 25 +16 13 08";"STF 3021 AB";"2017";"52";308;8.7;8.06;9.26;1.20;""
"";"Peg";"108659";"23 31 25 +16 13 08";"STF 3021 AC";"2015";"17";23;118.2;8.06;10.79;2.73;""
"HD 221335";"Cas";"35491";"23 30 52 +58 24 56";"STF 3022 AB";"2016";"35";226;20.4;8.34;9.94;1.60;""
"";"Cas";"35491";"23 30 52 +58 24 56";"STF 3022 AC";"2015";"18";191;117.6;8.34;11.45;3.11;""
"HD 221479";"Peg";"108669";"23 32 25 +17 24 15";"STF 3023";"2016";"41";280;1.8;7.23;9.11;1.88;""
"V389 And";"And";"53124";"23 32 01 +43 49 20";"STF 3024";"2019";"42";309;4.9;8.63;9.35;0.72;""
"";"Psc";"128274";"23 35 53 +03 13 41";"STF 3025";"2015";"11";65;25.2;9.43;12.55;3.12;""
"HD 221949";"Peg";"91371";"23 36 19 +28 53 56";"STF 3026";"2019";"43";275;3.2;9.42;9.94;0.52;""
"";"Cep";"3929";"23 34 02 +83 03 10";"STF 3027";"2015";"14";12;20.6;9.32;11.00;1.68;""
"HD 222221";"And";"73398";"23 38 34 +35 01 60";"STF 3028";"2019";"70";199;14.5;7.07;9.98;2.91;""
"";"Cep";"10801";"23 37 22 +71 41 22";"STF 3029";"2019";"21";316;5.0;9.46;10.09;0.63;""
"HD 222456";"Psc";"";"23 40 43 -00 22 60";"STF 3030";"2020";"51";222;2.4;8.95;9.30;0.35;""
"HD 222501";"Psc";"128327";"23 41 11 +06 15 46";"STF 3031";"2016";"52";311;13.9;7.80;8.58;0.78;""
"";"Peg";"108775";"23 41 20 +14 46 20";"STF 3032";"2016";"22";338;19.4;8.67;10.97;2.30;""
"HD 222825";"Psc";"128351";"23 43 57 +07 15 01";"STF 3033";"2016";"74";183;3.1;9.07;9.40;0.33;""
"V395 And";"And";"53332";"23 44 32 +46 22 49";"STF 3034";"2015";"23";103;5.6;7.68;9.86;2.18;""
"HD 222941";"Peg";"128362";"23 45 14 +08 13 51";"STF 3035 AB";"2021";"16";311;28.1;8.75;11.56;2.81;""
"HD 223029";"Psc";"146891";"23 46 00 +00 15 43";"STF 3036";"2016";"30";221;2.7;8.22;9.57;1.35;""
"HD 223070";"Cas";"20832";"23 46 08 +60 28 23";"STF 3037 AB";"2022";"62";214;2.3;7.35;9.20;1.85;""
"";"Cas";"20832";"23 46 08 +60 28 23";"STF 3037 AC";"2021";"36";189;29.4;7.35;9.96;2.61;""
"";"Cas";"20832";"23 46 08 +60 28 23";"STF 3037 AD";"2021";"18";233;52.7;7.35;10.86;3.51;""
"";"Cas";"20832";"23 46 08 +60 28 23";"STF 3037 AE";"2021";"11";63;110.3;7.35;9.70;2.35;""
"";"Cas";"20832";"23 46 08 +60 28 23";"STF 3037 AF";"2016";"9";147;124.1;7.35;11.13;3.78;""
"";"Cas";"20832";"23 46 08 +60 28 23";"STF 3037 BC";"2016";"20";187;27.2;9.20;9.96;0.76;""
"";"Cas";"20833";"23 46 11 +62 40 05";"STF 3038";"2016";"38";275;4.4;10.06;10.09;0.03;""
"HD 223138";"Peg";"91482";"23 46 52 +28 25 11";"STF 3039 AB";"2021";"42";28;37.3;7.41;9.39;1.98;""
"";"Peg";"91482";"23 46 52 +28 25 11";"STF 3039 AC";"2001";"6";94;715.3;7.41;8.15;0.74;""
"HD 223270";"Peg";"128387";"23 48 06 +10 08 50";"STF 3040";"2018";"40";216;4.5;9.58;9.75;0.17;""
"HD 223249";"Peg";"108841";"23 47 52 +17 03 22";"STF 3041 AB";"2018";"48";356;61.1;8.35;9.05;0.70;""
"";"Peg";"108841";"23 47 52 +17 03 22";"STF 3041 A,BC";"2023";"21";358;60.2;8.35;8.36;0.01;""
"";"Peg";"108841";"23 47 52 +17 03 22";"STF 3041 AC";"2018";"28";358;59.5;8.35;9.18;0.83;""
"";"Peg";"108840";"23 47 52 +17 04 19";"STF 3041 BC";"2020";"110";357;3.5;9.18;9.04;0.14;""
"HD 223718";"And";"73565";"23 51 52 +37 53 28";"STF 3042";"2024";"199";86;5.8;7.62;7.75;0.13;""
"";"And";"73578";"23 52 50 +38 41 16";"STF 3043 AB,C";"2016";"33";250;16.2;9.53;9.97;0.44;""
"HD 223838";"Peg";"108883";"23 52 60 +11 55 27";"STF 3044";"2017";"92";283;18.7;7.27;7.91;0.64;""
"HD 224004";"Psc";"128456";"23 54 25 +02 27 50";"STF 3045";"2016";"40";272;1.8;7.97;9.31;1.34;""
"HD 224253";"Aqr";"146985";"23 56 21 -09 29 57";"STF 3046 AB";"2020";"158";269;3.9;8.79;9.44;0.65;""
"";"Aqr";"146985";"23 56 21 -09 29 57";"STF 3046 AC";"2015";"4";206;81.8;8.79;14.31;5.52;""
"HD 224435";"Cas";"35930";"23 57 53 +57 23 19";"STF 3047 AB";"2016";"54";71;1.2;9.00;9.20;0.20;""
"HD 224459";"Peg";"91616";"23 58 04 +24 20 28";"STF 3048 AB";"2021";"52";313;8.5;7.94;10.17;2.23;""
"";"Peg";"91616";"23 58 04 +24 20 28";"STF 3048 AC";"2015";"20";266;36.9;7.94;11.33;3.39;""
"Sig Cas";"Cas";"35947";"23 59 01 +55 45 18";"STF 3049 AB";"2021";"122";326;3.1;4.99;7.24;2.25;""
"";"Cas";"35947";"23 59 01 +55 45 18";"STF 3049 AC";"2014";"9";66;106.0;4.99;10.37;5.38;""
"";"Cas";"35947";"23 59 00 +55 45 20";"STF 3049 BC";"2003";"4";66;106.5;7.24;10.37;3.13;""
"HD 224635";"And";"73656";"23 59 29 +33 43 27";"STF 3050 AB";"2024";"658";344;2.6;6.46;6.72;0.26;"Y"
"";"And";"73656";"23 59 29 +33 43 27";"STF 3050 AC";"2015";"5";299;79.5;6.46;12.80;6.34;""
"HD 225020";"Cep";"2";"00 02 47 +80 16 56";"STF 3051";"2021";"41";24;16.7;7.74;9.47;1.73;""
"HD 225044";"Cep";"4017";"00 02 56 +71 21 31";"STF 3052";"2021";"39";9;34.7;8.63;9.26;0.63;""
"HD 225009";"Cas";"10937";"00 02 36 +66 05 56";"STF 3053 AB";"2018";"79";70;15.2;5.96;7.17;1.21;""
"";"Cas";"10937";"00 02 36 +66 05 56";"STF 3053 AC";"2012";"10";291;98.5;5.96;10.99;5.03;""
"HD 225057";"Psc";"108989";"00 03 04 +08 16 14";"STF 3054";"2016";"37";181;33.8;8.13;9.05;0.92;""
"NN Peg";"Peg";"91683";"00 04 00 +12 08 45";"STF 3055 AB";"2015";"22";359;5.7;7.28;10.34;3.06;""
"";"Peg";"91683";"00 04 00 +12 08 45";"STF 3055 AC";"2015";"9";32;122.6;7.28;12.70;5.42;""
"";"And";"53617";"00 04 40 +34 15 55";"STF 3056 AB";"2020";"150";142;0.8;7.72;8.08;0.36;"Y"
"HD 225220";"And";"53617";"00 04 40 +34 15 55";"STF 3056 AB,C";"2024";"69";4;25.7;7.13;10.13;3.00;""
"";"And";"53617";"00 04 40 +34 15 55";"STF 3056 AB,D";"2020";"18";238;95.2;7.13;10.61;3.48;""
"";"And";"";"00 04 40 +34 16 20";"STF 3056 CD";"2015";"16";227;113.1;10.13;10.61;0.48;""
"HD 225257";"Cas";"21062";"00 04 55 +58 31 56";"STF 3057";"2015";"65";298;3.9;6.70;9.30;2.60;""
"HD 4";"Peg";"53627";"00 05 09 +30 19 44";"STF 3058";"2015";"43";51;12.6;7.81;9.21;1.40;""
"";"Cep";"11";"00 05 16 +82 41 49";"STF 3059";"2016";"18";323;2.0;10.57;11.17;0.60;""
"HD 113";"Peg";"91707";"00 05 56 +18 04 34";"STF 3060 AB";"2020";"169";136;3.4;9.32;9.65;0.33;"Y"
"";"Peg";"91707";"00 05 56 +18 04 34";"STF 3060 AC";"2020";"19";273;65.1;9.32;12.15;2.83;""
"HD 85";"Peg";"91703";"00 05 44 +17 50 25";"STF 3061";"2016";"130";149;8.0;8.40;8.51;0.11;""
"V640 Cas";"Cas";"21085";"00 06 16 +58 26 12";"STF 3062";"2021";"639";8;1.5;6.42;7.32;0.90;"Y"
"HD 296";"Psc";"128592";"00 07 36 -04 32 51";"STF 3063";"2015";"57";194;1.0;9.30;10.29;0.99;"Y"
"HD 290";"And";"53661";"00 07 38 +40 08 53";"STF 3064 AB";"2024";"43";9;26.1;6.84;10.84;4.00;""
"HD 336";"Cet";"147097";"00 07 59 -14 13 37";"STF 3065";"2016";"46";290;9.7;9.58;9.64;0.06;""
"HD 97157";"Leo";"138034";"11 10 57 -06 19 31";"STF 3067";"2016";"21";236;21.1;9.52;9.88;0.36;""
"HD 97232";"Crt";"138043";"11 11 24 -09 21 27";"STF 3068";"2021";"23";312;19.4;9.82;9.91;0.09;""
"HD 98749";"Leo";"138157";"11 21 49 -01 43 40";"STF 3069";"2015";"13";219;17.4;9.10;11.80;2.70;""
"HD 99136";"Leo";"138187";"11 24 31 -04 23 03";"STF 3070 AB";"2017";"33";277;8.8;10.05;10.50;0.45;""
"HD 99666";"Leo";"138219";"11 27 59 -01 55 17";"STF 3071";"2015";"13";299;35.6;9.42;11.86;2.44;""
"HD 100070";"Crt";"138243";"11 30 51 -06 43 08";"STF 3072";"2016";"33";331;10.0;7.72;9.93;2.21;""
"HD 101502";"Crt";"138342";"11 40 49 -08 50 48";"STF 3073";"2015";"24";63;17.1;8.71;11.34;2.63;""
"HD 102524";"Crt";"138414";"11 48 00 -08 37 40";"STF 3074";"2021";"40";302;10.9;9.60;9.71;0.11;""
"HD 103113";"Vir";"119090";"11 52 24 +07 32 60";"STF 3075";"2021";"35";182;18.7;9.70;9.88;0.18;""
"";"Vir";"43954";"11 56 39 -05 13 37";"STF 3076";"2017";"24";55;6.1;10.28;10.66;0.38;""
"HD 104101";"Vir";"";"11 59 08 +09 08 25";"STF 3077";"2015";"17";46;8.6;10.33;12.30;1.97;""
"HD 105568";"Vir";"99964";"12 09 17 +11 17 30";"STF 3078";"2021";"38";306;9.7;8.55;10.76;2.21;""
"HD 105795";"Vir";"138629";"12 10 41 -04 44 49";"STF 3079";"2016";"24";87;15.2;9.75;10.80;1.05;""
"HD 105931";"Crv";"";"12 11 34 -13 41 29";"STF 3080";"2022";"19";201;4.6;9.30;11.30;2.00;""
"HD 119736";"Vir";"";"13 45 10 -11 50 22";"STF 3081";"2017";"32";66;2.0;9.79;9.92;0.13;""
"HD 125578";"Boo";"83291";"14 19 41 +23 30 16";"STF 3083";"2018";"30";232;4.8;9.03;10.98;1.95;""
"HD 126243";"UMa";"16353";"14 21 54 +62 15 30";"STF 3084 AB";"2015";"14";15;30.5;8.62;11.08;2.46;""
"";"Boo";"120517";"14 32 21 +17 18 29";"STF 3086";"2018";"32";271;6.0;10.06;10.83;0.77;""
"";"Boo";"101100";"14 36 15 +19 24 22";"STF 3087 AB";"2022";"34";222;2.4;10.63;10.67;0.04;""
"";"Vir";"";"14 59 27 -00 29 03";"STF 3089";"2016";"18";34;5.4;10.83;12.50;1.67;""
"HD 134212";"Lib";"45397";"15 08 43 -00 58 50";"STF 3090 AB";"2018";"60";289;0.6;9.09;9.34;0.25;""
"";"Lib";"45397";"15 08 43 -00 58 50";"STF 3090 AC";"2017";"14";128;89.3;9.09;10.32;1.23;""
"";"Lib";"140421";"15 16 02 -04 53 52";"STF 3091 AB";"2022";"113";229;0.3;7.74;8.48;0.74;"Y"
"HD 135578";"Lib";"140421";"15 16 02 -04 53 52";"STF 3091 AB,E";"2015";"7";46;41.3;7.30;12.00;4.70;""
"HD 136598";"Ser";"140484";"15 21 45 -02 00 50";"STF 3092";"2017";"23";166;14.0;9.17;11.70;2.53;""
"HD 136799";"Ser";"140492";"15 22 39 -01 32 09";"STF 3093";"2017";"59";155;22.2;8.75;9.73;0.98;""
"HD 139555";"Lib";"206835";"15 39 06 -08 33 52";"STF 3094";"2018";"42";297;2.5;9.58;9.69;0.11;""
"HD 140596";"Lib";"242901";"15 44 60 -15 10 30";"STF 3095 AB";"2016";"30";323;3.2;8.56;10.00;1.44;""
"HD 141178";"Lib";"";"15 47 54 -05 19 17";"STF 3096 AB";"2018";"39";77;3.7;9.93;9.96;0.03;""
"HD 141735";"Lib";"253309";"15 50 54 -09 01 43";"STF 3097";"2018";"32";189;4.0;9.72;9.97;0.25;""
"HD 141880";"Lib";"159546";"15 51 44 -11 08 43";"STF 3098";"2015";"9";338;24.3;9.47;11.46;1.99;""
"HD 142347";"Lib";"183916";"15 54 36 -13 40 57";"STF 3099";"2016";"25";111;2.4;9.07;10.20;1.13;""
"HD 142555";"Lib";"";"15 55 31 -08 52 11";"STF 3100";"2016";"23";246;6.0;9.85;11.60;1.75;""
"HD 143144";"Ser";"140875";"15 58 53 -03 04 23";"STF 3101 AB";"2019";"54";74;2.2;8.97;9.09;0.12;""
"HD 147219";"Oph";"141112";"16 20 44 -03 55 45";"STF 3103";"2016";"17";304;24.4;9.14;10.78;1.64;""
"HD 148700";"Oph";"159956";"16 30 32 -14 32 46";"STF 3104 AB";"2020";"28";228;9.5;9.15;10.37;1.22;""
"";"Oph";"159956";"16 30 32 -14 32 46";"STF 3104 AC";"2015";"17";82;111.2;9.15;9.97;0.82;""
"HD 148931";"Oph";"141223";"16 31 48 -07 01 24";"STF 3105";"2022";"135";180;0.6;7.68;9.25;1.57;"Y"
"HD 152779";"Oph";"141441";"16 55 38 -05 09 57";"STF 3106";"2016";"65";80;1.9;9.54;9.55;0.01;""
"";"Oph";"121974";"16 58 50 +03 58 01";"STF 3107 AB";"2017";"126";70;1.4;9.08;9.30;0.22;"Y"
"";"Oph";"121974";"16 58 50 +03 58 01";"STF 3107 AC";"2015";"5";321;42.2;9.08;13.85;4.77;""
"";"Oph";"121974";"16 58 50 +03 58 01";"STF 3107 AD";"2015";"11";43;72.7;9.08;10.11;1.03;""
"HD 153332";"Oph";"121974";"16 58 50 +03 58 01";"STF 3107 AB,D";"2004";"13";42;72.6;8.43;10.11;1.68;""
"";"Oph";"121974";"16 58 50 +03 58 01";"STF 3107 BD";"2015";"10";42;71.4;9.30;10.11;0.81;""
"HD 153851";"Oph";"160238";"17 02 23 -11 53 36";"STF 3108";"2015";"20";119;58.4;9.02;10.32;1.30;""
"HD 154382";"Oph";"";"17 05 22 -07 06 28";"STF 3109";"2015";"18";296;5.0;9.81;11.60;1.79;""
"HD 154599";"Oph";"141518";"17 06 30 -02 35 34";"STF 3110";"2016";"24";334;7.9;9.65;11.30;1.65;""
"HD 344338";"Vul";"";"19 25 06 +21 50 03";"STF 3111";"2020";"23";116;2.5;9.92;10.16;0.24;""
"HD 205356";"Peg";"230742";"21 34 30 +09 29 59";"STF 3112 AB";"2020";"39";241;6.7;7.96;10.32;2.36;""
"HD 11427";"And";"37589";"01 53 28 +44 37 06";"STF 3113";"2016";"40";279;0.6;9.53;9.68;0.15;""
"HD 26051";"Per";"39342";"04 09 10 +40 09 40";"STF 3114 AB";"2018";"53";157;3.1;7.71;9.59;1.88;""
"HD 38284";"Cam";"13618";"05 49 05 +62 48 30";"STF 3115";"2024";"87";330;0.7;6.55;7.51;0.96;"Y"
"FR CMa";"CMa";"151401";"06 21 25 -11 46 24";"STF 3116 AB";"2003";"20";23;3.9;5.55;9.70;4.15;""
"HD 47934";"Mon";"114273";"06 41 22 +09 43 52";"STF 3117";"2015";"24";77;0.9;9.17;9.76;0.59;""
"HD 262066";"Mon";"";"06 41 30 +09 49 48";"STF 3118 AB";"2019";"23";174;2.8;9.78;9.87;0.09;""
"";"Mon";"";"06 41 30 +09 49 48";"STF 3118 AC";"2004";"14";338;94.8;9.78;7.50;2.28;""
"";"Mon";"";"06 41 30 +09 49 48";"STF 3118 AD";"2015";"13";31;128.4;9.78;9.90;0.12;""
"";"Mon";"114274";"06 41 27 +09 51 14";"STF 3118 CD";"2004";"13";78;106.1;7.50;9.90;2.40;""
"HD 72342";"Cnc";"116873";"08 32 35 +08 29 20";"STF 3119";"2015";"33";219;30.0;8.62;10.81;2.19;""
"HD 76171";"Lyn";"42605";"08 56 07 +43 40 39";"STF 3120 AB";"2025";"39";2;1.3;8.40;8.96;0.56;""
"";"Lyn";"42605";"08 56 07 +43 40 39";"STF 3120 AC";"2022";"5";116;7.5;8.40;14.10;5.70;""
"";"Cnc";"80745";"09 17 53 +28 33 38";"STF 3121 AB";"2022";"425";234;0.3;7.90;8.00;0.10;"Y"
"";"Dra";"15713";"12 06 01 +68 41 56";"STF 3123 AB";"2017";"148";190;0.3;8.01;7.90;0.11;"Y"
"";"Dra";"15713";"12 06 01 +68 41 56";"STF 3123 AB,C";"2017";"7";302;3.0;7.20;15.70;8.50;""
"";"UMi";"16732";"15 25 30 +67 03 11";"STF 3125";"2016";"25";267;2.2;9.89;10.42;0.53;""
"HD 141715";"Ser";"";"15 50 04 -03 10 38";"STF 3126 AB";"2018";"31";279;2.3;10.39;10.29;0.10;""
"";"Ser";"";"15 50 04 -03 10 38";"STF 3126 AC";"2015";"8";283;31.7;10.39;13.60;3.21;""
"Sarin";"Her";"84951";"17 15 02 +24 50 22";"STF 3127 AB";"2023";"224";293;14.0;3.12;8.30;5.18;""
"";"Her";"84951";"17 15 02 +24 50 22";"STF 3127 AC";"2023";"8";353;175.5;3.12;10.45;7.33;""
"";"Her";"84951";"17 15 02 +24 50 22";"STF 3127 AD";"2023";"12";89;191.6;3.12;10.59;7.47;""
"HD 162756";"Oph";"141935";"17 52 59 -07 55 10";"STF 3128 AB";"2016";"30";50;1.3;7.82;9.95;2.13;"Y"
"";"Oph";"141935";"17 52 59 -07 55 10";"STF 3128 AC";"2015";"4";86;97.1;7.82;13.60;5.78;""
"HD 164898";"Her";"47139";"18 01 07 +45 21 03";"STF 3129";"2023";"22";167;30.4;7.59;10.64;3.05;""
"HD 176003";"Lyr";"47928";"18 55 57 +44 13 42";"STF 3130 AB,C";"2016";"27";257;2.6;6.97;10.52;3.55;""
"";"Lyr";"47928";"18 55 57 +44 13 42";"STF 3130 AB,D";"2003";"6";310;181.2;6.97;12.01;5.04;""
"HD 181879";"Lyr";"68170";"19 20 34 +39 11 05";"STF 3131";"2015";"25";299;9.5;9.27;11.35;2.08;""
"HD 350039";"Vul";"";"19 28 13 +20 12 60";"STF 3132 AB";"2023";"30";39;7.6;10.10;11.80;1.70;""
"HD 199967";"Cep";"33027";"20 57 40 +61 21 37";"STF 3133";"2021";"35";100;3.2;8.08;9.34;1.26;""
"HD 214860";"Peg";"90697";"22 40 43 +29 59 32";"STF 3134";"2020";"41";77;6.4;9.59;10.09;0.50;""
"";"Ori";"132406";"05 38 45 -02 36 00";"STF 3135 AB,F";"2016";"13";324;208.0;3.76;7.86;4.10;""
"";"Lyr";"67174";"18 36 56 +38 45 45";"STF 3136 BC";"2012";"5";310;83.7;9.50;11.00;1.50;""
"HD 4372";"And";"54138";"00 46 24 +30 56 34";"STFA 1 AB";"2018";"115";47;47.8;7.25;7.43;0.18;""
"37 Cet";"Cet";"129193";"01 14 24 -07 55 22";"STFA 3 AB";"2024";"67";331;49.0;5.19;7.85;2.66;""
"56 And";"And";"55107";"01 56 09 +37 15 06";"STFA 4 AB";"2014";"38";298;202.5;5.79;6.07;0.28;""
"30 Ari";"Ari";"75471";"02 37 01 +24 38 50";"STFA 5 AB";"2019";"83";275;37.9;6.50;7.02;0.52;""
"HD 19573";"Cet";"111006";"03 09 11 +07 27 38";"STFA 6";"2017";"44";163;81.0;7.66;7.84;0.18;""
"HD 21700";"Tau";"75964";"03 31 03 +27 43 54";"STFA 7 AB";"2021";"58";234;44.1;7.41;7.81;0.40;""
"Alcyone";"Tau";"76199";"03 47 29 +24 06 19";"STFA 8 AB";"2016";"37";291;117.6;2.83;6.27;3.44;""
"";"Tau";"76199";"03 47 29 +24 06 19";"STFA 8 AC";"2016";"17";313;182.0;2.83;8.22;5.39;""
"";"Tau";"76199";"03 47 29 +24 06 19";"STFA 8 AD";"2016";"16";297;191.8;2.83;8.73;5.90;""
"";"Tau";"76192";"03 47 21 +24 06 58";"STFA 8 BC";"2017";"22";345;86.2;6.27;8.22;1.95;""
"";"Tau";"76192";"03 47 21 +24 06 58";"STFA 8 BD";"2015";"20";305;75.2;6.27;8.73;2.46;""
"";"Tau";"76191";"03 47 19 +24 08 21";"STFA 8 CD";"2016";"26";225;54.7;8.22;8.73;0.51;""
"Chamukuy";"Tau";"93957";"04 28 40 +15 52 15";"STFA 10 AB";"2019";"46";347;336.9;3.41;3.94;0.53;""
"Sig2 Tau";"Tau";"94054";"04 39 16 +15 55 05";"STFA 11";"2014";"42";194;444.0;4.69;5.09;0.40;""
"11 Cam";"Cam";"25001";"05 06 08 +58 58 21";"STFA 13 AB";"2017";"31";10;177.7;5.20;6.21;1.01;""
"";"Cam";"25003";"05 06 12 +59 01 17";"STFA 13 BC";"2016";"11";19;177.9;6.21;10.19;3.98;""
"";"Cam";"";"05 06 20 +59 04 04";"STFA 13 CD";"2016";"8";12;10.3;10.19;13.20;3.01;""
"Mintaka";"Ori";"132220";"05 32 00 -00 17 57";"STFA 14 AC";"2023";"80";0;51.8;2.41;6.83;4.42;""
"The2 Ori";"Ori";"132321";"05 35 23 -05 24 58";"STFA 16 AB";"2019";"62";93;52.3;5.03;6.19;1.16;""
"";"Ori";"132321";"05 35 23 -05 24 58";"STFA 16 AC";"2019";"26";98;128.5;5.03;8.46;3.43;""
"";"Ori";"132322";"05 35 26 -05 25 01";"STFA 16 BC";"2019";"24";102;76.5;6.19;8.46;2.27;""
"";"Ori";"132321";"05 35 23 -05 24 58";"STFA 17 AD";"2018";"32";315;134.4;5.03;5.06;0.03;""
"Adhafera";"Leo";"81265";"10 16 41 +23 25 02";"STFA 18 AB";"2016";"41";337;335.4;3.46;6.03;2.57;""
"Tau Leo";"Leo";"118875";"11 27 56 +02 51 22";"STFA 19 AB";"2019";"77";181;89.2;5.05;7.47;2.42;""
"";"Leo";"118875";"11 27 56 +02 51 22";"STFA 19 AD";"2019";"11";92;761.5;5.05;9.51;4.46;""
"";"Leo";"118876";"11 27 56 +02 49 54";"STFA 19 BC";"2019";"8";234;102.4;7.47;14.48;7.01;""
"";"Leo";"118876";"11 27 56 +02 49 54";"STFA 19 BD";"2019";"9";86;767.5;7.47;9.51;2.04;""
"17 Com";"Com";"82330";"12 28 55 +25 54 46";"STFA 21 AB";"2018";"49";251;146.4;5.23;6.64;1.41;""
"32 Com";"Com";"100309";"12 52 12 +17 04 26";"STFA 23 AB";"2015";"43";51;196.3;6.50;6.99;0.49;""
"";"Com";"100309";"12 52 12 +17 04 26";"STFA 23 AC";"2015";"7";262;905.4;6.50;8.95;2.45;""
"17 CVn";"CVn";"63380";"13 10 03 +38 29 56";"STFA 24 AB";"2012";"38";296;275.6;5.95;6.26;0.31;""
"HD 115136";"Dra";"16018";"13 13 28 +67 17 17";"STFA 25 AB";"2020";"34";298;180.8;6.64;7.08;0.44;""
"";"Dra";"16018";"13 13 28 +67 17 17";"STFA 25 AC";"2020";"27";225;104.5;6.64;8.89;2.25;""
"";"Dra";"16014";"13 13 00 +67 18 35";"STFA 25 BC";"2020";"31";151;180.1;7.08;8.89;1.81;""
"Asellus secondus";"Boo";"29071";"14 16 10 +51 22 01";"STFA 26 AB";"2023";"112";33;38.8;4.76;7.39;2.63;""
"";"Boo";"29071";"14 16 10 +51 22 01";"STFA 26 AC";"2016";"6";186;94.4;4.76;13.51;8.75;""
"Del Boo";"Boo";"64589";"15 15 30 +33 18 53";"STFA 27 AB";"2023";"129";78;104.7;3.56;7.89;4.33;""
"Alkalurops";"Boo";"64686";"15 24 30 +37 22 37";"STFA 28 AB";"2023";"155";170;109.2;4.33;7.09;2.76;""
"Nu1 CrB";"CrB";"65257";"16 22 21 +33 47 57";"STFA 29 AB";"2016";"39";164;356.1;5.39;5.58;0.19;""
"";"CrB";"65257";"16 22 21 +33 47 57";"STFA 29 AD";"2020";"7";153;277.2;5.39;11.53;6.14;""
"";"Dra";"30013";"16 36 14 +52 55 28";"STFA 30 AC";"2018";"86";193;90.2;5.38;5.50;0.12;""
"";"Dra";"30013";"16 36 14 +52 55 27";"STFA 30 BC";"2017";"47";194;90.1;6.42;5.50;0.92;""
"";"Dra";"30012";"16 36 11 +52 54 00";"STFA 30 CD";"2020";"9";123;125.5;5.50;11.19;5.69;""
"37 Her";"Her";"121776";"16 40 39 +04 13 11";"STFA 31 AB";"2017";"87";229;69.3;5.76;6.92;1.16;""
"";"Her";"46409";"16 57 53 +47 22 00";"STFA 32 AC";"2021";"36";262;112.4;7.93;8.05;0.12;""
"";"Her";"";"16 57 54 +47 22 02";"STFA 32 BC";"2015";"9";261;117.2;10.85;8.05;2.80;""
"NSV8152";"Her";"102564";"17 03 39 +13 36 20";"STFA 33 AB";"2015";"34";117;306.7;5.91;6.17;0.26;""
"";"Her";"102564";"17 03 39 +13 36 20";"STFA 33 AD";"2020";"10";138;177.8;5.91;10.43;4.52;""
"";"Her";"102569";"17 03 58 +13 34 03";"STFA 33 BD";"2020";"24";273;154.5;6.17;10.43;4.26;""
"";"Her";"";"17 03 47 +13 34 07";"STFA 33 DE";"2015";"15";208;98.9;10.43;10.95;0.52;""
"53 Oph";"Oph";"122526";"17 34 37 +09 35 12";"STFA 34 AB";"2024";"98";190;40.8;5.80;7.50;1.70;""
"";"Oph";"122526";"17 34 37 +09 35 12";"STFA 34 AC";"2013";"10";343;96.6;5.80;11.90;6.10;""
"";"Oph";"122526";"17 34 37 +09 35 12";"STFA 34 AD";"2020";"8";213;127.0;5.80;11.98;6.18;""
"";"Oph";"122525";"17 34 36 +09 34 32";"STFA 34 BD";"2015";"11";223;90.6;7.50;11.98;4.48;""
"Nu2 Dra";"Dra";"30450";"17 32 16 +55 10 22";"STFA 35";"2023";"197";308;62.2;4.87;4.90;0.03;""
"Double Double";"Lyr";"67310";"18 44 20 +39 40 12";"STFA 37 AB,CD";"2021";"98";172;209.4;4.67;4.56;0.11;""
"";"Lyr";"67310";"18 44 20 +39 40 12";"STFA 37 AD";"2021";"19";172;208.2;5.15;5.38;0.23;""
"";"Lyr";"67310";"18 44 20 +39 40 12";"STFA 37 AI";"2023";"25";137;150.0;5.15;10.12;4.97;""
"";"Lyr";"67309";"18 44 20 +39 40 14";"STFA 37 BC";"2011";"14";172;210.9;6.10;5.25;0.85;""
"";"Lyr";"67309";"18 44 20 +39 40 14";"STFA 37 BD";"2021";"12";171;212.5;6.10;5.38;0.72;""
"";"Lyr";"67309";"18 44 20 +39 40 14";"STFA 37 BI";"2015";"10";137;151.3;6.10;10.12;4.02;""
"";"Lyr";"67315";"18 44 23 +39 36 46";"STFA 37 CI";"2023";"19";36;120.3;5.25;10.12;4.87;""
"";"Lyr";"67315";"18 44 23 +39 36 46";"STFA 37 DI";"2000";"6";37;121.6;5.38;10.12;4.74;""
"";"Lyr";"";"18 44 20 +39 37 43";"STFA 37 EI";"2015";"7";68;108.9;12.30;10.12;2.18;""
"Zet1 Lyr";"Lyr";"67321";"18 44 46 +37 36 18";"STFA 38 AD";"2021";"116";150;43.9;4.34;5.62;1.28;""
"Sheliak";"Lyr";"67451";"18 50 05 +33 21 46";"STFA 39 AB";"2023";"120";148;45.5;3.63;6.69;3.06;""
"24 Aql";"Aql";"124492";"19 18 51 +00 20 20";"STFA 40 AB";"2015";"32";316;423.5;6.52;6.78;0.26;""
"";"Aql";"124492";"19 18 51 +00 20 20";"STFA 40 AC";"2015";"6";163;49.5;6.52;13.17;6.65;""
"";"Aql";"124486";"19 18 31 +00 25 24";"STFA 40 BD";"2015";"11";298;60.4;6.78;11.56;4.78;""
"2 Sge";"Sge";"104797";"19 24 22 +16 56 16";"STFA 41 AB";"2016";"33";78;342.3;6.26;6.86;0.60;""
"Anser";"Vul";"87261";"19 28 42 +24 39 54";"STFA 42";"2016";"32";28;427.7;4.61;5.93;1.32;""
"Albireo";"Cyg";"87301";"19 30 43 +27 57 35";"STFA 43 AB";"2024";"295";54;34.7;3.19;4.68;1.49;""
"HD 184936";"Dra";"18395";"19 33 10 +60 09 31";"STFA 44";"2022";"44";287;75.8;6.47;8.19;1.72;""
"HD 186158";"Aql";"143722";"19 43 03 -08 18 26";"STFA 45 AB";"2018";"43";145;96.3;7.11;7.56;0.45;""
"16 Cyg";"Cyg";"31898";"19 41 49 +50 31 32";"STFA 46 AB";"2024";"593";133;39.8;6.00;6.23;0.23;""
"HD 188211";"Vul";"87874";"19 53 23 +20 20 14";"STFA 48 AB";"2019";"67";147;41.7;7.14;7.34;0.20;""
"Omi1 Cyg";"Cyg";"49337";"20 13 38 +46 44 29";"STFA 50 AC";"2023";"47";173;106.7;3.93;6.97;3.04;""
"";"Cyg";"49337";"20 13 38 +46 44 29";"STFA 50 AD";"2016";"38";322;336.7;3.93;4.83;0.90;""
"";"Cap";"163427";"20 18 03 -12 32 41";"STFA 51 AE";"2016";"48";290;381.2;3.66;4.34;0.68;""
"Dabih";"Cap";"163481";"20 21 01 -14 46 53";"STFA 52 AB";"2016";"42";266;205.2;3.15;6.08;2.93;""
"";"Cap";"163481";"20 21 01 -14 46 53";"STFA 52 AC";"2012";"11";133;226.1;3.15;8.83;5.68;""
"";"Cap";"163471";"20 20 47 -14 47 06";"STFA 52 BC";"2015";"14";111;396.5;6.08;8.83;2.75;""
"48 Cyg";"Cyg";"70287";"20 37 32 +31 34 21";"STFA 53 AB";"2012";"35";177;182.7;6.29;6.54;0.25;""
"";"Cyg";"70287";"20 37 32 +31 34 21";"STFA 53 AC";"2015";"4";0;71.3;6.29;13.52;7.23;""
"";"Equ";"126593";"21 10 20 +10 07 55";"STFA 54 AD";"2016";"27";152;335.0;4.70;6.06;1.36;""
"HD 203857";"Cyg";"71280";"21 23 48 +37 21 05";"STFA 55 AB";"2012";"30";304;364.1;6.61;6.61;0.00;""
"";"Cyg";"71280";"21 23 48 +37 21 05";"STFA 55 AC";"2015";"8";154;178.3;6.61;11.08;4.47;""
"";"Cyg";"71280";"21 23 48 +37 21 05";"STFA 55 AF";"2015";"5";201;22.8;6.61;14.80;8.19;""
"";"Cyg";"";"21 23 55 +37 18 25";"STFA 55 CD";"2015";"7";183;12.8;11.08;14.80;3.72;""
"";"Cyg";"";"21 23 55 +37 18 25";"STFA 55 CE";"2015";"7";320;17.7;11.08;13.70;2.62;""
"3 Peg";"Peg";"126940";"21 37 44 +06 37 06";"STFA 56 AB";"2020";"79";349;38.7;6.18;7.50;1.32;""
"";"Peg";"126940";"21 37 44 +06 37 06";"STFA 56 AC";"2015";"6";121;85.1;6.18;13.93;7.75;""
"HD 205741";"Cep";"19510";"21 34 26 +66 43 36";"STFA 57 AB";"2016";"30";25;183.1;7.07;7.18;0.11;""
"";"Cep";"19510";"21 34 26 +66 43 36";"STFA 57 AC";"2015";"9";346;126.1;7.07;11.90;4.83;""
"Del Cep";"Cep";"34508";"22 29 10 +58 24 55";"STFA 58 AC";"2018";"98";191;41.0;4.21;6.11;1.90;""
"83 Aqr";"Aqr";"146498";"23 05 10 -07 41 38";"STFA 59 AB,C";"2012";"27";149;257.6;5.47;7.21;1.74;""
"HD 221670";"Cas";"20701";"23 33 36 +60 28 07";"STFA 60 AB";"2012";"31";209;231.1;7.46;7.28;0.18;""
"";"Cas";"20701";"23 33 36 +60 28 07";"STFA 60 AC";"2015";"15";137;133.6;7.46;10.25;2.79;""
"";"Cas";"20699";"23 33 21 +60 24 39";"STFA 60 BD";"2014";"6";303;89.0;7.28;12.76;5.48;""
"Aldebaran";"Tau";"94027";"04 35 55 +16 30 34";"STFB 2 AC";"2023";"39";32;136.3;0.85;11.30;10.45;""
"";"Aur";"40233";"05 19 08 +40 06 57";"STFB 3 AB";"1999";"2";310;106.2;4.76;13.97;9.21;""
"";"Aur";"40233";"05 19 08 +40 06 57";"STFB 3 AC";"1999";"7";299;86.7;4.76;13.26;8.50;""
"Lam Aur";"Aur";"40233";"05 19 08 +40 06 57";"STFB 3 AD";"2015";"31";349;213.1;4.76;9.70;4.94;""
"";"Gem";"79666";"07 45 19 +28 01 34";"STFB 5 AF";"2013";"25";79;313.5;1.33;10.51;9.18;""
"Regulus";"Leo";"98967";"10 08 22 +11 58 02";"STFB 6 AB";"2023";"69";308;175.9;1.40;8.24;6.84;""
"93 Leo";"Leo";"81998";"11 47 59 +20 13 08";"STFB 7 AB";"2023";"36";356;74.4;4.59;9.03;4.44;""
"Eta Ser";"Ser";"142241";"18 21 19 -02 53 56";"STFB 8";"2010";"25";54;251.4;3.34;10.87;7.53;""
"";"Lyr";"67174";"18 36 56 +38 47 01";"STFB 9 AC";"2023";"8";252;79.4;0.09;11.00;10.91;""
"";"Lyr";"67174";"18 36 56 +38 47 01";"STFB 9 AE";"2024";"28";39;83.1;0.09;9.50;9.41;""
"";"Lyr";"";"18 36 50 +38 46 39";"STFB 9 CD";"2012";"3";28;23.5;11.00;"";"";""
"Altair";"Aql";"125122";"19 50 47 +08 52 06";"STFB 10 AB";"2015";"42";286;195.8;0.95;9.82;8.87;""
"";"Aql";"125122";"19 50 47 +08 52 06";"STFB 10 AC";"2015";"15";110;186.4;0.95;10.30;9.35;""
"1 Peg";"Peg";"107073";"21 22 05 +19 48 16";"STFB 11 AB";"2020";"85";313;36.6;4.20;9.30;5.10;""
"";"Peg";"107073";"21 22 05 +19 48 16";"STFB 11 AC";"2017";"8";13;64.3;4.20;12.90;8.70;""
"Psi1 Aqr";"Aqr";"146598";"23 15 54 -09 05 16";"STFB 12 A,BC";"2016";"55";312;49.3;4.36;9.88;5.52;""
